ASSERTION	AAEDAAEDAQAAAAAAAEB/QA==
ASSERTION	AAECAAMBAAAAAAAAAPA/
ASSERTION	AAEEBAAAAAAAAABJQA==
ASSERTION	AAEBAAIEAAAAAAAAavhA
ASSERTION	AAMAAQRTcGluAwABBQAAAAAAAMBXQAEAAAAAAAAAiUA=
ASSERTION	AAMAAQRTcGluAgADAQAAAAAAAADgPw==
ASSERTION	AAMAAQRKb2luAgADAQAAAAAAAADgPw==
RUN	com.rgp.loadtest.naga777.grpc.Naga777GrpcSimulation	naga777grpcsimulation	1788492331877	 	3.9.5
USER	naga777-grpc-player-journey	START	1788492332007
REQUEST		Join	1788492332018	1788492332036	OK	 
REQUEST		Spin	1788492332040	1788492332051	OK	 
REQUEST		Spin	1788492332052	1788492332062	OK	 
USER	naga777-grpc-player-journey	START	1788492332341
REQUEST		Join	1788492332341	1788492332357	OK	 
REQUEST		Spin	1788492332357	1788492332370	OK	 
REQUEST		Spin	1788492332370	1788492332382	OK	 
USER	naga777-grpc-player-journey	START	1788492332674
REQUEST		Join	1788492332675	1788492332690	OK	 
REQUEST		Spin	1788492332690	1788492332701	OK	 
REQUEST		Spin	1788492332702	1788492332713	OK	 
USER	naga777-grpc-player-journey	START	1788492333017
REQUEST		Join	1788492333017	1788492333033	OK	 
REQUEST		Spin	1788492333033	1788492333047	OK	 
REQUEST		Spin	1788492333047	1788492333057	OK	 
USER	naga777-grpc-player-journey	START	1788492333351
REQUEST		Join	1788492333351	1788492333366	OK	 
REQUEST		Spin	1788492333366	1788492333376	OK	 
REQUEST		Spin	1788492333377	1788492333389	OK	 
USER	naga777-grpc-player-journey	START	1788492333684
REQUEST		Join	1788492333684	1788492333709	OK	 
REQUEST		Spin	1788492333710	1788492333740	OK	 
REQUEST		Spin	1788492333740	1788492333756	OK	 
USER	naga777-grpc-player-journey	START	1788492334016
REQUEST		Join	1788492334016	1788492334024	OK	 
REQUEST		Spin	1788492334025	1788492334036	OK	 
REQUEST		Spin	1788492334036	1788492334047	OK	 
USER	naga777-grpc-player-journey	START	1788492334267
REQUEST		Join	1788492334267	1788492334279	OK	 
REQUEST		Spin	1788492334280	1788492334291	OK	 
REQUEST		Spin	1788492334291	1788492334301	OK	 
USER	naga777-grpc-player-journey	START	1788492334522
REQUEST		Join	1788492334525	1788492334551	OK	 
REQUEST		Spin	1788492334551	1788492334565	OK	 
REQUEST		Spin	1788492334565	1788492334576	OK	 
USER	naga777-grpc-player-journey	START	1788492334769
REQUEST		Join	1788492334770	1788492334786	OK	 
REQUEST		Spin	1788492334787	1788492334801	OK	 
REQUEST		Spin	1788492334802	1788492334825	OK	 
USER	naga777-grpc-player-journey	START	1788492335015
REQUEST		Join	1788492335016	1788492335033	OK	 
REQUEST		Spin	1788492335034	1788492335045	OK	 
REQUEST		Spin	1788492335045	1788492335060	OK	 
USER	naga777-grpc-player-journey	START	1788492335349
REQUEST		Join	1788492335350	1788492335364	OK	 
REQUEST		Spin	1788492335365	1788492335379	OK	 
REQUEST		Spin	1788492335379	1788492335390	OK	 
USER	naga777-grpc-player-journey	START	1788492335683
REQUEST		Join	1788492335684	1788492335699	OK	 
REQUEST		Spin	1788492335700	1788492335715	OK	 
REQUEST		Spin	1788492335716	1788492335727	OK	 
USER	naga777-grpc-player-journey	START	1788492336016
REQUEST		Join	1788492336016	1788492336028	OK	 
REQUEST		Spin	1788492336028	1788492336039	OK	 
REQUEST		Spin	1788492336040	1788492336048	OK	 
USER	naga777-grpc-player-journey	START	1788492336350
REQUEST		Join	1788492336351	1788492336366	OK	 
REQUEST		Spin	1788492336366	1788492336377	OK	 
REQUEST		Spin	1788492336378	1788492336392	OK	 
USER	naga777-grpc-player-journey	START	1788492336683
REQUEST		Join	1788492336683	1788492336698	OK	 
REQUEST		Spin	1788492336699	1788492336713	OK	 
REQUEST		Spin	1788492336714	1788492336726	OK	 
USER	naga777-grpc-player-journey	START	1788492337015
REQUEST		Join	1788492337015	1788492337030	OK	 
REQUEST		Spin	1788492337030	1788492337041	OK	 
REQUEST		Spin	1788492337042	1788492337052	OK	 
REQUEST		Spin	1788492337053	1788492337066	OK	 
USER	naga777-grpc-player-journey	START	1788492337266
REQUEST		Join	1788492337268	1788492337283	OK	 
REQUEST		Spin	1788492337283	1788492337296	OK	 
REQUEST		Spin	1788492337297	1788492337309	OK	 
REQUEST		Spin	1788492337372	1788492337382	OK	 
USER	naga777-grpc-player-journey	START	1788492337516
REQUEST		Join	1788492337517	1788492337529	OK	 
REQUEST		Spin	1788492337529	1788492337538	OK	 
REQUEST		Spin	1788492337539	1788492337548	OK	 
REQUEST		Spin	1788492337703	1788492337722	OK	 
USER	naga777-grpc-player-journey	START	1788492337769
REQUEST		Join	1788492337769	1788492337784	OK	 
REQUEST		Spin	1788492337785	1788492337797	OK	 
REQUEST		Spin	1788492337798	1788492337812	OK	 
USER	naga777-grpc-player-journey	START	1788492338016
REQUEST		Join	1788492338017	1788492338031	OK	 
REQUEST		Spin	1788492338032	1788492338043	OK	 
REQUEST		Spin	1788492338044	1788492338054	OK	 
REQUEST		Spin	1788492338048	1788492338061	OK	 
USER	naga777-grpc-player-journey	START	1788492338351
REQUEST		Join	1788492338351	1788492338371	OK	 
REQUEST		Spin	1788492338372	1788492338389	OK	 
REQUEST		Spin	1788492338377	1788492338393	OK	 
REQUEST		Spin	1788492338390	1788492338401	OK	 
USER	naga777-grpc-player-journey	START	1788492338683
REQUEST		Join	1788492338683	1788492338702	OK	 
REQUEST		Spin	1788492338724	1788492338751	OK	 
REQUEST		Spin	1788492338742	1788492338761	OK	 
REQUEST		Spin	1788492338752	1788492338769	OK	 
USER	naga777-grpc-player-journey	START	1788492339015
REQUEST		Join	1788492339016	1788492339025	OK	 
REQUEST		Spin	1788492339026	1788492339041	OK	 
REQUEST		Spin	1788492339042	1788492339062	OK	 
REQUEST		Spin	1788492339038	1788492339065	OK	 
REQUEST		Spin	1788492339293	1788492339305	OK	 
USER	naga777-grpc-player-journey	START	1788492339349
REQUEST		Join	1788492339350	1788492339358	OK	 
REQUEST		Spin	1788492339358	1788492339372	OK	 
REQUEST		Spin	1788492339372	1788492339382	OK	 
REQUEST		Spin	1788492339566	1788492339584	OK	 
USER	naga777-grpc-player-journey	START	1788492339683
REQUEST		Join	1788492339683	1788492339696	OK	 
REQUEST		Spin	1788492339697	1788492339706	OK	 
REQUEST		Spin	1788492339707	1788492339716	OK	 
REQUEST		Spin	1788492339803	1788492339818	OK	 
USER	naga777-grpc-player-journey	START	1788492340016
REQUEST		Join	1788492340016	1788492340027	OK	 
REQUEST		Spin	1788492340028	1788492340045	OK	 
REQUEST		Spin	1788492340046	1788492340066	OK	 
REQUEST		Spin	1788492340046	1788492340066	OK	 
USER	naga777-grpc-player-journey	START	1788492340267
REQUEST		Join	1788492340267	1788492340275	OK	 
REQUEST		Spin	1788492340276	1788492340286	OK	 
REQUEST		Spin	1788492340287	1788492340299	OK	 
REQUEST		Spin	1788492340381	1788492340393	OK	 
USER	naga777-grpc-player-journey	START	1788492340517
REQUEST		Join	1788492340517	1788492340531	OK	 
REQUEST		Spin	1788492340532	1788492340542	OK	 
REQUEST		Spin	1788492340543	1788492340553	OK	 
REQUEST		Spin	1788492340716	1788492340733	OK	 
USER	naga777-grpc-player-journey	START	1788492340767
REQUEST		Join	1788492340768	1788492340778	OK	 
REQUEST		Spin	1788492340778	1788492340790	OK	 
REQUEST		Spin	1788492340790	1788492340801	OK	 
USER	naga777-grpc-player-journey	START	1788492341014
REQUEST		Join	1788492341015	1788492341028	OK	 
REQUEST		Spin	1788492341029	1788492341039	OK	 
REQUEST		Spin	1788492341041	1788492341051	OK	 
REQUEST		Spin	1788492341040	1788492341051	OK	 
USER	naga777-grpc-player-journey	START	1788492341348
REQUEST		Join	1788492341349	1788492341364	OK	 
REQUEST		Spin	1788492341364	1788492341390	OK	 
REQUEST		Spin	1788492341379	1788492341401	OK	 
REQUEST		Spin	1788492341391	1788492341406	OK	 
USER	naga777-grpc-player-journey	START	1788492341682
REQUEST		Join	1788492341682	1788492341702	OK	 
REQUEST		Spin	1788492341703	1788492341716	OK	 
REQUEST		Spin	1788492341715	1788492341728	OK	 
REQUEST		Spin	1788492341716	1788492341728	OK	 
USER	naga777-grpc-player-journey	START	1788492342016
REQUEST		Join	1788492342016	1788492342030	OK	 
REQUEST		Spin	1788492342030	1788492342044	OK	 
REQUEST		Spin	1788492342043	1788492342057	OK	 
REQUEST		Spin	1788492342044	1788492342057	OK	 
REQUEST		Spin	1788492342056	1788492342067	OK	 
REQUEST		Spin	1788492342296	1788492342319	OK	 
USER	naga777-grpc-player-journey	START	1788492342350
REQUEST		Join	1788492342351	1788492342362	OK	 
REQUEST		Spin	1788492342362	1788492342375	OK	 
REQUEST		Spin	1788492342375	1788492342385	OK	 
REQUEST		Spin	1788492342374	1788492342385	OK	 
REQUEST		Spin	1788492342540	1788492342559	OK	 
USER	naga777-grpc-player-journey	START	1788492342683
REQUEST		Join	1788492342683	1788492342699	OK	 
REQUEST		Spin	1788492342699	1788492342713	OK	 
REQUEST		Spin	1788492342705	1788492342720	OK	 
REQUEST		Spin	1788492342713	1788492342725	OK	 
REQUEST		Spin	1788492342798	1788492342807	OK	 
USER	naga777-grpc-player-journey	START	1788492343016
REQUEST		Join	1788492343016	1788492343029	OK	 
REQUEST		Spin	1788492343030	1788492343042	OK	 
REQUEST		Spin	1788492343043	1788492343057	OK	 
REQUEST		Spin	1788492343043	1788492343057	OK	 
REQUEST		Spin	1788492343050	1788492343065	OK	 
USER	naga777-grpc-player-journey	START	1788492343267
REQUEST		Join	1788492343268	1788492343282	OK	 
REQUEST		Spin	1788492343283	1788492343308	OK	 
REQUEST		Spin	1788492343309	1788492343323	OK	 
REQUEST		Spin	1788492343379	1788492343392	OK	 
REQUEST		Spin	1788492343391	1788492343402	OK	 
USER	naga777-grpc-player-journey	START	1788492343517
REQUEST		Join	1788492343517	1788492343532	OK	 
REQUEST		Spin	1788492343533	1788492343546	OK	 
REQUEST		Spin	1788492343547	1788492343558	OK	 
REQUEST		Spin	1788492343743	1788492343765	OK	 
USER	naga777-grpc-player-journey	START	1788492343767
REQUEST		Spin	1788492343753	1788492343768	OK	 
REQUEST		Join	1788492343767	1788492343779	OK	 
REQUEST		Spin	1788492343780	1788492343793	OK	 
REQUEST		Spin	1788492343793	1788492343806	OK	 
USER	naga777-grpc-player-journey	START	1788492344018
REQUEST		Join	1788492344021	1788492344044	OK	 
REQUEST		Spin	1788492344039	1788492344063	OK	 
REQUEST		Spin	1788492344044	1788492344064	OK	 
REQUEST		Spin	1788492344045	1788492344065	OK	 
REQUEST		Spin	1788492344066	1788492344080	OK	 
REQUEST		Spin	1788492344294	1788492344318	OK	 
USER	naga777-grpc-player-journey	START	1788492344352
REQUEST		Join	1788492344352	1788492344364	OK	 
REQUEST		Spin	1788492344365	1788492344378	OK	 
REQUEST		Spin	1788492344374	1788492344388	OK	 
REQUEST		Spin	1788492344379	1788492344394	OK	 
REQUEST		Spin	1788492344567	1788492344605	OK	 
USER	naga777-grpc-player-journey	START	1788492344687
REQUEST		Join	1788492344688	1788492344699	OK	 
REQUEST		Spin	1788492344699	1788492344713	OK	 
REQUEST		Spin	1788492344709	1788492344723	OK	 
REQUEST		Spin	1788492344714	1788492344724	OK	 
REQUEST		Spin	1788492344805	1788492344819	OK	 
USER	naga777-grpc-player-journey	START	1788492345016
REQUEST		Join	1788492345016	1788492345034	OK	 
REQUEST		Spin	1788492345035	1788492345047	OK	 
REQUEST		Spin	1788492345047	1788492345060	OK	 
REQUEST		Spin	1788492345047	1788492345060	OK	 
REQUEST		Spin	1788492345047	1788492345061	OK	 
REQUEST		Spin	1788492345289	1788492345306	OK	 
USER	naga777-grpc-player-journey	START	1788492345350
REQUEST		Join	1788492345351	1788492345363	OK	 
REQUEST		Spin	1788492345363	1788492345376	OK	 
REQUEST		Spin	1788492345376	1788492345384	OK	 
REQUEST		Spin	1788492345382	1788492345389	OK	 
REQUEST		Spin	1788492345545	1788492345559	OK	 
USER	naga777-grpc-player-journey	START	1788492345683
REQUEST		Join	1788492345684	1788492345700	OK	 
REQUEST		Spin	1788492345700	1788492345717	OK	 
REQUEST		Spin	1788492345718	1788492345731	OK	 
REQUEST		Spin	1788492345717	1788492345732	OK	 
REQUEST		Spin	1788492345792	1788492345802	OK	 
USER	naga777-grpc-player-journey	START	1788492346016
REQUEST		Join	1788492346016	1788492346035	OK	 
REQUEST		Spin	1788492346035	1788492346056	OK	 
REQUEST		Spin	1788492346042	1788492346057	OK	 
REQUEST		Spin	1788492346042	1788492346058	OK	 
REQUEST		Spin	1788492346057	1788492346068	OK	 
USER	naga777-grpc-player-journey	START	1788492346268
REQUEST		Join	1788492346268	1788492346284	OK	 
REQUEST		Spin	1788492346285	1788492346300	OK	 
REQUEST		Spin	1788492346300	1788492346313	OK	 
REQUEST		Spin	1788492346380	1788492346393	OK	 
REQUEST		Spin	1788492346393	1788492346404	OK	 
USER	naga777-grpc-player-journey	START	1788492346518
REQUEST		Join	1788492346519	1788492346543	OK	 
REQUEST		Spin	1788492346543	1788492346555	OK	 
REQUEST		Spin	1788492346555	1788492346565	OK	 
REQUEST		Spin	1788492346717	1788492346728	OK	 
REQUEST		Spin	1788492346718	1788492346728	OK	 
USER	naga777-grpc-player-journey	START	1788492346767
REQUEST		Join	1788492346768	1788492346775	OK	 
REQUEST		Spin	1788492346775	1788492346785	OK	 
REQUEST		Spin	1788492346785	1788492346795	OK	 
USER	naga777-grpc-player-journey	START	1788492347022
REQUEST		Join	1788492347022	1788492347033	OK	 
REQUEST		Spin	1788492347034	1788492347045	OK	 
REQUEST		Spin	1788492347045	1788492347057	OK	 
REQUEST		Spin	1788492347045	1788492347059	OK	 
REQUEST		Spin	1788492347045	1788492347059	OK	 
REQUEST		Spin	1788492347057	1788492347068	OK	 
REQUEST		Spin	1788492347298	1788492347319	OK	 
USER	naga777-grpc-player-journey	START	1788492347356
REQUEST		Join	1788492347357	1788492347367	OK	 
REQUEST		Spin	1788492347368	1788492347379	OK	 
REQUEST		Spin	1788492347375	1788492347389	OK	 
REQUEST		Spin	1788492347377	1788492347391	OK	 
REQUEST		Spin	1788492347379	1788492347393	OK	 
REQUEST		Spin	1788492347540	1788492347564	OK	 
USER	naga777-grpc-player-journey	START	1788492347690
REQUEST		Join	1788492347690	1788492347711	OK	 
REQUEST		Spin	1788492347706	1788492347722	OK	 
REQUEST		Spin	1788492347715	1788492347728	OK	 
REQUEST		Spin	1788492347712	1788492347734	OK	 
REQUEST		Spin	1788492347734	1788492347743	OK	 
REQUEST		Spin	1788492347798	1788492347809	OK	 
USER	naga777-grpc-player-journey	START	1788492348017
REQUEST		Join	1788492348018	1788492348033	OK	 
REQUEST		Spin	1788492348034	1788492348047	OK	 
REQUEST		Spin	1788492348045	1788492348058	OK	 
REQUEST		Spin	1788492348045	1788492348059	OK	 
REQUEST		Spin	1788492348047	1788492348060	OK	 
REQUEST		Spin	1788492348051	1788492348065	OK	 
REQUEST		Spin	1788492348312	1788492348332	OK	 
USER	naga777-grpc-player-journey	START	1788492348349
REQUEST		Join	1788492348350	1788492348360	OK	 
REQUEST		Spin	1788492348361	1788492348372	OK	 
REQUEST		Spin	1788492348373	1788492348384	OK	 
REQUEST		Spin	1788492348380	1788492348391	OK	 
REQUEST		Spin	1788492348392	1788492348401	OK	 
REQUEST		Spin	1788492348548	1788492348568	OK	 
USER	naga777-grpc-player-journey	START	1788492348682
REQUEST		Join	1788492348683	1788492348696	OK	 
REQUEST		Spin	1788492348696	1788492348706	OK	 
REQUEST		Spin	1788492348706	1788492348716	OK	 
REQUEST		Spin	1788492348744	1788492348764	OK	 
REQUEST		Spin	1788492348754	1788492348767	OK	 
REQUEST		Spin	1788492348795	1788492348805	OK	 
USER	naga777-grpc-player-journey	START	1788492349017
REQUEST		Join	1788492349017	1788492349033	OK	 
REQUEST		Spin	1788492349033	1788492349048	OK	 
REQUEST		Spin	1788492349040	1788492349053	OK	 
REQUEST		Spin	1788492349045	1788492349057	OK	 
REQUEST		Spin	1788492349048	1788492349061	OK	 
REQUEST		Spin	1788492349068	1788492349079	OK	 
USER	naga777-grpc-player-journey	START	1788492349268
REQUEST		Join	1788492349268	1788492349281	OK	 
REQUEST		Spin	1788492349282	1788492349295	OK	 
REQUEST		Spin	1788492349296	1788492349306	OK	 
REQUEST		Spin	1788492349296	1788492349306	OK	 
REQUEST		Spin	1788492349374	1788492349391	OK	 
REQUEST		Spin	1788492349379	1788492349394	OK	 
USER	naga777-grpc-player-journey	START	1788492349518
REQUEST		Join	1788492349519	1788492349528	OK	 
REQUEST		Spin	1788492349528	1788492349539	OK	 
REQUEST		Spin	1788492349540	1788492349555	OK	 
REQUEST		Spin	1788492349568	1788492349578	OK	 
REQUEST		Spin	1788492349710	1788492349720	OK	 
REQUEST		Spin	1788492349715	1788492349724	OK	 
USER	naga777-grpc-player-journey	START	1788492349769
REQUEST		Join	1788492349769	1788492349777	OK	 
REQUEST		Spin	1788492349778	1788492349788	OK	 
REQUEST		Spin	1788492349789	1788492349799	OK	 
REQUEST		Spin	1788492349807	1788492349817	OK	 
USER	naga777-grpc-player-journey	START	1788492350016
REQUEST		Join	1788492350016	1788492350025	OK	 
REQUEST		Spin	1788492350025	1788492350036	OK	 
REQUEST		Spin	1788492350036	1788492350046	OK	 
REQUEST		Spin	1788492350049	1788492350059	OK	 
REQUEST		Spin	1788492350049	1788492350059	OK	 
REQUEST		Spin	1788492350049	1788492350060	OK	 
REQUEST		Spin	1788492350290	1788492350308	OK	 
USER	naga777-grpc-player-journey	START	1788492350351
REQUEST		Join	1788492350353	1788492350367	OK	 
REQUEST		Spin	1788492350367	1788492350380	OK	 
REQUEST		Spin	1788492350378	1788492350390	OK	 
REQUEST		Spin	1788492350381	1788492350392	OK	 
REQUEST		Spin	1788492350383	1788492350394	OK	 
REQUEST		Spin	1788492350547	1788492350567	OK	 
USER	naga777-grpc-player-journey	START	1788492350683
REQUEST		Join	1788492350683	1788492350693	OK	 
REQUEST		Spin	1788492350693	1788492350704	OK	 
REQUEST		Spin	1788492350704	1788492350714	OK	 
REQUEST		Spin	1788492350719	1788492350728	OK	 
REQUEST		Spin	1788492350718	1788492350728	OK	 
REQUEST		Spin	1788492350794	1788492350809	OK	 
USER	naga777-grpc-player-journey	START	1788492351017
REQUEST		Join	1788492351018	1788492351041	OK	 
REQUEST		Spin	1788492351042	1788492351059	OK	 
REQUEST		Spin	1788492351044	1788492351059	OK	 
REQUEST		Spin	1788492351044	1788492351059	OK	 
REQUEST		Spin	1788492351059	1788492351071	OK	 
REQUEST		Spin	1788492351058	1788492351072	OK	 
REQUEST		Spin	1788492351302	1788492351322	OK	 
USER	naga777-grpc-player-journey	START	1788492351352
REQUEST		Join	1788492351352	1788492351364	OK	 
REQUEST		Spin	1788492351365	1788492351381	OK	 
REQUEST		Spin	1788492351382	1788492351397	OK	 
REQUEST		Spin	1788492351382	1788492351397	OK	 
REQUEST		Spin	1788492351394	1788492351405	OK	 
REQUEST		Spin	1788492351557	1788492351574	OK	 
USER	naga777-grpc-player-journey	START	1788492351685
REQUEST		Join	1788492351685	1788492351701	OK	 
REQUEST		Spin	1788492351702	1788492351715	OK	 
REQUEST		Spin	1788492351716	1788492351727	OK	 
REQUEST		Spin	1788492351719	1788492351730	OK	 
REQUEST		Spin	1788492351719	1788492351730	OK	 
REQUEST		Spin	1788492351787	1788492351801	OK	 
USER	naga777-grpc-player-journey	START	1788492352020
REQUEST		Join	1788492352020	1788492352035	OK	 
REQUEST		Spin	1788492352035	1788492352054	OK	 
REQUEST		Spin	1788492352047	1788492352060	OK	 
REQUEST		Spin	1788492352046	1788492352061	OK	 
REQUEST		Spin	1788492352046	1788492352062	OK	 
REQUEST		Spin	1788492352054	1788492352065	OK	 
REQUEST		Spin	1788492352057	1788492352067	OK	 
USER	naga777-grpc-player-journey	START	1788492352271
REQUEST		Join	1788492352271	1788492352289	OK	 
REQUEST		Spin	1788492352290	1788492352307	OK	 
REQUEST		Spin	1788492352298	1788492352311	OK	 
REQUEST		Spin	1788492352308	1788492352318	OK	 
REQUEST		Spin	1788492352376	1788492352390	OK	 
REQUEST		Spin	1788492352378	1788492352390	OK	 
REQUEST		Spin	1788492352381	1788492352393	OK	 
USER	naga777-grpc-player-journey	START	1788492352521
REQUEST		Join	1788492352521	1788492352534	OK	 
REQUEST		Spin	1788492352534	1788492352547	OK	 
REQUEST		Spin	1788492352542	1788492352552	OK	 
REQUEST		Spin	1788492352548	1788492352558	OK	 
REQUEST		Spin	1788492352708	1788492352728	OK	 
REQUEST		Spin	1788492352717	1788492352728	OK	 
REQUEST		Spin	1788492352735	1788492352746	OK	 
USER	naga777-grpc-player-journey	START	1788492352771
REQUEST		Join	1788492352771	1788492352780	OK	 
REQUEST		Spin	1788492352780	1788492352793	OK	 
REQUEST		Spin	1788492352793	1788492352803	OK	 
REQUEST		Spin	1788492352800	1788492352811	OK	 
USER	naga777-grpc-player-journey	START	1788492353015
REQUEST		Join	1788492353015	1788492353038	OK	 
REQUEST		Spin	1788492353039	1788492353057	OK	 
REQUEST		Spin	1788492353045	1788492353064	OK	 
REQUEST		Spin	1788492353045	1788492353065	OK	 
REQUEST		Spin	1788492353049	1788492353068	OK	 
REQUEST		Spin	1788492353053	1788492353073	OK	 
REQUEST		Spin	1788492353057	1788492353073	OK	 
REQUEST		Spin	1788492353313	1788492353332	OK	 
USER	naga777-grpc-player-journey	START	1788492353349
REQUEST		Join	1788492353349	1788492353358	OK	 
REQUEST		Spin	1788492353359	1788492353371	OK	 
REQUEST		Spin	1788492353372	1788492353383	OK	 
REQUEST		Spin	1788492353375	1788492353386	OK	 
REQUEST		Spin	1788492353382	1788492353391	OK	 
REQUEST		Spin	1788492353391	1788492353401	OK	 
REQUEST		Spin	1788492353550	1788492353569	OK	 
USER	naga777-grpc-player-journey	START	1788492353682
REQUEST		Join	1788492353682	1788492353697	OK	 
REQUEST		Spin	1788492353698	1788492353709	OK	 
REQUEST		Spin	1788492353710	1788492353720	OK	 
REQUEST		Spin	1788492353708	1788492353720	OK	 
REQUEST		Spin	1788492353746	1788492353758	OK	 
REQUEST		Spin	1788492353756	1788492353766	OK	 
REQUEST		Spin	1788492353797	1788492353808	OK	 
USER	naga777-grpc-player-journey	START	1788492354015
REQUEST		Join	1788492354016	1788492354035	OK	 
REQUEST		Spin	1788492354035	1788492354051	OK	 
REQUEST		Spin	1788492354042	1788492354055	OK	 
REQUEST		Spin	1788492354046	1788492354059	OK	 
REQUEST		Spin	1788492354051	1788492354062	OK	 
REQUEST		Spin	1788492354051	1788492354062	OK	 
REQUEST		Spin	1788492354070	1788492354081	OK	 
REQUEST		Spin	1788492354297	1788492354321	OK	 
REQUEST		Spin	1788492354297	1788492354321	OK	 
USER	naga777-grpc-player-journey	START	1788492354349
REQUEST		Join	1788492354353	1788492354363	OK	 
REQUEST		Spin	1788492354364	1788492354378	OK	 
REQUEST		Spin	1788492354376	1788492354389	OK	 
REQUEST		Spin	1788492354378	1788492354389	OK	 
REQUEST		Spin	1788492354381	1788492354393	OK	 
REQUEST		Spin	1788492354541	1788492354558	OK	 
REQUEST		Spin	1788492354570	1788492354584	OK	 
USER	naga777-grpc-player-journey	START	1788492354683
REQUEST		Join	1788492354683	1788492354706	OK	 
REQUEST		Spin	1788492354706	1788492354726	OK	 
REQUEST		Spin	1788492354712	1788492354727	OK	 
REQUEST		Spin	1788492354717	1788492354734	OK	 
REQUEST		Spin	1788492354726	1788492354739	OK	 
REQUEST		Spin	1788492354790	1788492354799	OK	 
REQUEST		Spin	1788492354808	1788492354816	OK	 
USER	naga777-grpc-player-journey	START	1788492355014
REQUEST		Join	1788492355015	1788492355022	OK	 
REQUEST		Spin	1788492355023	1788492355031	OK	 
REQUEST		Spin	1788492355031	1788492355040	OK	 
REQUEST		Spin	1788492355038	1788492355046	OK	 
REQUEST		Spin	1788492355049	1788492355058	OK	 
REQUEST		Spin	1788492355051	1788492355059	OK	 
REQUEST		Spin	1788492355050	1788492355060	OK	 
USER	naga777-grpc-player-journey	START	1788492355265
REQUEST		Join	1788492355266	1788492355277	OK	 
REQUEST		Spin	1788492355278	1788492355289	OK	 
REQUEST		Spin	1788492355289	1788492355298	OK	 
REQUEST		Spin	1788492355289	1788492355299	OK	 
REQUEST		Spin	1788492355380	1788492355394	OK	 
REQUEST		Spin	1788492355382	1788492355394	OK	 
REQUEST		Spin	1788492355385	1788492355397	OK	 
USER	naga777-grpc-player-journey	START	1788492355516
REQUEST		Join	1788492355516	1788492355540	OK	 
REQUEST		Spin	1788492355540	1788492355554	OK	 
REQUEST		Spin	1788492355548	1788492355559	OK	 
REQUEST		Spin	1788492355554	1788492355564	OK	 
REQUEST		Spin	1788492355706	1788492355732	OK	 
REQUEST		Spin	1788492355722	1788492355737	OK	 
REQUEST		Spin	1788492355720	1788492355737	OK	 
USER	naga777-grpc-player-journey	START	1788492355765
REQUEST		Join	1788492355765	1788492355775	OK	 
REQUEST		Spin	1788492355775	1788492355786	OK	 
REQUEST		Spin	1788492355787	1788492355796	OK	 
REQUEST		Spin	1788492355796	1788492355806	OK	 
USER	naga777-grpc-player-journey	START	1788492356016
REQUEST		Join	1788492356017	1788492356036	OK	 
REQUEST		Spin	1788492356036	1788492356051	OK	 
REQUEST		Spin	1788492356045	1788492356059	OK	 
REQUEST		Spin	1788492356045	1788492356059	OK	 
REQUEST		Spin	1788492356051	1788492356063	OK	 
REQUEST		Spin	1788492356060	1788492356070	OK	 
REQUEST		Spin	1788492356060	1788492356070	OK	 
REQUEST		Spin	1788492356302	1788492356326	OK	 
USER	naga777-grpc-player-journey	START	1788492356352
REQUEST		Join	1788492356353	1788492356363	OK	 
REQUEST		Spin	1788492356364	1788492356383	OK	 
REQUEST		Spin	1788492356387	1788492356399	OK	 
REQUEST		Spin	1788492356387	1788492356398	OK	 
REQUEST		Spin	1788492356383	1788492356404	OK	 
REQUEST		Spin	1788492356397	1788492356407	OK	 
REQUEST		Spin	1788492356557	1788492356580	OK	 
USER	naga777-grpc-player-journey	START	1788492356685
REQUEST		Join	1788492356686	1788492356707	OK	 
REQUEST		Spin	1788492356708	1788492356726	OK	 
REQUEST		Spin	1788492356718	1788492356733	OK	 
REQUEST		Spin	1788492356721	1788492356735	OK	 
REQUEST		Spin	1788492356721	1788492356736	OK	 
REQUEST		Spin	1788492356726	1788492356739	OK	 
REQUEST		Spin	1788492356793	1788492356805	OK	 
USER	naga777-grpc-player-journey	START	1788492357015
REQUEST		Join	1788492357016	1788492357031	OK	 
REQUEST		Spin	1788492357031	1788492357043	OK	 
REQUEST		Spin	1788492357044	1788492357058	OK	 
REQUEST		Spin	1788492357047	1788492357060	OK	 
REQUEST		Spin	1788492357048	1788492357060	OK	 
REQUEST		Spin	1788492357048	1788492357064	OK	 
REQUEST		Spin	1788492357056	1788492357073	OK	 
REQUEST		Spin	1788492357058	1788492357076	OK	 
REQUEST		Spin	1788492357299	1788492357316	OK	 
REQUEST		Spin	1788492357310	1788492357322	OK	 
USER	naga777-grpc-player-journey	START	1788492357349
REQUEST		Join	1788492357350	1788492357360	OK	 
REQUEST		Spin	1788492357360	1788492357371	OK	 
REQUEST		Spin	1788492357372	1788492357380	OK	 
REQUEST		Spin	1788492357378	1788492357390	OK	 
REQUEST		Spin	1788492357380	1788492357391	OK	 
REQUEST		Spin	1788492357383	1788492357397	OK	 
REQUEST		Spin	1788492357543	1788492357558	OK	 
REQUEST		Spin	1788492357549	1788492357561	OK	 
USER	naga777-grpc-player-journey	START	1788492357682
REQUEST		Join	1788492357683	1788492357693	OK	 
REQUEST		Spin	1788492357693	1788492357706	OK	 
REQUEST		Spin	1788492357707	1788492357719	OK	 
REQUEST		Spin	1788492357708	1788492357720	OK	 
REQUEST		Spin	1788492357719	1788492357730	OK	 
REQUEST		Spin	1788492357736	1788492357746	OK	 
REQUEST		Spin	1788492357795	1788492357806	OK	 
REQUEST		Spin	1788492357802	1788492357811	OK	 
USER	naga777-grpc-player-journey	START	1788492358015
REQUEST		Join	1788492358015	1788492358034	OK	 
REQUEST		Spin	1788492358035	1788492358048	OK	 
REQUEST		Spin	1788492358047	1788492358057	OK	 
REQUEST		Spin	1788492358046	1788492358058	OK	 
REQUEST		Spin	1788492358048	1788492358059	OK	 
REQUEST		Spin	1788492358050	1788492358063	OK	 
REQUEST		Spin	1788492358054	1788492358064	OK	 
REQUEST		Spin	1788492358058	1788492358071	OK	 
USER	naga777-grpc-player-journey	START	1788492358266
REQUEST		Join	1788492358275	1788492358289	OK	 
REQUEST		Spin	1788492358290	1788492358302	OK	 
REQUEST		Spin	1788492358303	1788492358314	OK	 
REQUEST		Spin	1788492358315	1788492358323	OK	 
REQUEST		Spin	1788492358376	1788492358386	OK	 
REQUEST		Spin	1788492358374	1788492358387	OK	 
REQUEST		Spin	1788492358383	1788492358394	OK	 
REQUEST		Spin	1788492358392	1788492358401	OK	 
USER	naga777-grpc-player-journey	START	1788492358516
REQUEST		Join	1788492358518	1788492358531	OK	 
REQUEST		Spin	1788492358531	1788492358543	OK	 
REQUEST		Spin	1788492358543	1788492358553	OK	 
REQUEST		Spin	1788492358550	1788492358560	OK	 
REQUEST		Spin	1788492358712	1788492358744	OK	 
REQUEST		Spin	1788492358710	1788492358744	OK	 
REQUEST		Spin	1788492358747	1788492358759	OK	 
USER	naga777-grpc-player-journey	START	1788492358766
REQUEST		Spin	1788492358757	1788492358767	OK	 
REQUEST		Join	1788492358766	1788492358772	OK	 
REQUEST		Spin	1788492358772	1788492358783	OK	 
REQUEST		Spin	1788492358783	1788492358791	OK	 
REQUEST		Spin	1788492358798	1788492358811	OK	 
USER	naga777-grpc-player-journey	START	1788492359015
REQUEST		Join	1788492359016	1788492359031	OK	 
REQUEST		Spin	1788492359032	1788492359045	OK	 
REQUEST		Spin	1788492359045	1788492359056	OK	 
REQUEST		Spin	1788492359043	1788492359056	OK	 
REQUEST		Spin	1788492359047	1788492359057	OK	 
REQUEST		Spin	1788492359053	1788492359063	OK	 
REQUEST		Spin	1788492359053	1788492359063	OK	 
REQUEST		Spin	1788492359071	1788492359080	OK	 
REQUEST		Spin	1788492359298	1788492359321	OK	 
REQUEST		Spin	1788492359297	1788492359321	OK	 
USER	naga777-grpc-player-journey	START	1788492359349
REQUEST		Join	1788492359351	1788492359361	OK	 
REQUEST		Spin	1788492359362	1788492359373	OK	 
REQUEST		Spin	1788492359374	1788492359384	OK	 
REQUEST		Spin	1788492359378	1788492359388	OK	 
REQUEST		Spin	1788492359380	1788492359391	OK	 
REQUEST		Spin	1788492359383	1788492359393	OK	 
REQUEST		Spin	1788492359542	1788492359557	OK	 
REQUEST		Spin	1788492359572	1788492359589	OK	 
USER	naga777-grpc-player-journey	START	1788492359682
REQUEST		Join	1788492359683	1788492359701	OK	 
REQUEST		Spin	1788492359703	1788492359718	OK	 
REQUEST		Spin	1788492359713	1788492359725	OK	 
REQUEST		Spin	1788492359719	1788492359729	OK	 
REQUEST		Spin	1788492359719	1788492359729	OK	 
REQUEST		Spin	1788492359727	1788492359736	OK	 
REQUEST		Spin	1788492359792	1788492359802	OK	 
REQUEST		Spin	1788492359809	1788492359819	OK	 
USER	naga777-grpc-player-journey	START	1788492360019
REQUEST		Join	1788492360020	1788492360026	OK	 
REQUEST		Spin	1788492360027	1788492360036	OK	 
REQUEST		Spin	1788492360037	1788492360046	OK	 
REQUEST		Spin	1788492360035	1788492360046	OK	 
REQUEST		Spin	1788492360039	1788492360046	OK	 
REQUEST		Spin	1788492360051	1788492360064	OK	 
REQUEST		Spin	1788492360051	1788492360071	OK	 
REQUEST		Spin	1788492360053	1788492360076	OK	 
REQUEST		Spin	1788492360291	1788492360306	OK	 
REQUEST		Spin	1788492360291	1788492360306	OK	 
USER	naga777-grpc-player-journey	START	1788492360354
REQUEST		Join	1788492360354	1788492360362	OK	 
REQUEST		Spin	1788492360362	1788492360373	OK	 
REQUEST		Spin	1788492360373	1788492360381	OK	 
REQUEST		Spin	1788492360381	1788492360390	OK	 
REQUEST		Spin	1788492360383	1788492360390	OK	 
REQUEST		Spin	1788492360385	1788492360393	OK	 
REQUEST		Spin	1788492360555	1788492360574	OK	 
REQUEST		Spin	1788492360550	1788492360574	OK	 
USER	naga777-grpc-player-journey	START	1788492360685
REQUEST		Join	1788492360686	1788492360700	OK	 
REQUEST		Spin	1788492360700	1788492360714	OK	 
REQUEST		Spin	1788492360708	1788492360720	OK	 
REQUEST		Spin	1788492360714	1788492360726	OK	 
REQUEST		Spin	1788492360723	1788492360734	OK	 
REQUEST		Spin	1788492360724	1788492360736	OK	 
REQUEST		Spin	1788492360788	1788492360798	OK	 
REQUEST		Spin	1788492360798	1788492360807	OK	 
USER	naga777-grpc-player-journey	START	1788492361015
REQUEST		Join	1788492361015	1788492361029	OK	 
REQUEST		Spin	1788492361029	1788492361042	OK	 
REQUEST		Spin	1788492361043	1788492361057	OK	 
REQUEST		Spin	1788492361047	1788492361060	OK	 
REQUEST		Spin	1788492361047	1788492361062	OK	 
REQUEST		Spin	1788492361052	1788492361065	OK	 
REQUEST		Spin	1788492361061	1788492361072	OK	 
REQUEST		Spin	1788492361061	1788492361072	OK	 
USER	naga777-grpc-player-journey	START	1788492361266
REQUEST		Join	1788492361266	1788492361284	OK	 
REQUEST		Spin	1788492361285	1788492361300	OK	 
REQUEST		Spin	1788492361301	1788492361313	OK	 
REQUEST		Spin	1788492361303	1788492361312	OK	 
REQUEST		Spin	1788492361387	1788492361402	OK	 
REQUEST		Spin	1788492361388	1788492361402	OK	 
REQUEST		Spin	1788492361387	1788492361403	OK	 
REQUEST		Spin	1788492361398	1788492361409	OK	 
USER	naga777-grpc-player-journey	START	1788492361515
REQUEST		Join	1788492361515	1788492361532	OK	 
REQUEST		Spin	1788492361533	1788492361556	OK	 
REQUEST		Spin	1788492361556	1788492361571	OK	 
REQUEST		Spin	1788492361559	1788492361572	OK	 
REQUEST		Spin	1788492361720	1788492361731	OK	 
REQUEST		Spin	1788492361721	1788492361731	OK	 
REQUEST		Spin	1788492361721	1788492361733	OK	 
REQUEST		Spin	1788492361728	1788492361739	OK	 
USER	naga777-grpc-player-journey	START	1788492361766
REQUEST		Join	1788492361766	1788492361775	OK	 
REQUEST		Spin	1788492361775	1788492361786	OK	 
REQUEST		Spin	1788492361786	1788492361797	OK	 
REQUEST		Spin	1788492361794	1788492361805	OK	 
USER	naga777-grpc-player-journey	START	1788492362015
REQUEST		Join	1788492362016	1788492362028	OK	 
REQUEST		Spin	1788492362028	1788492362039	OK	 
REQUEST		Spin	1788492362039	1788492362048	OK	 
REQUEST		Spin	1788492362044	1788492362054	OK	 
REQUEST		Spin	1788492362049	1788492362061	OK	 
REQUEST		Spin	1788492362050	1788492362061	OK	 
REQUEST		Spin	1788492362049	1788492362061	OK	 
REQUEST		Spin	1788492362056	1788492362067	OK	 
REQUEST		Spin	1788492362059	1788492362071	OK	 
REQUEST		Spin	1788492362301	1788492362323	OK	 
REQUEST		Spin	1788492362311	1788492362323	OK	 
USER	naga777-grpc-player-journey	START	1788492362349
REQUEST		Join	1788492362349	1788492362357	OK	 
REQUEST		Spin	1788492362358	1788492362367	OK	 
REQUEST		Spin	1788492362367	1788492362376	OK	 
REQUEST		Spin	1788492362372	1788492362381	OK	 
REQUEST		Spin	1788492362379	1788492362388	OK	 
REQUEST		Spin	1788492362382	1788492362393	OK	 
REQUEST		Spin	1788492362385	1788492362393	OK	 
REQUEST		Spin	1788492362545	1788492362565	OK	 
REQUEST		Spin	1788492362549	1788492362565	OK	 
USER	naga777-grpc-player-journey	START	1788492362682
REQUEST		Join	1788492362683	1788492362695	OK	 
REQUEST		Spin	1788492362695	1788492362707	OK	 
REQUEST		Spin	1788492362708	1788492362720	OK	 
REQUEST		Spin	1788492362707	1788492362720	OK	 
REQUEST		Spin	1788492362709	1788492362724	OK	 
REQUEST		Spin	1788492362721	1788492362732	OK	 
REQUEST		Spin	1788492362738	1788492362747	OK	 
REQUEST		Spin	1788492362797	1788492362808	OK	 
REQUEST		Spin	1788492362803	1788492362813	OK	 
USER	naga777-grpc-player-journey	START	1788492363015
REQUEST		Join	1788492363015	1788492363030	OK	 
REQUEST		Spin	1788492363030	1788492363039	OK	 
REQUEST		Spin	1788492363039	1788492363046	OK	 
REQUEST		Spin	1788492363048	1788492363059	OK	 
REQUEST		Spin	1788492363051	1788492363059	OK	 
REQUEST		Spin	1788492363049	1788492363061	OK	 
REQUEST		Spin	1788492363050	1788492363063	OK	 
REQUEST		Spin	1788492363058	1788492363069	OK	 
REQUEST		Spin	1788492363056	1788492363069	OK	 
REQUEST		Spin	1788492363305	1788492363320	OK	 
REQUEST		Spin	1788492363317	1788492363330	OK	 
USER	naga777-grpc-player-journey	START	1788492363351
REQUEST		Join	1788492363351	1788492363359	OK	 
REQUEST		Spin	1788492363359	1788492363369	OK	 
REQUEST		Spin	1788492363370	1788492363383	OK	 
REQUEST		Spin	1788492363374	1788492363386	OK	 
REQUEST		Spin	1788492363376	1788492363387	OK	 
REQUEST		Spin	1788492363383	1788492363395	OK	 
REQUEST		Spin	1788492363394	1788492363406	OK	 
REQUEST		Spin	1788492363545	1788492363560	OK	 
REQUEST		Spin	1788492363552	1788492363565	OK	 
USER	naga777-grpc-player-journey	START	1788492363682
REQUEST		Join	1788492363682	1788492363703	OK	 
REQUEST		Spin	1788492363704	1788492363720	OK	 
REQUEST		Spin	1788492363712	1788492363727	OK	 
REQUEST		Spin	1788492363713	1788492363730	OK	 
REQUEST		Spin	1788492363721	1788492363740	OK	 
REQUEST		Spin	1788492363749	1788492363764	OK	 
REQUEST		Spin	1788492363758	1788492363788	OK	 
REQUEST		Spin	1788492363789	1788492363820	OK	 
REQUEST		Spin	1788492363800	1788492363824	OK	 
USER	naga777-grpc-player-journey	START	1788492364015
REQUEST		Join	1788492364015	1788492364028	OK	 
REQUEST		Spin	1788492364028	1788492364040	OK	 
REQUEST		Spin	1788492364040	1788492364052	OK	 
REQUEST		Spin	1788492364045	1788492364058	OK	 
REQUEST		Spin	1788492364047	1788492364060	OK	 
REQUEST		Spin	1788492364047	1788492364062	OK	 
REQUEST		Spin	1788492364054	1788492364064	OK	 
REQUEST		Spin	1788492364054	1788492364071	OK	 
REQUEST		Spin	1788492364072	1788492364081	OK	 
USER	naga777-grpc-player-journey	START	1788492364266
REQUEST		Join	1788492364269	1788492364277	OK	 
REQUEST		Spin	1788492364277	1788492364287	OK	 
REQUEST		Spin	1788492364287	1788492364296	OK	 
REQUEST		Spin	1788492364299	1788492364310	OK	 
REQUEST		Spin	1788492364299	1788492364310	OK	 
REQUEST		Spin	1788492364375	1788492364387	OK	 
REQUEST		Spin	1788492364378	1788492364389	OK	 
REQUEST		Spin	1788492364382	1788492364393	OK	 
REQUEST		Spin	1788492364384	1788492364394	OK	 
USER	naga777-grpc-player-journey	START	1788492364515
REQUEST		Join	1788492364515	1788492364529	OK	 
REQUEST		Spin	1788492364529	1788492364540	OK	 
REQUEST		Spin	1788492364541	1788492364551	OK	 
REQUEST		Spin	1788492364541	1788492364551	OK	 
REQUEST		Spin	1788492364574	1788492364584	OK	 
REQUEST		Spin	1788492364720	1788492364732	OK	 
REQUEST		Spin	1788492364715	1788492364732	OK	 
REQUEST		Spin	1788492364720	1788492364732	OK	 
REQUEST		Spin	1788492364729	1788492364739	OK	 
USER	naga777-grpc-player-journey	START	1788492364765
REQUEST		Join	1788492364766	1788492364773	OK	 
REQUEST		Spin	1788492364774	1788492364784	OK	 
REQUEST		Spin	1788492364785	1788492364794	OK	 
REQUEST		Spin	1788492364793	1788492364803	OK	 
REQUEST		Spin	1788492364811	1788492364823	OK	 
USER	naga777-grpc-player-journey	START	1788492365014
REQUEST		Join	1788492365015	1788492365030	OK	 
REQUEST		Spin	1788492365030	1788492365046	OK	 
REQUEST		Spin	1788492365037	1788492365049	OK	 
REQUEST		Spin	1788492365039	1788492365052	OK	 
REQUEST		Spin	1788492365041	1788492365060	OK	 
REQUEST		Spin	1788492365046	1788492365066	OK	 
REQUEST		Spin	1788492365055	1788492365070	OK	 
REQUEST		Spin	1788492365052	1788492365070	OK	 
REQUEST		Spin	1788492365052	1788492365071	OK	 
REQUEST		Spin	1788492365293	1788492365301	OK	 
REQUEST		Spin	1788492365291	1788492365301	OK	 
USER	naga777-grpc-player-journey	START	1788492365348
REQUEST		Join	1788492365348	1788492365355	OK	 
REQUEST		Spin	1788492365355	1788492365365	OK	 
REQUEST		Spin	1788492365365	1788492365373	OK	 
REQUEST		Spin	1788492365374	1788492365382	OK	 
REQUEST		Spin	1788492365382	1788492365394	OK	 
REQUEST		Spin	1788492365385	1788492365394	OK	 
REQUEST		Spin	1788492365387	1788492365395	OK	 
REQUEST		Spin	1788492365551	1788492365570	OK	 
REQUEST		Spin	1788492365557	1788492365571	OK	 
USER	naga777-grpc-player-journey	START	1788492365682
REQUEST		Join	1788492365683	1788492365710	OK	 
REQUEST		Spin	1788492365710	1788492365727	OK	 
REQUEST		Spin	1788492365708	1788492365727	OK	 
REQUEST		Spin	1788492365715	1788492365731	OK	 
REQUEST		Spin	1788492365724	1788492365741	OK	 
REQUEST		Spin	1788492365727	1788492365741	OK	 
REQUEST		Spin	1788492365726	1788492365745	OK	 
REQUEST		Spin	1788492365790	1788492365803	OK	 
REQUEST		Spin	1788492365800	1788492365810	OK	 
USER	naga777-grpc-player-journey	START	1788492366015
REQUEST		Join	1788492366015	1788492366036	OK	 
REQUEST		Spin	1788492366036	1788492366056	OK	 
REQUEST		Spin	1788492366044	1788492366061	OK	 
REQUEST		Spin	1788492366048	1788492366068	OK	 
REQUEST		Spin	1788492366049	1788492366068	OK	 
REQUEST		Spin	1788492366056	1788492366073	OK	 
REQUEST		Spin	1788492366062	1788492366076	OK	 
REQUEST		Spin	1788492366062	1788492366077	OK	 
REQUEST		Spin	1788492366054	1788492366116	OK	 
REQUEST		Spin	1788492366303	1788492366323	OK	 
REQUEST		Spin	1788492366304	1788492366323	OK	 
USER	naga777-grpc-player-journey	START	1788492366349
REQUEST		Join	1788492366349	1788492366360	OK	 
REQUEST		Spin	1788492366360	1788492366375	OK	 
REQUEST		Spin	1788492366375	1788492366386	OK	 
REQUEST		Spin	1788492366387	1788492366396	OK	 
REQUEST		Spin	1788492366390	1788492366399	OK	 
REQUEST		Spin	1788492366389	1788492366399	OK	 
REQUEST		Spin	1788492366400	1788492366409	OK	 
REQUEST		Spin	1788492366558	1788492366581	OK	 
REQUEST		Spin	1788492366560	1788492366581	OK	 
USER	naga777-grpc-player-journey	START	1788492366682
REQUEST		Join	1788492366682	1788492366693	OK	 
REQUEST		Spin	1788492366693	1788492366710	OK	 
REQUEST		Spin	1788492366710	1788492366724	OK	 
REQUEST		Spin	1788492366722	1788492366734	OK	 
REQUEST		Spin	1788492366722	1788492366735	OK	 
REQUEST		Spin	1788492366722	1788492366735	OK	 
REQUEST		Spin	1788492366730	1788492366744	OK	 
REQUEST		Spin	1788492366787	1788492366797	OK	 
REQUEST		Spin	1788492366796	1788492366805	OK	 
USER	naga777-grpc-player-journey	START	1788492367014
REQUEST		Join	1788492367014	1788492367028	OK	 
REQUEST		Spin	1788492367029	1788492367043	OK	 
REQUEST		Spin	1788492367040	1788492367053	OK	 
REQUEST		Spin	1788492367043	1788492367056	OK	 
REQUEST		Spin	1788492367046	1788492367058	OK	 
REQUEST		Spin	1788492367050	1788492367063	OK	 
REQUEST		Spin	1788492367052	1788492367064	OK	 
REQUEST		Spin	1788492367051	1788492367064	OK	 
REQUEST		Spin	1788492367058	1788492367067	OK	 
REQUEST		Spin	1788492367060	1788492367069	OK	 
USER	naga777-grpc-player-journey	START	1788492367265
REQUEST		Join	1788492367265	1788492367282	OK	 
REQUEST		Spin	1788492367282	1788492367296	OK	 
REQUEST		Spin	1788492367296	1788492367307	OK	 
REQUEST		Spin	1788492367303	1788492367312	OK	 
REQUEST		Spin	1788492367312	1788492367321	OK	 
REQUEST		Spin	1788492367369	1788492367379	OK	 
REQUEST		Spin	1788492367374	1788492367383	OK	 
REQUEST		Spin	1788492367380	1788492367391	OK	 
REQUEST		Spin	1788492367383	1788492367393	OK	 
REQUEST		Spin	1788492367388	1788492367398	OK	 
USER	naga777-grpc-player-journey	START	1788492367515
REQUEST		Join	1788492367520	1788492367529	OK	 
REQUEST		Spin	1788492367530	1788492367541	OK	 
REQUEST		Spin	1788492367542	1788492367551	OK	 
REQUEST		Spin	1788492367546	1788492367554	OK	 
REQUEST		Spin	1788492367550	1788492367558	OK	 
REQUEST		Spin	1788492367709	1788492367732	OK	 
REQUEST		Spin	1788492367710	1788492367732	OK	 
REQUEST		Spin	1788492367710	1788492367732	OK	 
REQUEST		Spin	1788492367722	1788492367738	OK	 
REQUEST		Spin	1788492367738	1788492367747	OK	 
USER	naga777-grpc-player-journey	START	1788492367766
REQUEST		Join	1788492367768	1788492367774	OK	 
REQUEST		Spin	1788492367775	1788492367784	OK	 
REQUEST		Spin	1788492367785	1788492367793	OK	 
REQUEST		Spin	1788492367800	1788492367809	OK	 
REQUEST		Spin	1788492367804	1788492367811	OK	 
USER	naga777-grpc-player-journey	START	1788492368016
REQUEST		Join	1788492368016	1788492368029	OK	 
REQUEST		Spin	1788492368029	1788492368043	OK	 
REQUEST		Spin	1788492368041	1788492368053	OK	 
REQUEST		Spin	1788492368044	1788492368053	OK	 
REQUEST		Spin	1788492368052	1788492368064	OK	 
REQUEST		Spin	1788492368050	1788492368064	OK	 
REQUEST		Spin	1788492368052	1788492368064	OK	 
REQUEST		Spin	1788492368050	1788492368064	OK	 
REQUEST		Spin	1788492368057	1788492368069	OK	 
REQUEST		Spin	1788492368060	1788492368070	OK	 
REQUEST		Spin	1788492368308	1788492368332	OK	 
REQUEST		Spin	1788492368318	1788492368345	OK	 
USER	naga777-grpc-player-journey	START	1788492368350
REQUEST		Join	1788492368351	1788492368360	OK	 
REQUEST		Spin	1788492368361	1788492368370	OK	 
REQUEST		Spin	1788492368371	1788492368378	OK	 
REQUEST		Spin	1788492368370	1788492368378	OK	 
REQUEST		Spin	1788492368375	1788492368383	OK	 
REQUEST		Spin	1788492368377	1788492368386	OK	 
REQUEST		Spin	1788492368384	1788492368395	OK	 
REQUEST		Spin	1788492368395	1788492368404	OK	 
REQUEST		Spin	1788492368546	1788492368559	OK	 
REQUEST		Spin	1788492368554	1788492368564	OK	 
USER	naga777-grpc-player-journey	START	1788492368683
REQUEST		Join	1788492368683	1788492368695	OK	 
REQUEST		Spin	1788492368695	1788492368709	OK	 
REQUEST		Spin	1788492368710	1788492368724	OK	 
REQUEST		Spin	1788492368713	1788492368731	OK	 
REQUEST		Spin	1788492368714	1788492368732	OK	 
REQUEST		Spin	1788492368724	1788492368736	OK	 
REQUEST		Spin	1788492368753	1788492368769	OK	 
REQUEST		Spin	1788492368760	1788492368772	OK	 
REQUEST		Spin	1788492368791	1788492368801	OK	 
REQUEST		Spin	1788492368801	1788492368809	OK	 
USER	naga777-grpc-player-journey	START	1788492369015
REQUEST		Join	1788492369015	1788492369032	OK	 
REQUEST		Spin	1788492369032	1788492369045	OK	 
REQUEST		Spin	1788492369042	1788492369057	OK	 
REQUEST		Spin	1788492369046	1788492369060	OK	 
REQUEST		Spin	1788492369047	1788492369061	OK	 
REQUEST		Spin	1788492369046	1788492369061	OK	 
REQUEST		Spin	1788492369048	1788492369062	OK	 
REQUEST		Spin	1788492369054	1788492369069	OK	 
REQUEST		Spin	1788492369057	1788492369069	OK	 
REQUEST		Spin	1788492369072	1788492369082	OK	 
REQUEST		Spin	1788492369289	1788492369309	OK	 
REQUEST		Spin	1788492369301	1788492369314	OK	 
REQUEST		Spin	1788492369301	1788492369314	OK	 
USER	naga777-grpc-player-journey	START	1788492369348
REQUEST		Join	1788492369348	1788492369359	OK	 
REQUEST		Spin	1788492369359	1788492369372	OK	 
REQUEST		Spin	1788492369372	1788492369386	OK	 
REQUEST		Spin	1788492369375	1788492369390	OK	 
REQUEST		Spin	1788492369380	1788492369395	OK	 
REQUEST		Spin	1788492369384	1788492369397	OK	 
REQUEST		Spin	1788492369383	1788492369398	OK	 
REQUEST		Spin	1788492369542	1788492369564	OK	 
REQUEST		Spin	1788492369543	1788492369565	OK	 
REQUEST		Spin	1788492369575	1788492369586	OK	 
USER	naga777-grpc-player-journey	START	1788492369682
REQUEST		Join	1788492369685	1788492369697	OK	 
REQUEST		Spin	1788492369698	1788492369707	OK	 
REQUEST		Spin	1788492369708	1788492369715	OK	 
REQUEST		Spin	1788492369717	1788492369726	OK	 
REQUEST		Spin	1788492369720	1788492369728	OK	 
REQUEST		Spin	1788492369721	1788492369728	OK	 
REQUEST		Spin	1788492369730	1788492369738	OK	 
REQUEST		Spin	1788492369787	1788492369796	OK	 
REQUEST		Spin	1788492369794	1788492369802	OK	 
REQUEST		Spin	1788492369813	1788492369821	OK	 
USER	naga777-grpc-player-journey	START	1788492370018
REQUEST		Join	1788492370019	1788492370030	OK	 
REQUEST		Spin	1788492370031	1788492370047	OK	 
REQUEST		Spin	1788492370038	1788492370051	OK	 
REQUEST		Spin	1788492370041	1788492370055	OK	 
REQUEST		Spin	1788492370043	1788492370057	OK	 
REQUEST		Spin	1788492370047	1788492370059	OK	 
REQUEST		Spin	1788492370047	1788492370059	OK	 
REQUEST		Spin	1788492370053	1788492370064	OK	 
REQUEST		Spin	1788492370054	1788492370065	OK	 
REQUEST		Spin	1788492370056	1788492370066	OK	 
USER	naga777-grpc-player-journey	START	1788492370270
REQUEST		Join	1788492370271	1788492370280	OK	 
REQUEST		Spin	1788492370280	1788492370291	OK	 
REQUEST		Spin	1788492370292	1788492370302	OK	 
REQUEST		Spin	1788492370291	1788492370302	OK	 
REQUEST		Spin	1788492370294	1788492370304	OK	 
REQUEST		Spin	1788492370370	1788492370380	OK	 
REQUEST		Spin	1788492370375	1788492370385	OK	 
REQUEST		Spin	1788492370383	1788492370396	OK	 
REQUEST		Spin	1788492370387	1788492370396	OK	 
REQUEST		Spin	1788492370388	1788492370398	OK	 
USER	naga777-grpc-player-journey	START	1788492370519
REQUEST		Join	1788492370520	1788492370531	OK	 
REQUEST		Spin	1788492370531	1788492370542	OK	 
REQUEST		Spin	1788492370542	1788492370552	OK	 
REQUEST		Spin	1788492370553	1788492370564	OK	 
REQUEST		Spin	1788492370560	1788492370571	OK	 
REQUEST		Spin	1788492370709	1788492370725	OK	 
REQUEST		Spin	1788492370717	1788492370729	OK	 
REQUEST		Spin	1788492370725	1788492370736	OK	 
REQUEST		Spin	1788492370727	1788492370736	OK	 
REQUEST		Spin	1788492370729	1788492370739	OK	 
USER	naga777-grpc-player-journey	START	1788492370769
REQUEST		Join	1788492370770	1788492370775	OK	 
REQUEST		Spin	1788492370775	1788492370783	OK	 
REQUEST		Spin	1788492370783	1788492370789	OK	 
REQUEST		Spin	1788492370791	1788492370798	OK	 
REQUEST		Spin	1788492370801	1788492370808	OK	 
USER	naga777-grpc-player-journey	START	1788492371016
REQUEST		Join	1788492371016	1788492371031	OK	 
REQUEST		Spin	1788492371032	1788492371048	OK	 
REQUEST		Spin	1788492371044	1788492371058	OK	 
REQUEST		Spin	1788492371048	1788492371061	OK	 
REQUEST		Spin	1788492371049	1788492371062	OK	 
REQUEST		Spin	1788492371056	1788492371062	OK	 
REQUEST		Spin	1788492371052	1788492371068	OK	 
REQUEST		Spin	1788492371057	1788492371072	OK	 
REQUEST		Spin	1788492371063	1788492371076	OK	 
REQUEST		Spin	1788492371063	1788492371076	OK	 
REQUEST		Spin	1788492371304	1788492371321	OK	 
REQUEST		Spin	1788492371304	1788492371321	OK	 
USER	naga777-grpc-player-journey	START	1788492371351
REQUEST		Join	1788492371352	1788492371361	OK	 
REQUEST		Spin	1788492371362	1788492371375	OK	 
REQUEST		Spin	1788492371376	1788492371388	OK	 
REQUEST		Spin	1788492371376	1788492371392	OK	 
REQUEST		Spin	1788492371387	1788492371399	OK	 
REQUEST		Spin	1788492371390	1788492371400	OK	 
REQUEST		Spin	1788492371391	1788492371400	OK	 
REQUEST		Spin	1788492371402	1788492371411	OK	 
REQUEST		Spin	1788492371560	1788492371569	OK	 
REQUEST		Spin	1788492371560	1788492371570	OK	 
USER	naga777-grpc-player-journey	START	1788492371683
REQUEST		Join	1788492371684	1788492371697	OK	 
REQUEST		Spin	1788492371697	1788492371711	OK	 
REQUEST		Spin	1788492371711	1788492371723	OK	 
REQUEST		Spin	1788492371711	1788492371724	OK	 
REQUEST		Spin	1788492371723	1788492371735	OK	 
REQUEST		Spin	1788492371724	1788492371736	OK	 
REQUEST		Spin	1788492371724	1788492371737	OK	 
REQUEST		Spin	1788492371732	1788492371741	OK	 
REQUEST		Spin	1788492371788	1788492371800	OK	 
REQUEST		Spin	1788492371798	1788492371808	OK	 
USER	naga777-grpc-player-journey	START	1788492372014
REQUEST		Join	1788492372015	1788492372031	OK	 
REQUEST		Spin	1788492372031	1788492372043	OK	 
REQUEST		Spin	1788492372042	1788492372055	OK	 
REQUEST		Spin	1788492372043	1788492372056	OK	 
REQUEST		Spin	1788492372045	1788492372060	OK	 
REQUEST		Spin	1788492372048	1788492372066	OK	 
REQUEST		Spin	1788492372053	1788492372068	OK	 
REQUEST		Spin	1788492372052	1788492372068	OK	 
REQUEST		Spin	1788492372053	1788492372069	OK	 
REQUEST		Spin	1788492372060	1788492372071	OK	 
REQUEST		Spin	1788492372062	1788492372074	OK	 
REQUEST		Spin	1788492372299	1788492372311	OK	 
REQUEST		Spin	1788492372305	1788492372316	OK	 
REQUEST		Spin	1788492372314	1788492372323	OK	 
USER	naga777-grpc-player-journey	START	1788492372349
REQUEST		Join	1788492372349	1788492372358	OK	 
REQUEST		Spin	1788492372358	1788492372369	OK	 
REQUEST		Spin	1788492372369	1788492372377	OK	 
REQUEST		Spin	1788492372370	1788492372378	OK	 
REQUEST		Spin	1788492372375	1788492372384	OK	 
REQUEST		Spin	1788492372381	1788492372389	OK	 
REQUEST		Spin	1788492372385	1788492372392	OK	 
REQUEST		Spin	1788492372389	1788492372395	OK	 
REQUEST		Spin	1788492372543	1788492372562	OK	 
REQUEST		Spin	1788492372547	1788492372563	OK	 
REQUEST		Spin	1788492372552	1788492372565	OK	 
USER	naga777-grpc-player-journey	START	1788492372682
REQUEST		Join	1788492372682	1788492372694	OK	 
REQUEST		Spin	1788492372694	1788492372715	OK	 
REQUEST		Spin	1788492372709	1788492372731	OK	 
REQUEST		Spin	1788492372711	1788492372734	OK	 
REQUEST		Spin	1788492372715	1788492372734	OK	 
REQUEST		Spin	1788492372711	1788492372734	OK	 
REQUEST		Spin	1788492372723	1788492372738	OK	 
REQUEST		Spin	1788492372740	1788492372756	OK	 
REQUEST		Spin	1788492372785	1788492372796	OK	 
REQUEST		Spin	1788492372800	1788492372808	OK	 
REQUEST		Spin	1788492372805	1788492372813	OK	 
USER	naga777-grpc-player-journey	START	1788492373017
REQUEST		Join	1788492373017	1788492373031	OK	 
REQUEST		Spin	1788492373031	1788492373043	OK	 
REQUEST		Spin	1788492373044	1788492373056	OK	 
REQUEST		Spin	1788492373042	1788492373056	OK	 
REQUEST		Spin	1788492373045	1788492373058	OK	 
REQUEST		Spin	1788492373052	1788492373067	OK	 
REQUEST		Spin	1788492373053	1788492373068	OK	 
REQUEST		Spin	1788492373054	1788492373069	OK	 
REQUEST		Spin	1788492373051	1788492373071	OK	 
REQUEST		Spin	1788492373059	1788492373072	OK	 
REQUEST		Spin	1788492373061	1788492373074	OK	 
USER	naga777-grpc-player-journey	START	1788492373268
REQUEST		Join	1788492373268	1788492373277	OK	 
REQUEST		Spin	1788492373278	1788492373291	OK	 
REQUEST		Spin	1788492373292	1788492373303	OK	 
REQUEST		Spin	1788492373309	1788492373320	OK	 
REQUEST		Spin	1788492373320	1788492373331	OK	 
REQUEST		Spin	1788492373371	1788492373382	OK	 
REQUEST		Spin	1788492373372	1788492373383	OK	 
REQUEST		Spin	1788492373375	1788492373385	OK	 
REQUEST		Spin	1788492373378	1788492373390	OK	 
REQUEST		Spin	1788492373386	1788492373394	OK	 
REQUEST		Spin	1788492373397	1788492373405	OK	 
USER	naga777-grpc-player-journey	START	1788492373518
REQUEST		Join	1788492373519	1788492373532	OK	 
REQUEST		Spin	1788492373533	1788492373548	OK	 
REQUEST		Spin	1788492373548	1788492373560	OK	 
REQUEST		Spin	1788492373548	1788492373561	OK	 
REQUEST		Spin	1788492373555	1788492373566	OK	 
REQUEST		Spin	1788492373712	1788492373740	OK	 
REQUEST		Spin	1788492373715	1788492373741	OK	 
REQUEST		Spin	1788492373714	1788492373742	OK	 
REQUEST		Spin	1788492373724	1788492373747	OK	 
REQUEST		Spin	1788492373754	1788492373767	OK	 
USER	naga777-grpc-player-journey	START	1788492373768
REQUEST		Spin	1788492373761	1788492373773	OK	 
REQUEST		Join	1788492373768	1788492373776	OK	 
REQUEST		Spin	1788492373776	1788492373787	OK	 
REQUEST		Spin	1788492373787	1788492373798	OK	 
REQUEST		Spin	1788492373792	1788492373800	OK	 
REQUEST		Spin	1788492373802	1788492373812	OK	 
USER	naga777-grpc-player-journey	START	1788492374016
REQUEST		Join	1788492374017	1788492374034	OK	 
REQUEST		Spin	1788492374034	1788492374050	OK	 
REQUEST		Spin	1788492374044	1788492374064	OK	 
REQUEST		Spin	1788492374050	1788492374067	OK	 
REQUEST		Spin	1788492374050	1788492374071	OK	 
REQUEST		Spin	1788492374047	1788492374071	OK	 
REQUEST		Spin	1788492374048	1788492374072	OK	 
REQUEST		Spin	1788492374047	1788492374075	OK	 
REQUEST		Spin	1788492374056	1788492374077	OK	 
REQUEST		Spin	1788492374059	1788492374081	OK	 
REQUEST		Spin	1788492374074	1788492374085	OK	 
REQUEST		Spin	1788492374292	1788492374311	OK	 
REQUEST		Spin	1788492374303	1788492374318	OK	 
REQUEST		Spin	1788492374302	1788492374319	OK	 
USER	naga777-grpc-player-journey	START	1788492374350
REQUEST		Join	1788492374351	1788492374359	OK	 
REQUEST		Spin	1788492374359	1788492374371	OK	 
REQUEST		Spin	1788492374371	1788492374381	OK	 
REQUEST		Spin	1788492374374	1788492374384	OK	 
REQUEST		Spin	1788492374377	1788492374385	OK	 
REQUEST		Spin	1788492374381	1788492374390	OK	 
REQUEST		Spin	1788492374385	1788492374394	OK	 
REQUEST		Spin	1788492374385	1788492374394	OK	 
REQUEST		Spin	1788492374543	1788492374558	OK	 
REQUEST		Spin	1788492374545	1788492374559	OK	 
REQUEST		Spin	1788492374577	1788492374593	OK	 
USER	naga777-grpc-player-journey	START	1788492374683
REQUEST		Join	1788492374684	1788492374692	OK	 
REQUEST		Spin	1788492374693	1788492374703	OK	 
REQUEST		Spin	1788492374703	1788492374711	OK	 
REQUEST		Spin	1788492374709	1788492374717	OK	 
REQUEST		Spin	1788492374718	1788492374727	OK	 
REQUEST		Spin	1788492374722	1788492374732	OK	 
REQUEST		Spin	1788492374722	1788492374732	OK	 
REQUEST		Spin	1788492374732	1788492374743	OK	 
REQUEST		Spin	1788492374787	1788492374797	OK	 
REQUEST		Spin	1788492374796	1788492374806	OK	 
REQUEST		Spin	1788492374815	1788492374822	OK	 
USER	naga777-grpc-player-journey	START	1788492375014
REQUEST		Join	1788492375014	1788492375027	OK	 
REQUEST		Spin	1788492375028	1788492375041	OK	 
REQUEST		Spin	1788492375039	1788492375057	OK	 
REQUEST		Spin	1788492375041	1788492375063	OK	 
REQUEST		Spin	1788492375046	1788492375064	OK	 
REQUEST		Spin	1788492375048	1788492375066	OK	 
REQUEST		Spin	1788492375046	1788492375068	OK	 
REQUEST		Spin	1788492375048	1788492375070	OK	 
REQUEST		Spin	1788492375055	1788492375071	OK	 
REQUEST		Spin	1788492375055	1788492375074	OK	 
REQUEST		Spin	1788492375058	1788492375075	OK	 
REQUEST		Spin	1788492375294	1788492375306	OK	 
REQUEST		Spin	1788492375294	1788492375306	OK	 
REQUEST		Spin	1788492375293	1788492375307	OK	 
USER	naga777-grpc-player-journey	START	1788492375348
REQUEST		Join	1788492375349	1788492375357	OK	 
REQUEST		Spin	1788492375358	1788492375371	OK	 
REQUEST		Spin	1788492375371	1788492375382	OK	 
REQUEST		Spin	1788492375371	1788492375382	OK	 
REQUEST		Spin	1788492375377	1788492375388	OK	 
REQUEST		Spin	1788492375384	1788492375393	OK	 
REQUEST		Spin	1788492375389	1788492375398	OK	 
REQUEST		Spin	1788492375389	1788492375398	OK	 
REQUEST		Spin	1788492375543	1788492375558	OK	 
REQUEST		Spin	1788492375555	1788492375568	OK	 
REQUEST		Spin	1788492375561	1788492375573	OK	 
USER	naga777-grpc-player-journey	START	1788492375681
REQUEST		Join	1788492375681	1788492375693	OK	 
REQUEST		Spin	1788492375694	1788492375703	OK	 
REQUEST		Spin	1788492375703	1788492375711	OK	 
REQUEST		Spin	1788492375711	1788492375721	OK	 
REQUEST		Spin	1788492375717	1788492375725	OK	 
REQUEST		Spin	1788492375729	1788492375738	OK	 
REQUEST		Spin	1788492375730	1788492375738	OK	 
REQUEST		Spin	1788492375727	1788492375738	OK	 
REQUEST		Spin	1788492375785	1788492375799	OK	 
REQUEST		Spin	1788492375792	1788492375805	OK	 
REQUEST		Spin	1788492375803	1788492375816	OK	 
USER	naga777-grpc-player-journey	START	1788492376016
REQUEST		Join	1788492376016	1788492376027	OK	 
REQUEST		Spin	1788492376027	1788492376040	OK	 
REQUEST		Spin	1788492376040	1788492376052	OK	 
REQUEST		Spin	1788492376057	1788492376060	OK	 
REQUEST		Spin	1788492376049	1788492376061	OK	 
REQUEST		Spin	1788492376046	1788492376061	OK	 
REQUEST		Spin	1788492376050	1788492376063	OK	 
REQUEST		Spin	1788492376054	1788492376066	OK	 
REQUEST		Spin	1788492376058	1788492376070	OK	 
REQUEST		Spin	1788492376065	1788492376076	OK	 
REQUEST		Spin	1788492376065	1788492376076	OK	 
USER	naga777-grpc-player-journey	START	1788492376267
REQUEST		Join	1788492376268	1788492376278	OK	 
REQUEST		Spin	1788492376278	1788492376290	OK	 
REQUEST		Spin	1788492376290	1788492376302	OK	 
REQUEST		Spin	1788492376305	1788492376316	OK	 
REQUEST		Spin	1788492376306	1788492376317	OK	 
REQUEST		Spin	1788492376377	1788492376388	OK	 
REQUEST		Spin	1788492376377	1788492376388	OK	 
REQUEST		Spin	1788492376389	1788492376399	OK	 
REQUEST		Spin	1788492376391	1788492376400	OK	 
REQUEST		Spin	1788492376392	1788492376402	OK	 
REQUEST		Spin	1788492376404	1788492376412	OK	 
USER	naga777-grpc-player-journey	START	1788492376517
REQUEST		Join	1788492376518	1788492376524	OK	 
REQUEST		Spin	1788492376524	1788492376534	OK	 
REQUEST		Spin	1788492376535	1788492376544	OK	 
REQUEST		Spin	1788492376562	1788492376570	OK	 
REQUEST		Spin	1788492376560	1788492376570	OK	 
REQUEST		Spin	1788492376713	1788492376723	OK	 
REQUEST		Spin	1788492376712	1788492376723	OK	 
REQUEST		Spin	1788492376726	1788492376734	OK	 
REQUEST		Spin	1788492376726	1788492376734	OK	 
REQUEST		Spin	1788492376725	1788492376734	OK	 
REQUEST		Spin	1788492376734	1788492376741	OK	 
USER	naga777-grpc-player-journey	START	1788492376767
REQUEST		Join	1788492376768	1788492376776	OK	 
REQUEST		Spin	1788492376776	1788492376785	OK	 
REQUEST		Spin	1788492376786	1788492376796	OK	 
REQUEST		Spin	1788492376789	1788492376799	OK	 
REQUEST		Spin	1788492376798	1788492376810	OK	 
USER	naga777-grpc-player-journey	START	1788492377016
REQUEST		Join	1788492377017	1788492377030	OK	 
REQUEST		Spin	1788492377030	1788492377042	OK	 
REQUEST		Spin	1788492377043	1788492377053	OK	 
REQUEST		Spin	1788492377044	1788492377053	OK	 
REQUEST		Spin	1788492377044	1788492377055	OK	 
REQUEST		Spin	1788492377047	1788492377060	OK	 
REQUEST		Spin	1788492377050	1788492377061	OK	 
REQUEST		Spin	1788492377055	1788492377064	OK	 
REQUEST		Spin	1788492377054	1788492377064	OK	 
REQUEST		Spin	1788492377054	1788492377064	OK	 
REQUEST		Spin	1788492377062	1788492377070	OK	 
REQUEST		Spin	1788492377063	1788492377070	OK	 
REQUEST		Spin	1788492377299	1788492377313	OK	 
REQUEST		Spin	1788492377306	1788492377318	OK	 
REQUEST		Spin	1788492377315	1788492377326	OK	 
USER	naga777-grpc-player-journey	START	1788492377350
REQUEST		Join	1788492377350	1788492377356	OK	 
REQUEST		Spin	1788492377356	1788492377366	OK	 
REQUEST		Spin	1788492377366	1788492377376	OK	 
REQUEST		Spin	1788492377370	1788492377380	OK	 
REQUEST		Spin	1788492377372	1788492377380	OK	 
REQUEST		Spin	1788492377376	1788492377386	OK	 
REQUEST		Spin	1788492377383	1788492377394	OK	 
REQUEST		Spin	1788492377387	1788492377395	OK	 
REQUEST		Spin	1788492377391	1788492377400	OK	 
REQUEST		Spin	1788492377545	1788492377554	OK	 
REQUEST		Spin	1788492377547	1788492377555	OK	 
REQUEST		Spin	1788492377553	1788492377562	OK	 
USER	naga777-grpc-player-journey	START	1788492377682
REQUEST		Join	1788492377682	1788492377699	OK	 
REQUEST		Spin	1788492377699	1788492377711	OK	 
REQUEST		Spin	1788492377711	1788492377725	OK	 
REQUEST		Spin	1788492377711	1788492377726	OK	 
REQUEST		Spin	1788492377711	1788492377726	OK	 
REQUEST		Spin	1788492377712	1788492377729	OK	 
REQUEST		Spin	1788492377716	1788492377729	OK	 
REQUEST		Spin	1788492377725	1788492377737	OK	 
REQUEST		Spin	1788492377741	1788492377750	OK	 
REQUEST		Spin	1788492377787	1788492377797	OK	 
REQUEST		Spin	1788492377802	1788492377812	OK	 
REQUEST		Spin	1788492377807	1788492377817	OK	 
USER	naga777-grpc-player-journey	START	1788492378017
REQUEST		Join	1788492378018	1788492378035	OK	 
REQUEST		Spin	1788492378036	1788492378056	OK	 
REQUEST		Spin	1788492378044	1788492378069	OK	 
REQUEST		Spin	1788492378047	1788492378069	OK	 
REQUEST		Spin	1788492378045	1788492378071	OK	 
REQUEST		Spin	1788492378055	1788492378074	OK	 
REQUEST		Spin	1788492378056	1788492378074	OK	 
REQUEST		Spin	1788492378051	1788492378076	OK	 
REQUEST		Spin	1788492378053	1788492378078	OK	 
REQUEST		Spin	1788492378061	1788492378079	OK	 
REQUEST		Spin	1788492378054	1788492378079	OK	 
REQUEST		Spin	1788492378063	1788492378083	OK	 
REQUEST		Spin	1788492378293	1788492378308	OK	 
REQUEST		Spin	1788492378310	1788492378322	OK	 
REQUEST		Spin	1788492378321	1788492378332	OK	 
USER	naga777-grpc-player-journey	START	1788492378351
REQUEST		Join	1788492378351	1788492378360	OK	 
REQUEST		Spin	1788492378360	1788492378370	OK	 
REQUEST		Spin	1788492378370	1788492378380	OK	 
REQUEST		Spin	1788492378371	1788492378381	OK	 
REQUEST		Spin	1788492378373	1788492378387	OK	 
REQUEST		Spin	1788492378377	1788492378392	OK	 
REQUEST		Spin	1788492378379	1788492378393	OK	 
REQUEST		Spin	1788492378387	1788492378395	OK	 
REQUEST		Spin	1788492378398	1788492378414	OK	 
REQUEST		Spin	1788492378549	1788492378559	OK	 
REQUEST		Spin	1788492378549	1788492378559	OK	 
REQUEST		Spin	1788492378557	1788492378565	OK	 
USER	naga777-grpc-player-journey	START	1788492378684
REQUEST		Join	1788492378685	1788492378701	OK	 
REQUEST		Spin	1788492378701	1788492378711	OK	 
REQUEST		Spin	1788492378711	1788492378720	OK	 
REQUEST		Spin	1788492378714	1788492378722	OK	 
REQUEST		Spin	1788492378715	1788492378723	OK	 
REQUEST		Spin	1788492378717	1788492378731	OK	 
REQUEST		Spin	1788492378725	1788492378736	OK	 
REQUEST		Spin	1788492378755	1788492378764	OK	 
REQUEST		Spin	1788492378762	1788492378770	OK	 
REQUEST		Spin	1788492378788	1788492378798	OK	 
REQUEST		Spin	1788492378794	1788492378804	OK	 
REQUEST		Spin	1788492378805	1788492378816	OK	 
USER	naga777-grpc-player-journey	START	1788492379017
REQUEST		Join	1788492379018	1788492379033	OK	 
REQUEST		Spin	1788492379034	1788492379050	OK	 
REQUEST		Spin	1788492379046	1788492379064	OK	 
REQUEST		Spin	1788492379049	1788492379065	OK	 
REQUEST		Spin	1788492379050	1788492379065	OK	 
REQUEST		Spin	1788492379047	1788492379065	OK	 
REQUEST		Spin	1788492379049	1788492379065	OK	 
REQUEST		Spin	1788492379051	1788492379069	OK	 
REQUEST		Spin	1788492379052	1788492379069	OK	 
REQUEST		Spin	1788492379058	1788492379074	OK	 
REQUEST		Spin	1788492379061	1788492379075	OK	 
REQUEST		Spin	1788492379075	1788492379083	OK	 
USER	naga777-grpc-player-journey	START	1788492379268
REQUEST		Join	1788492379269	1788492379281	OK	 
REQUEST		Spin	1788492379282	1788492379299	OK	 
REQUEST		Spin	1788492379293	1788492379312	OK	 
REQUEST		Spin	1788492379299	1788492379315	OK	 
REQUEST		Spin	1788492379303	1788492379320	OK	 
REQUEST		Spin	1788492379304	1788492379322	OK	 
REQUEST		Spin	1788492379372	1788492379382	OK	 
REQUEST		Spin	1788492379375	1788492379383	OK	 
REQUEST		Spin	1788492379377	1788492379386	OK	 
REQUEST		Spin	1788492379381	1788492379390	OK	 
REQUEST		Spin	1788492379386	1788492379395	OK	 
REQUEST		Spin	1788492379386	1788492379395	OK	 
USER	naga777-grpc-player-journey	START	1788492379519
REQUEST		Join	1788492379519	1788492379525	OK	 
REQUEST		Spin	1788492379526	1788492379535	OK	 
REQUEST		Spin	1788492379535	1788492379544	OK	 
REQUEST		Spin	1788492379545	1788492379555	OK	 
REQUEST		Spin	1788492379546	1788492379555	OK	 
REQUEST		Spin	1788492379578	1788492379587	OK	 
REQUEST		Spin	1788492379705	1788492379713	OK	 
REQUEST		Spin	1788492379711	1788492379717	OK	 
REQUEST		Spin	1788492379719	1788492379727	OK	 
REQUEST		Spin	1788492379724	1788492379732	OK	 
REQUEST		Spin	1788492379724	1788492379732	OK	 
REQUEST		Spin	1788492379733	1788492379741	OK	 
USER	naga777-grpc-player-journey	START	1788492379768
REQUEST		Join	1788492379769	1788492379774	OK	 
REQUEST		Spin	1788492379776	1788492379785	OK	 
REQUEST		Spin	1788492379785	1788492379797	OK	 
REQUEST		Spin	1788492379789	1788492379799	OK	 
REQUEST		Spin	1788492379798	1788492379808	OK	 
REQUEST		Spin	1788492379816	1788492379826	OK	 
USER	naga777-grpc-player-journey	START	1788492380015
REQUEST		Join	1788492380016	1788492380023	OK	 
REQUEST		Spin	1788492380023	1788492380035	OK	 
REQUEST		Spin	1788492380035	1788492380043	OK	 
REQUEST		Spin	1788492380040	1788492380052	OK	 
REQUEST		Spin	1788492380042	1788492380056	OK	 
REQUEST		Spin	1788492380049	1788492380065	OK	 
REQUEST		Spin	1788492380047	1788492380066	OK	 
REQUEST		Spin	1788492380048	1788492380067	OK	 
REQUEST		Spin	1788492380050	1788492380070	OK	 
REQUEST		Spin	1788492380056	1788492380073	OK	 
REQUEST		Spin	1788492380056	1788492380073	OK	 
REQUEST		Spin	1788492380060	1788492380074	OK	 
REQUEST		Spin	1788492380294	1788492380308	OK	 
REQUEST		Spin	1788492380295	1788492380308	OK	 
REQUEST		Spin	1788492380295	1788492380309	OK	 
USER	naga777-grpc-player-journey	START	1788492380349
REQUEST		Join	1788492380350	1788492380357	OK	 
REQUEST		Spin	1788492380357	1788492380367	OK	 
REQUEST		Spin	1788492380367	1788492380377	OK	 
REQUEST		Spin	1788492380372	1788492380383	OK	 
REQUEST		Spin	1788492380372	1788492380383	OK	 
REQUEST		Spin	1788492380378	1788492380388	OK	 
REQUEST		Spin	1788492380385	1788492380395	OK	 
REQUEST		Spin	1788492380390	1788492380398	OK	 
REQUEST		Spin	1788492380390	1788492380398	OK	 
REQUEST		Spin	1788492380545	1788492380557	OK	 
REQUEST		Spin	1788492380557	1788492380566	OK	 
REQUEST		Spin	1788492380563	1788492380571	OK	 
USER	naga777-grpc-player-journey	START	1788492380682
REQUEST		Join	1788492380682	1788492380692	OK	 
REQUEST		Spin	1788492380693	1788492380703	OK	 
REQUEST		Spin	1788492380703	1788492380711	OK	 
REQUEST		Spin	1788492380704	1788492380712	OK	 
REQUEST		Spin	1788492380712	1788492380720	OK	 
REQUEST		Spin	1788492380718	1788492380725	OK	 
REQUEST		Spin	1788492380728	1788492380736	OK	 
REQUEST		Spin	1788492380729	1788492380737	OK	 
REQUEST		Spin	1788492380731	1788492380738	OK	 
REQUEST		Spin	1788492380787	1788492380796	OK	 
REQUEST		Spin	1788492380793	1788492380803	OK	 
REQUEST		Spin	1788492380804	1788492380814	OK	 
USER	naga777-grpc-player-journey	START	1788492381016
REQUEST		Join	1788492381016	1788492381027	OK	 
REQUEST		Spin	1788492381027	1788492381040	OK	 
REQUEST		Spin	1788492381040	1788492381050	OK	 
REQUEST		Spin	1788492381042	1788492381050	OK	 
REQUEST		Spin	1788492381048	1788492381057	OK	 
REQUEST		Spin	1788492381051	1788492381060	OK	 
REQUEST		Spin	1788492381051	1788492381060	OK	 
REQUEST		Spin	1788492381059	1788492381061	OK	 
REQUEST		Spin	1788492381055	1788492381066	OK	 
REQUEST		Spin	1788492381060	1788492381069	OK	 
REQUEST		Spin	1788492381066	1788492381075	OK	 
REQUEST		Spin	1788492381066	1788492381075	OK	 
REQUEST		Spin	1788492381291	1788492381306	OK	 
REQUEST		Spin	1788492381306	1788492381318	OK	 
REQUEST		Spin	1788492381306	1788492381318	OK	 
USER	naga777-grpc-player-journey	START	1788492381350
REQUEST		Join	1788492381350	1788492381359	OK	 
REQUEST		Spin	1788492381360	1788492381374	OK	 
REQUEST		Spin	1788492381374	1788492381386	OK	 
REQUEST		Spin	1788492381378	1788492381389	OK	 
REQUEST		Spin	1788492381378	1788492381389	OK	 
REQUEST		Spin	1788492381394	1788492381404	OK	 
REQUEST		Spin	1788492381393	1788492381404	OK	 
REQUEST		Spin	1788492381392	1788492381405	OK	 
REQUEST		Spin	1788492381405	1788492381413	OK	 
REQUEST		Spin	1788492381537	1788492381546	OK	 
REQUEST		Spin	1788492381562	1788492381572	OK	 
REQUEST		Spin	1788492381564	1788492381573	OK	 
USER	naga777-grpc-player-journey	START	1788492381682
REQUEST		Join	1788492381682	1788492381689	OK	 
REQUEST		Spin	1788492381689	1788492381697	OK	 
REQUEST		Spin	1788492381697	1788492381705	OK	 
REQUEST		Spin	1788492381715	1788492381722	OK	 
REQUEST		Spin	1788492381714	1788492381722	OK	 
REQUEST		Spin	1788492381728	1788492381737	OK	 
REQUEST		Spin	1788492381727	1788492381737	OK	 
REQUEST		Spin	1788492381726	1788492381737	OK	 
REQUEST		Spin	1788492381734	1788492381745	OK	 
REQUEST		Spin	1788492381788	1788492381799	OK	 
REQUEST		Spin	1788492381791	1788492381803	OK	 
REQUEST		Spin	1788492381800	1788492381812	OK	 
USER	naga777-grpc-player-journey	START	1788492382014
REQUEST		Join	1788492382015	1788492382021	OK	 
REQUEST		Spin	1788492382021	1788492382030	OK	 
REQUEST		Spin	1788492382030	1788492382037	OK	 
REQUEST		Spin	1788492382044	1788492382054	OK	 
REQUEST		Spin	1788492382044	1788492382054	OK	 
REQUEST		Spin	1788492382046	1788492382055	OK	 
REQUEST		Spin	1788492382049	1788492382059	OK	 
REQUEST		Spin	1788492382051	1788492382060	OK	 
REQUEST		Spin	1788492382055	1788492382066	OK	 
REQUEST		Spin	1788492382055	1788492382067	OK	 
REQUEST		Spin	1788492382055	1788492382067	OK	 
REQUEST		Spin	1788492382064	1788492382072	OK	 
REQUEST		Spin	1788492382064	1788492382072	OK	 
USER	naga777-grpc-player-journey	START	1788492382265
REQUEST		Join	1788492382266	1788492382278	OK	 
REQUEST		Spin	1788492382278	1788492382286	OK	 
REQUEST		Spin	1788492382286	1788492382294	OK	 
REQUEST		Spin	1788492382301	1788492382309	OK	 
REQUEST		Spin	1788492382308	1788492382315	OK	 
REQUEST		Spin	1788492382316	1788492382323	OK	 
REQUEST		Spin	1788492382367	1788492382376	OK	 
REQUEST		Spin	1788492382372	1788492382379	OK	 
REQUEST		Spin	1788492382372	1788492382379	OK	 
REQUEST		Spin	1788492382378	1788492382386	OK	 
REQUEST		Spin	1788492382385	1788492382393	OK	 
REQUEST		Spin	1788492382389	1788492382396	OK	 
REQUEST		Spin	1788492382391	1788492382398	OK	 
USER	naga777-grpc-player-journey	START	1788492382515
REQUEST		Join	1788492382516	1788492382522	OK	 
REQUEST		Spin	1788492382522	1788492382530	OK	 
REQUEST		Spin	1788492382530	1788492382538	OK	 
REQUEST		Spin	1788492382547	1788492382554	OK	 
REQUEST		Spin	1788492382546	1788492382554	OK	 
REQUEST		Spin	1788492382554	1788492382561	OK	 
REQUEST		Spin	1788492382714	1788492382728	OK	 
REQUEST		Spin	1788492382712	1788492382728	OK	 
REQUEST		Spin	1788492382711	1788492382728	OK	 
REQUEST		Spin	1788492382712	1788492382733	OK	 
REQUEST		Spin	1788492382719	1788492382733	OK	 
REQUEST		Spin	1788492382727	1788492382735	OK	 
REQUEST		Spin	1788492382743	1788492382751	OK	 
USER	naga777-grpc-player-journey	START	1788492382766
REQUEST		Join	1788492382766	1788492382772	OK	 
REQUEST		Spin	1788492382772	1788492382780	OK	 
REQUEST		Spin	1788492382780	1788492382787	OK	 
REQUEST		Spin	1788492382787	1788492382797	OK	 
REQUEST		Spin	1788492382803	1788492382811	OK	 
REQUEST		Spin	1788492382809	1788492382821	OK	 
USER	naga777-grpc-player-journey	START	1788492383014
REQUEST		Join	1788492383015	1788492383023	OK	 
REQUEST		Spin	1788492383023	1788492383031	OK	 
REQUEST		Spin	1788492383031	1788492383038	OK	 
REQUEST		Spin	1788492383045	1788492383054	OK	 
REQUEST		Spin	1788492383046	1788492383054	OK	 
REQUEST		Spin	1788492383049	1788492383060	OK	 
REQUEST		Spin	1788492383052	1788492383065	OK	 
REQUEST		Spin	1788492383054	1788492383066	OK	 
REQUEST		Spin	1788492383056	1788492383066	OK	 
REQUEST		Spin	1788492383057	1788492383066	OK	 
REQUEST		Spin	1788492383057	1788492383069	OK	 
REQUEST		Spin	1788492383063	1788492383072	OK	 
REQUEST		Spin	1788492383065	1788492383072	OK	 
REQUEST		Spin	1788492383295	1788492383311	OK	 
REQUEST		Spin	1788492383310	1788492383319	OK	 
REQUEST		Spin	1788492383322	1788492383330	OK	 
USER	naga777-grpc-player-journey	START	1788492383348
REQUEST		Join	1788492383349	1788492383355	OK	 
REQUEST		Spin	1788492383355	1788492383363	OK	 
REQUEST		Spin	1788492383363	1788492383370	OK	 
REQUEST		Spin	1788492383372	1788492383380	OK	 
REQUEST		Spin	1788492383372	1788492383380	OK	 
REQUEST		Spin	1788492383374	1788492383382	OK	 
REQUEST		Spin	1788492383378	1788492383386	OK	 
REQUEST		Spin	1788492383379	1788492383388	OK	 
REQUEST		Spin	1788492383389	1788492383398	OK	 
REQUEST		Spin	1788492383399	1788492383401	OK	 
REQUEST		Spin	1788492383551	1788492383560	OK	 
REQUEST		Spin	1788492383551	1788492383560	OK	 
REQUEST		Spin	1788492383559	1788492383567	OK	 
USER	naga777-grpc-player-journey	START	1788492383682
REQUEST		Join	1788492383682	1788492383694	OK	 
REQUEST		Spin	1788492383694	1788492383703	OK	 
REQUEST		Spin	1788492383703	1788492383711	OK	 
REQUEST		Spin	1788492383712	1788492383724	OK	 
REQUEST		Spin	1788492383716	1788492383727	OK	 
REQUEST		Spin	1788492383716	1788492383727	OK	 
REQUEST		Spin	1788492383719	1788492383728	OK	 
REQUEST		Spin	1788492383726	1788492383736	OK	 
REQUEST		Spin	1788492383757	1788492383766	OK	 
REQUEST		Spin	1788492383763	1788492383771	OK	 
REQUEST		Spin	1788492383789	1788492383799	OK	 
REQUEST		Spin	1788492383796	1788492383806	OK	 
REQUEST		Spin	1788492383806	1788492383815	OK	 
USER	naga777-grpc-player-journey	START	1788492384014
REQUEST		Join	1788492384014	1788492384026	OK	 
REQUEST		Spin	1788492384026	1788492384034	OK	 
REQUEST		Spin	1788492384034	1788492384043	OK	 
REQUEST		Spin	1788492384047	1788492384057	OK	 
REQUEST		Spin	1788492384047	1788492384058	OK	 
REQUEST		Spin	1788492384049	1788492384059	OK	 
REQUEST		Spin	1788492384051	1788492384060	OK	 
REQUEST		Spin	1788492384051	1788492384060	OK	 
REQUEST		Spin	1788492384052	1788492384063	OK	 
REQUEST		Spin	1788492384053	1788492384064	OK	 
REQUEST		Spin	1788492384060	1788492384068	OK	 
REQUEST		Spin	1788492384063	1788492384071	OK	 
REQUEST		Spin	1788492384077	1788492384084	OK	 
REQUEST		Spin	1788492384294	1788492384313	OK	 
REQUEST		Spin	1788492384303	1788492384316	OK	 
REQUEST		Spin	1788492384306	1788492384316	OK	 
REQUEST		Spin	1788492384301	1788492384316	OK	 
USER	naga777-grpc-player-journey	START	1788492384348
REQUEST		Join	1788492384349	1788492384356	OK	 
REQUEST		Spin	1788492384356	1788492384364	OK	 
REQUEST		Spin	1788492384364	1788492384372	OK	 
REQUEST		Spin	1788492384374	1788492384382	OK	 
REQUEST		Spin	1788492384376	1788492384384	OK	 
REQUEST		Spin	1788492384378	1788492384386	OK	 
REQUEST		Spin	1788492384383	1788492384394	OK	 
REQUEST		Spin	1788492384387	1788492384400	OK	 
REQUEST		Spin	1788492384387	1788492384400	OK	 
REQUEST		Spin	1788492384536	1788492384546	OK	 
REQUEST		Spin	1788492384547	1788492384555	OK	 
REQUEST		Spin	1788492384547	1788492384555	OK	 
REQUEST		Spin	1788492384579	1788492384588	OK	 
USER	naga777-grpc-player-journey	START	1788492384682
REQUEST		Join	1788492384682	1788492384690	OK	 
REQUEST		Spin	1788492384690	1788492384699	OK	 
REQUEST		Spin	1788492384699	1788492384707	OK	 
REQUEST		Spin	1788492384706	1788492384716	OK	 
REQUEST		Spin	1788492384713	1788492384720	OK	 
REQUEST		Spin	1788492384720	1788492384727	OK	 
REQUEST		Spin	1788492384724	1788492384732	OK	 
REQUEST		Spin	1788492384726	1788492384733	OK	 
REQUEST		Spin	1788492384735	1788492384742	OK	 
REQUEST		Spin	1788492384786	1788492384794	OK	 
REQUEST		Spin	1788492384790	1788492384798	OK	 
REQUEST		Spin	1788492384799	1788492384807	OK	 
REQUEST		Spin	1788492384818	1788492384826	OK	 
USER	naga777-grpc-player-journey	START	1788492385015
REQUEST		Join	1788492385015	1788492385026	OK	 
REQUEST		Spin	1788492385026	1788492385036	OK	 
REQUEST		Spin	1788492385036	1788492385043	OK	 
REQUEST		Spin	1788492385037	1788492385045	OK	 
REQUEST		Spin	1788492385040	1788492385048	OK	 
REQUEST		Spin	1788492385043	1788492385050	OK	 
REQUEST		Spin	1788492385048	1788492385056	OK	 
REQUEST		Spin	1788492385049	1788492385057	OK	 
REQUEST		Spin	1788492385050	1788492385058	OK	 
REQUEST		Spin	1788492385050	1788492385059	OK	 
REQUEST		Spin	1788492385057	1788492385065	OK	 
REQUEST		Spin	1788492385057	1788492385065	OK	 
REQUEST		Spin	1788492385062	1788492385069	OK	 
USER	naga777-grpc-player-journey	START	1788492385266
REQUEST		Join	1788492385266	1788492385281	OK	 
REQUEST		Spin	1788492385282	1788492385291	OK	 
REQUEST		Spin	1788492385291	1788492385307	OK	 
REQUEST		Spin	1788492385296	1788492385313	OK	 
REQUEST		Spin	1788492385297	1788492385313	OK	 
REQUEST		Spin	1788492385296	1788492385314	OK	 
REQUEST		Spin	1788492385368	1788492385377	OK	 
REQUEST		Spin	1788492385373	1788492385382	OK	 
REQUEST		Spin	1788492385373	1788492385382	OK	 
REQUEST		Spin	1788492385379	1788492385386	OK	 
REQUEST		Spin	1788492385387	1788492385395	OK	 
REQUEST		Spin	1788492385392	1788492385400	OK	 
REQUEST		Spin	1788492385392	1788492385400	OK	 
USER	naga777-grpc-player-journey	START	1788492385516
REQUEST		Join	1788492385517	1788492385525	OK	 
REQUEST		Spin	1788492385525	1788492385533	OK	 
REQUEST		Spin	1788492385534	1788492385541	OK	 
REQUEST		Spin	1788492385546	1788492385554	OK	 
REQUEST		Spin	1788492385560	1788492385568	OK	 
REQUEST		Spin	1788492385565	1788492385573	OK	 
REQUEST		Spin	1788492385704	1788492385723	OK	 
REQUEST		Spin	1788492385706	1788492385723	OK	 
REQUEST		Spin	1788492385714	1788492385727	OK	 
REQUEST		Spin	1788492385719	1788492385730	OK	 
REQUEST		Spin	1788492385731	1788492385740	OK	 
REQUEST		Spin	1788492385730	1788492385740	OK	 
REQUEST		Spin	1788492385733	1788492385743	OK	 
USER	naga777-grpc-player-journey	START	1788492385767
REQUEST		Join	1788492385767	1788492385772	OK	 
REQUEST		Spin	1788492385772	1788492385780	OK	 
REQUEST		Spin	1788492385780	1788492385790	OK	 
REQUEST		Spin	1788492385789	1788492385796	OK	 
REQUEST		Spin	1788492385795	1788492385802	OK	 
REQUEST		Spin	1788492385806	1788492385813	OK	 
USER	naga777-grpc-player-journey	START	1788492386016
REQUEST		Join	1788492386016	1788492386028	OK	 
REQUEST		Spin	1788492386028	1788492386044	OK	 
REQUEST		Spin	1788492386043	1788492386057	OK	 
REQUEST		Spin	1788492386041	1788492386062	OK	 
REQUEST		Spin	1788492386044	1788492386063	OK	 
REQUEST		Spin	1788492386060	1788492386063	OK	 
REQUEST		Spin	1788492386050	1788492386069	OK	 
REQUEST		Spin	1788492386052	1788492386070	OK	 
REQUEST		Spin	1788492386052	1788492386070	OK	 
REQUEST		Spin	1788492386057	1788492386072	OK	 
REQUEST		Spin	1788492386062	1788492386075	OK	 
REQUEST		Spin	1788492386067	1788492386077	OK	 
REQUEST		Spin	1788492386068	1788492386077	OK	 
REQUEST		Spin	1788492386293	1788492386302	OK	 
REQUEST		Spin	1788492386308	1788492386316	OK	 
REQUEST		Spin	1788492386308	1788492386316	OK	 
USER	naga777-grpc-player-journey	START	1788492386350
REQUEST		Join	1788492386350	1788492386357	OK	 
REQUEST		Spin	1788492386357	1788492386365	OK	 
REQUEST		Spin	1788492386365	1788492386372	OK	 
REQUEST		Spin	1788492386375	1788492386382	OK	 
REQUEST		Spin	1788492386379	1788492386386	OK	 
REQUEST		Spin	1788492386380	1788492386386	OK	 
REQUEST		Spin	1788492386394	1788492386401	OK	 
REQUEST		Spin	1788492386393	1788492386401	OK	 
REQUEST		Spin	1788492386396	1788492386403	OK	 
REQUEST		Spin	1788492386406	1788492386413	OK	 
REQUEST		Spin	1788492386538	1788492386549	OK	 
REQUEST		Spin	1788492386564	1788492386573	OK	 
REQUEST		Spin	1788492386566	1788492386574	OK	 
USER	naga777-grpc-player-journey	START	1788492386684
REQUEST		Join	1788492386685	1788492386698	OK	 
REQUEST		Spin	1788492386698	1788492386710	OK	 
REQUEST		Spin	1788492386698	1788492386710	OK	 
REQUEST		Spin	1788492386710	1788492386720	OK	 
REQUEST		Spin	1788492386716	1788492386724	OK	 
REQUEST		Spin	1788492386714	1788492386724	OK	 
REQUEST		Spin	1788492386727	1788492386736	OK	 
REQUEST		Spin	1788492386729	1788492386737	OK	 
REQUEST		Spin	1788492386729	1788492386738	OK	 
REQUEST		Spin	1788492386735	1788492386743	OK	 
REQUEST		Spin	1788492386790	1788492386806	OK	 
REQUEST		Spin	1788492386792	1788492386806	OK	 
REQUEST		Spin	1788492386801	1788492386812	OK	 
USER	naga777-grpc-player-journey	START	1788492387016
REQUEST		Join	1788492387017	1788492387031	OK	 
REQUEST		Spin	1788492387031	1788492387044	OK	 
REQUEST		Spin	1788492387032	1788492387044	OK	 
REQUEST		Spin	1788492387044	1788492387056	OK	 
REQUEST		Spin	1788492387045	1788492387059	OK	 
REQUEST		Spin	1788492387045	1788492387059	OK	 
REQUEST		Spin	1788492387047	1788492387059	OK	 
REQUEST		Spin	1788492387051	1788492387064	OK	 
REQUEST		Spin	1788492387053	1788492387067	OK	 
REQUEST		Spin	1788492387056	1788492387067	OK	 
REQUEST		Spin	1788492387056	1788492387069	OK	 
REQUEST		Spin	1788492387057	1788492387069	OK	 
REQUEST		Spin	1788492387066	1788492387074	OK	 
REQUEST		Spin	1788492387065	1788492387074	OK	 
REQUEST		Spin	1788492387290	1788492387314	OK	 
REQUEST		Spin	1788492387302	1788492387315	OK	 
REQUEST		Spin	1788492387310	1788492387322	OK	 
REQUEST		Spin	1788492387317	1788492387326	OK	 
USER	naga777-grpc-player-journey	START	1788492387351
REQUEST		Join	1788492387351	1788492387358	OK	 
REQUEST		Spin	1788492387359	1788492387368	OK	 
REQUEST		Spin	1788492387368	1788492387377	OK	 
REQUEST		Spin	1788492387369	1788492387378	OK	 
REQUEST		Spin	1788492387373	1788492387381	OK	 
REQUEST		Spin	1788492387373	1788492387381	OK	 
REQUEST		Spin	1788492387380	1788492387388	OK	 
REQUEST		Spin	1788492387386	1788492387394	OK	 
REQUEST		Spin	1788492387391	1788492387398	OK	 
REQUEST		Spin	1788492387392	1788492387399	OK	 
REQUEST		Spin	1788492387531	1788492387544	OK	 
REQUEST		Spin	1788492387547	1788492387557	OK	 
REQUEST		Spin	1788492387549	1788492387559	OK	 
REQUEST		Spin	1788492387556	1788492387567	OK	 
USER	naga777-grpc-player-journey	START	1788492387683
REQUEST		Join	1788492387684	1788492387693	OK	 
REQUEST		Spin	1788492387693	1788492387703	OK	 
REQUEST		Spin	1788492387703	1788492387712	OK	 
REQUEST		Spin	1788492387714	1788492387722	OK	 
REQUEST		Spin	1788492387714	1788492387722	OK	 
REQUEST		Spin	1788492387715	1788492387723	OK	 
REQUEST		Spin	1788492387717	1788492387726	OK	 
REQUEST		Spin	1788492387721	1788492387728	OK	 
REQUEST		Spin	1788492387729	1788492387736	OK	 
REQUEST		Spin	1788492387743	1788492387751	OK	 
REQUEST		Spin	1788492387782	1788492387790	OK	 
REQUEST		Spin	1788492387787	1788492387797	OK	 
REQUEST		Spin	1788492387806	1788492387813	OK	 
REQUEST		Spin	1788492387810	1788492387816	OK	 
USER	naga777-grpc-player-journey	START	1788492388016
REQUEST		Join	1788492388016	1788492388028	OK	 
REQUEST		Spin	1788492388028	1788492388041	OK	 
REQUEST		Spin	1788492388033	1788492388043	OK	 
REQUEST		Spin	1788492388041	1788492388050	OK	 
REQUEST		Spin	1788492388047	1788492388060	OK	 
REQUEST		Spin	1788492388048	1788492388061	OK	 
REQUEST		Spin	1788492388050	1788492388064	OK	 
REQUEST		Spin	1788492388053	1788492388070	OK	 
REQUEST		Spin	1788492388055	1788492388075	OK	 
REQUEST		Spin	1788492388058	1788492388075	OK	 
REQUEST		Spin	1788492388057	1788492388075	OK	 
REQUEST		Spin	1788492388059	1788492388077	OK	 
REQUEST		Spin	1788492388065	1788492388079	OK	 
REQUEST		Spin	1788492388066	1788492388079	OK	 
USER	naga777-grpc-player-journey	START	1788492388266
REQUEST		Join	1788492388267	1788492388275	OK	 
REQUEST		Spin	1788492388275	1788492388284	OK	 
REQUEST		Spin	1788492388284	1788492388292	OK	 
REQUEST		Spin	1788492388297	1788492388305	OK	 
REQUEST		Spin	1788492388312	1788492388320	OK	 
REQUEST		Spin	1788492388324	1788492388335	OK	 
REQUEST		Spin	1788492388365	1788492388380	OK	 
REQUEST		Spin	1788492388373	1788492388385	OK	 
REQUEST		Spin	1788492388374	1788492388385	OK	 
REQUEST		Spin	1788492388376	1788492388387	OK	 
REQUEST		Spin	1788492388379	1788492388388	OK	 
REQUEST		Spin	1788492388379	1788492388389	OK	 
REQUEST		Spin	1788492388391	1788492388399	OK	 
REQUEST		Spin	1788492388400	1788492388401	OK	 
USER	naga777-grpc-player-journey	START	1788492388517
REQUEST		Join	1788492388518	1788492388527	OK	 
REQUEST		Spin	1788492388527	1788492388538	OK	 
REQUEST		Spin	1788492388538	1788492388546	OK	 
REQUEST		Spin	1788492388552	1788492388561	OK	 
REQUEST		Spin	1788492388553	1788492388561	OK	 
REQUEST		Spin	1788492388561	1788492388568	OK	 
REQUEST		Spin	1788492388705	1788492388727	OK	 
REQUEST		Spin	1788492388713	1788492388730	OK	 
REQUEST		Spin	1788492388717	1788492388730	OK	 
REQUEST		Spin	1788492388716	1788492388730	OK	 
REQUEST		Spin	1788492388720	1788492388734	OK	 
REQUEST		Spin	1788492388727	1788492388738	OK	 
USER	naga777-grpc-player-journey	START	1788492388767
REQUEST		Spin	1788492388759	1788492388767	OK	 
REQUEST		Join	1788492388767	1788492388772	OK	 
REQUEST		Spin	1788492388765	1788492388772	OK	 
REQUEST		Spin	1788492388772	1788492388779	OK	 
REQUEST		Spin	1788492388779	1788492388785	OK	 
REQUEST		Spin	1788492388790	1788492388797	OK	 
REQUEST		Spin	1788492388798	1788492388803	OK	 
REQUEST		Spin	1788492388811	1788492388817	OK	 
USER	naga777-grpc-player-journey	START	1788492389015
REQUEST		Join	1788492389015	1788492389028	OK	 
REQUEST		Spin	1788492389029	1788492389041	OK	 
REQUEST		Spin	1788492389035	1788492389046	OK	 
REQUEST		Spin	1788492389042	1788492389050	OK	 
REQUEST		Spin	1788492389049	1788492389058	OK	 
REQUEST		Spin	1788492389049	1788492389062	OK	 
REQUEST		Spin	1788492389048	1788492389064	OK	 
REQUEST		Spin	1788492389053	1788492389067	OK	 
REQUEST		Spin	1788492389052	1788492389068	OK	 
REQUEST		Spin	1788492389053	1788492389070	OK	 
REQUEST		Spin	1788492389055	1788492389070	OK	 
REQUEST		Spin	1788492389061	1788492389073	OK	 
REQUEST		Spin	1788492389065	1788492389075	OK	 
REQUEST		Spin	1788492389077	1788492389084	OK	 
REQUEST		Spin	1788492389304	1788492389319	OK	 
REQUEST		Spin	1788492389297	1788492389319	OK	 
REQUEST		Spin	1788492389301	1788492389320	OK	 
REQUEST		Spin	1788492389307	1788492389320	OK	 
USER	naga777-grpc-player-journey	START	1788492389349
REQUEST		Join	1788492389349	1788492389358	OK	 
REQUEST		Spin	1788492389359	1788492389370	OK	 
REQUEST		Spin	1788492389366	1788492389376	OK	 
REQUEST		Spin	1788492389370	1788492389379	OK	 
REQUEST		Spin	1788492389376	1788492389386	OK	 
REQUEST		Spin	1788492389377	1788492389388	OK	 
REQUEST		Spin	1788492389379	1788492389391	OK	 
REQUEST		Spin	1788492389385	1788492389397	OK	 
REQUEST		Spin	1788492389389	1788492389397	OK	 
REQUEST		Spin	1788492389388	1788492389398	OK	 
REQUEST		Spin	1788492389538	1788492389551	OK	 
REQUEST		Spin	1788492389549	1788492389563	OK	 
REQUEST		Spin	1788492389549	1788492389563	OK	 
REQUEST		Spin	1788492389580	1788492389592	OK	 
USER	naga777-grpc-player-journey	START	1788492389683
REQUEST		Join	1788492389683	1788492389692	OK	 
REQUEST		Spin	1788492389692	1788492389705	OK	 
REQUEST		Spin	1788492389701	1788492389712	OK	 
REQUEST		Spin	1788492389705	1788492389715	OK	 
REQUEST		Spin	1788492389706	1788492389715	OK	 
REQUEST		Spin	1788492389714	1788492389723	OK	 
REQUEST		Spin	1788492389720	1788492389731	OK	 
REQUEST		Spin	1788492389726	1788492389740	OK	 
REQUEST		Spin	1788492389727	1788492389742	OK	 
REQUEST		Spin	1788492389737	1788492389750	OK	 
REQUEST		Spin	1788492389788	1788492389797	OK	 
REQUEST		Spin	1788492389791	1788492389799	OK	 
REQUEST		Spin	1788492389800	1788492389809	OK	 
REQUEST		Spin	1788492389820	1788492389828	OK	 
USER	naga777-grpc-player-journey	START	1788492390016
REQUEST		Join	1788492390016	1788492390030	OK	 
REQUEST		Spin	1788492390031	1788492390045	OK	 
REQUEST		Spin	1788492390037	1788492390064	OK	 
REQUEST		Spin	1788492390039	1788492390065	OK	 
REQUEST		Spin	1788492390042	1788492390077	OK	 
REQUEST		Spin	1788492390044	1788492390077	OK	 
REQUEST		Spin	1788492390050	1788492390079	OK	 
REQUEST		Spin	1788492390045	1788492390082	OK	 
REQUEST		Spin	1788492390051	1788492390082	OK	 
REQUEST		Spin	1788492390051	1788492390083	OK	 
REQUEST		Spin	1788492390059	1788492390084	OK	 
REQUEST		Spin	1788492390051	1788492390085	OK	 
REQUEST		Spin	1788492390064	1788492390085	OK	 
REQUEST		Spin	1788492390059	1788492390086	OK	 
REQUEST		Spin	1788492390293	1788492390316	OK	 
REQUEST		Spin	1788492390296	1788492390318	OK	 
REQUEST		Spin	1788492390296	1788492390319	OK	 
REQUEST		Spin	1788492390298	1788492390324	OK	 
USER	naga777-grpc-player-journey	START	1788492390351
REQUEST		Join	1788492390351	1788492390357	OK	 
REQUEST		Spin	1788492390358	1788492390365	OK	 
REQUEST		Spin	1788492390366	1788492390374	OK	 
REQUEST		Spin	1788492390370	1788492390379	OK	 
REQUEST		Spin	1788492390374	1788492390382	OK	 
REQUEST		Spin	1788492390374	1788492390382	OK	 
REQUEST		Spin	1788492390381	1788492390389	OK	 
REQUEST		Spin	1788492390389	1788492390400	OK	 
REQUEST		Spin	1788492390393	1788492390402	OK	 
REQUEST		Spin	1788492390393	1788492390402	OK	 
REQUEST		Spin	1788492390534	1788492390555	OK	 
REQUEST		Spin	1788492390547	1788492390559	OK	 
REQUEST		Spin	1788492390561	1788492390571	OK	 
REQUEST		Spin	1788492390567	1788492390577	OK	 
USER	naga777-grpc-player-journey	START	1788492390684
REQUEST		Join	1788492390684	1788492390691	OK	 
REQUEST		Spin	1788492390691	1788492390700	OK	 
REQUEST		Spin	1788492390700	1788492390714	OK	 
REQUEST		Spin	1788492390705	1788492390718	OK	 
REQUEST		Spin	1788492390707	1788492390721	OK	 
REQUEST		Spin	1788492390714	1788492390727	OK	 
REQUEST		Spin	1788492390719	1788492390729	OK	 
REQUEST		Spin	1788492390731	1788492390742	OK	 
REQUEST		Spin	1788492390731	1788492390742	OK	 
REQUEST		Spin	1788492390735	1788492390748	OK	 
REQUEST		Spin	1788492390781	1788492390796	OK	 
REQUEST		Spin	1788492390789	1788492390799	OK	 
REQUEST		Spin	1788492390797	1788492390805	OK	 
REQUEST		Spin	1788492390806	1788492390813	OK	 
USER	naga777-grpc-player-journey	START	1788492391014
REQUEST		Join	1788492391014	1788492391025	OK	 
REQUEST		Spin	1788492391026	1788492391036	OK	 
REQUEST		Spin	1788492391036	1788492391047	OK	 
REQUEST		Spin	1788492391043	1788492391055	OK	 
REQUEST		Spin	1788492391044	1788492391055	OK	 
REQUEST		Spin	1788492391045	1788492391059	OK	 
REQUEST		Spin	1788492391061	1788492391064	OK	 
REQUEST		Spin	1788492391052	1788492391064	OK	 
REQUEST		Spin	1788492391054	1788492391066	OK	 
REQUEST		Spin	1788492391053	1788492391066	OK	 
REQUEST		Spin	1788492391058	1788492391071	OK	 
REQUEST		Spin	1788492391063	1788492391074	OK	 
REQUEST		Spin	1788492391067	1788492391076	OK	 
REQUEST		Spin	1788492391069	1788492391077	OK	 
USER	naga777-grpc-player-journey	START	1788492391265
REQUEST		Join	1788492391266	1788492391275	OK	 
REQUEST		Spin	1788492391275	1788492391290	OK	 
REQUEST		Spin	1788492391290	1788492391300	OK	 
REQUEST		Spin	1788492391294	1788492391306	OK	 
REQUEST		Spin	1788492391310	1788492391320	OK	 
REQUEST		Spin	1788492391310	1788492391320	OK	 
REQUEST		Spin	1788492391366	1788492391375	OK	 
REQUEST		Spin	1788492391377	1788492391386	OK	 
REQUEST		Spin	1788492391380	1788492391389	OK	 
REQUEST		Spin	1788492391380	1788492391391	OK	 
REQUEST		Spin	1788492391395	1788492391404	OK	 
REQUEST		Spin	1788492391395	1788492391407	OK	 
REQUEST		Spin	1788492391398	1788492391407	OK	 
REQUEST		Spin	1788492391408	1788492391417	OK	 
USER	naga777-grpc-player-journey	START	1788492391516
REQUEST		Join	1788492391516	1788492391523	OK	 
REQUEST		Spin	1788492391523	1788492391532	OK	 
REQUEST		Spin	1788492391532	1788492391541	OK	 
REQUEST		Spin	1788492391540	1788492391549	OK	 
REQUEST		Spin	1788492391566	1788492391576	OK	 
REQUEST		Spin	1788492391566	1788492391576	OK	 
REQUEST		Spin	1788492391699	1788492391709	OK	 
REQUEST		Spin	1788492391712	1788492391721	OK	 
REQUEST		Spin	1788492391715	1788492391722	OK	 
REQUEST		Spin	1788492391718	1788492391726	OK	 
REQUEST		Spin	1788492391728	1788492391737	OK	 
REQUEST		Spin	1788492391730	1788492391739	OK	 
REQUEST		Spin	1788492391730	1788492391739	OK	 
REQUEST		Spin	1788492391737	1788492391744	OK	 
USER	naga777-grpc-player-journey	START	1788492391766
REQUEST		Join	1788492391766	1788492391773	OK	 
REQUEST		Spin	1788492391773	1788492391781	OK	 
REQUEST		Spin	1788492391782	1788492391790	OK	 
REQUEST		Spin	1788492391791	1788492391799	OK	 
REQUEST		Spin	1788492391793	1788492391800	OK	 
REQUEST		Spin	1788492391802	1788492391809	OK	 
REQUEST		Spin	1788492392034	1788492392056	OK	 
REQUEST		Spin	1788492392046	1788492392065	OK	 
REQUEST		Spin	1788492392049	1788492392067	OK	 
REQUEST		Spin	1788492392047	1788492392070	OK	 
REQUEST		Spin	1788492392045	1788492392071	OK	 
REQUEST		Spin	1788492392054	1788492392075	OK	 
REQUEST		Spin	1788492392052	1788492392075	OK	 
REQUEST		Spin	1788492392058	1788492392077	OK	 
REQUEST		Spin	1788492392058	1788492392077	OK	 
REQUEST		Spin	1788492392057	1788492392077	OK	 
REQUEST		Spin	1788492392066	1788492392079	OK	 
REQUEST		Spin	1788492392067	1788492392080	OK	 
REQUEST		Spin	1788492392290	1788492392310	OK	 
REQUEST		Spin	1788492392304	1788492392316	OK	 
REQUEST		Spin	1788492392311	1788492392321	OK	 
REQUEST		Spin	1788492392318	1788492392329	OK	 
REQUEST		Spin	1788492392369	1788492392379	OK	 
REQUEST		Spin	1788492392370	1788492392379	OK	 
REQUEST		Spin	1788492392374	1788492392383	OK	 
REQUEST		Spin	1788492392374	1788492392383	OK	 
REQUEST		Spin	1788492392381	1788492392390	OK	 
REQUEST		Spin	1788492392387	1788492392395	OK	 
REQUEST		Spin	1788492392392	1788492392401	OK	 
REQUEST		Spin	1788492392393	1788492392402	OK	 
REQUEST		Spin	1788492392533	1788492392544	OK	 
REQUEST		Spin	1788492392550	1788492392559	OK	 
REQUEST		Spin	1788492392549	1788492392559	OK	 
REQUEST		Spin	1788492392558	1788492392567	OK	 
REQUEST		Spin	1788492392704	1788492392723	OK	 
REQUEST		Spin	1788492392715	1788492392730	OK	 
REQUEST		Spin	1788492392716	1788492392730	OK	 
REQUEST		Spin	1788492392714	1788492392731	OK	 
REQUEST		Spin	1788492392718	1788492392734	OK	 
REQUEST		Spin	1788492392722	1788492392737	OK	 
REQUEST		Spin	1788492392730	1788492392742	OK	 
REQUEST		Spin	1788492392743	1788492392751	OK	 
REQUEST		Spin	1788492392785	1788492392799	OK	 
REQUEST		Spin	1788492392788	1788492392799	OK	 
REQUEST		Spin	1788492392807	1788492392817	OK	 
REQUEST		Spin	1788492392812	1788492392822	OK	 
REQUEST		Spin	1788492393034	1788492393058	OK	 
REQUEST		Spin	1788492393043	1788492393063	OK	 
REQUEST		Spin	1788492393048	1788492393069	OK	 
REQUEST		Spin	1788492393049	1788492393073	OK	 
REQUEST		Spin	1788492393051	1788492393075	OK	 
REQUEST		Spin	1788492393054	1788492393075	OK	 
REQUEST		Spin	1788492393056	1788492393078	OK	 
REQUEST		Spin	1788492393059	1788492393085	OK	 
REQUEST		Spin	1788492393060	1788492393085	OK	 
REQUEST		Spin	1788492393066	1788492393085	OK	 
REQUEST		Spin	1788492393058	1788492393085	OK	 
REQUEST		Spin	1788492393067	1788492393089	OK	 
REQUEST		Spin	1788492393286	1788492393303	OK	 
REQUEST		Spin	1788492393298	1788492393308	OK	 
REQUEST		Spin	1788492393312	1788492393321	OK	 
REQUEST		Spin	1788492393325	1788492393334	OK	 
REQUEST		Spin	1788492393368	1788492393379	OK	 
REQUEST		Spin	1788492393374	1788492393387	OK	 
REQUEST		Spin	1788492393376	1788492393387	OK	 
REQUEST		Spin	1788492393378	1788492393390	OK	 
REQUEST		Spin	1788492393377	1788492393391	OK	 
REQUEST		Spin	1788492393380	1788492393391	OK	 
REQUEST		Spin	1788492393392	1788492393403	OK	 
REQUEST		Spin	1788492393402	1788492393405	OK	 
REQUEST		Spin	1788492393540	1788492393553	OK	 
REQUEST		Spin	1788492393554	1788492393563	OK	 
REQUEST		Spin	1788492393555	1788492393563	OK	 
REQUEST		Spin	1788492393562	1788492393574	OK	 
REQUEST		Spin	1788492393707	1788492393724	OK	 
REQUEST		Spin	1788492393714	1788492393728	OK	 
REQUEST		Spin	1788492393716	1788492393730	OK	 
REQUEST		Spin	1788492393718	1788492393732	OK	 
REQUEST		Spin	1788492393722	1788492393734	OK	 
REQUEST		Spin	1788492393729	1788492393740	OK	 
REQUEST		Spin	1788492393760	1788492393770	OK	 
REQUEST		Spin	1788492393767	1788492393776	OK	 
REQUEST		Spin	1788492393779	1788492393788	OK	 
REQUEST		Spin	1788492393791	1788492393801	OK	 
REQUEST		Spin	1788492393799	1788492393811	OK	 
REQUEST		Spin	1788492393812	1788492393820	OK	 
REQUEST		Spin	1788492394036	1788492394048	OK	 
REQUEST		Spin	1788492394043	1788492394057	OK	 
REQUEST		Spin	1788492394048	1788492394070	OK	 
REQUEST		Spin	1788492394055	1788492394070	OK	 
REQUEST		Spin	1788492394052	1788492394074	OK	 
REQUEST		Spin	1788492394050	1788492394075	OK	 
REQUEST		Spin	1788492394055	1788492394076	OK	 
REQUEST		Spin	1788492394053	1788492394076	OK	 
REQUEST		Spin	1788492394063	1788492394077	OK	 
REQUEST		Spin	1788492394057	1788492394077	OK	 
REQUEST		Spin	1788492394066	1788492394080	OK	 
REQUEST		Spin	1788492394078	1788492394085	OK	 
REQUEST		Spin	1788492394301	1788492394330	OK	 
REQUEST		Spin	1788492394298	1788492394330	OK	 
REQUEST		Spin	1788492394305	1788492394330	OK	 
REQUEST		Spin	1788492394308	1788492394331	OK	 
REQUEST		Spin	1788492394366	1788492394380	OK	 
REQUEST		Spin	1788492394370	1788492394382	OK	 
REQUEST		Spin	1788492394377	1788492394391	OK	 
REQUEST		Spin	1788492394381	1788492394397	OK	 
REQUEST		Spin	1788492394379	1788492394398	OK	 
REQUEST		Spin	1788492394387	1788492394402	OK	 
REQUEST		Spin	1788492394391	1788492394403	OK	 
REQUEST		Spin	1788492394390	1788492394404	OK	 
REQUEST		Spin	1788492394538	1788492394566	OK	 
REQUEST		Spin	1788492394564	1788492394582	OK	 
REQUEST		Spin	1788492394565	1788492394582	OK	 
REQUEST		Spin	1788492394581	1788492394590	OK	 
REQUEST		Spin	1788492394703	1788492394712	OK	 
REQUEST		Spin	1788492394707	1788492394715	OK	 
REQUEST		Spin	1788492394707	1788492394715	OK	 
REQUEST		Spin	1788492394715	1788492394723	OK	 
REQUEST		Spin	1788492394722	1788492394729	OK	 
REQUEST		Spin	1788492394728	1788492394738	OK	 
REQUEST		Spin	1788492394728	1788492394738	OK	 
REQUEST		Spin	1788492394739	1788492394745	OK	 
REQUEST		Spin	1788492394789	1788492394798	OK	 
REQUEST		Spin	1788492394792	1788492394800	OK	 
REQUEST		Spin	1788492394801	1788492394816	OK	 
REQUEST		Spin	1788492394820	1788492394830	OK	 
REQUEST		Spin	1788492395042	1788492395078	OK	 
REQUEST		Spin	1788492395051	1788492395079	OK	 
REQUEST		Spin	1788492395042	1788492395081	OK	 
REQUEST		Spin	1788492395045	1788492395082	OK	 
REQUEST		Spin	1788492395059	1788492395086	OK	 
REQUEST		Spin	1788492395052	1788492395086	OK	 
REQUEST		Spin	1788492395052	1788492395086	OK	 
REQUEST		Spin	1788492395044	1788492395086	OK	 
REQUEST		Spin	1788492395053	1788492395087	OK	 
REQUEST		Spin	1788492395049	1788492395087	OK	 
REQUEST		Spin	1788492395065	1788492395089	OK	 
REQUEST		Spin	1788492395061	1788492395091	OK	 
REQUEST		Spin	1788492395295	1788492395318	OK	 
REQUEST		Spin	1788492395296	1788492395318	OK	 
REQUEST		Spin	1788492395299	1788492395318	OK	 
REQUEST		Spin	1788492395298	1788492395318	OK	 
REQUEST		Spin	1788492395368	1788492395379	OK	 
REQUEST		Spin	1788492395370	1788492395380	OK	 
REQUEST		Spin	1788492395376	1788492395384	OK	 
REQUEST		Spin	1788492395375	1788492395384	OK	 
REQUEST		Spin	1788492395383	1788492395392	OK	 
REQUEST		Spin	1788492395390	1788492395399	OK	 
REQUEST		Spin	1788492395393	1788492395402	OK	 
REQUEST		Spin	1788492395395	1788492395403	OK	 
REQUEST		Spin	1788492395536	1788492395552	OK	 
REQUEST		Spin	1788492395550	1788492395563	OK	 
REQUEST		Spin	1788492395562	1788492395573	OK	 
REQUEST		Spin	1788492395568	1788492395577	OK	 
REQUEST		Spin	1788492395702	1788492395717	OK	 
REQUEST		Spin	1788492395707	1788492395721	OK	 
REQUEST		Spin	1788492395707	1788492395721	OK	 
REQUEST		Spin	1788492395715	1788492395730	OK	 
REQUEST		Spin	1788492395720	1788492395734	OK	 
REQUEST		Spin	1788492395733	1788492395744	OK	 
REQUEST		Spin	1788492395733	1788492395744	OK	 
REQUEST		Spin	1788492395736	1788492395745	OK	 
REQUEST		Spin	1788492395782	1788492395793	OK	 
REQUEST		Spin	1788492395790	1788492395799	OK	 
REQUEST		Spin	1788492395798	1788492395807	OK	 
REQUEST		Spin	1788492395807	1788492395815	OK	 
REQUEST		Spin	1788492396036	1788492396063	OK	 
REQUEST		Spin	1788492396063	1788492396067	OK	 
REQUEST		Spin	1788492396047	1788492396071	OK	 
REQUEST		Spin	1788492396044	1788492396071	OK	 
REQUEST		Spin	1788492396046	1788492396072	OK	 
REQUEST		Spin	1788492396052	1788492396076	OK	 
REQUEST		Spin	1788492396054	1788492396081	OK	 
REQUEST		Spin	1788492396056	1788492396081	OK	 
REQUEST		Spin	1788492396059	1788492396082	OK	 
REQUEST		Spin	1788492396064	1788492396086	OK	 
REQUEST		Spin	1788492396069	1788492396086	OK	 
REQUEST		Spin	1788492396071	1788492396086	OK	 
REQUEST		Spin	1788492396291	1788492396310	OK	 
REQUEST		Spin	1788492396296	1788492396311	OK	 
REQUEST		Spin	1788492396312	1788492396324	OK	 
REQUEST		Spin	1788492396311	1788492396324	OK	 
REQUEST		Spin	1788492396368	1788492396382	OK	 
REQUEST		Spin	1788492396381	1788492396393	OK	 
REQUEST		Spin	1788492396379	1788492396394	OK	 
REQUEST		Spin	1788492396381	1788492396394	OK	 
REQUEST		Spin	1788492396397	1788492396406	OK	 
REQUEST		Spin	1788492396396	1788492396406	OK	 
REQUEST		Spin	1788492396400	1788492396410	OK	 
REQUEST		Spin	1788492396410	1788492396419	OK	 
REQUEST		Spin	1788492396534	1788492396543	OK	 
REQUEST		Spin	1788492396542	1788492396551	OK	 
REQUEST		Spin	1788492396566	1788492396575	OK	 
REQUEST		Spin	1788492396568	1788492396575	OK	 
REQUEST		Spin	1788492396701	1788492396710	OK	 
REQUEST		Spin	1788492396713	1788492396722	OK	 
REQUEST		Spin	1788492396717	1788492396724	OK	 
REQUEST		Spin	1788492396719	1788492396726	OK	 
REQUEST		Spin	1788492396730	1788492396738	OK	 
REQUEST		Spin	1788492396732	1788492396738	OK	 
REQUEST		Spin	1788492396732	1788492396738	OK	 
REQUEST		Spin	1788492396739	1788492396745	OK	 
REQUEST		Spin	1788492396783	1788492396794	OK	 
REQUEST		Spin	1788492396793	1788492396803	OK	 
REQUEST		Spin	1788492396795	1788492396805	OK	 
REQUEST		Spin	1788492396803	1788492396809	OK	 
REQUEST		Spin	1788492397035	1788492397062	OK	 
REQUEST		Spin	1788492397045	1788492397070	OK	 
REQUEST		Spin	1788492397048	1788492397070	OK	 
REQUEST		Spin	1788492397048	1788492397074	OK	 
REQUEST		Spin	1788492397054	1788492397076	OK	 
REQUEST		Spin	1788492397052	1788492397077	OK	 
REQUEST		Spin	1788492397058	1788492397077	OK	 
REQUEST		Spin	1788492397055	1788492397079	OK	 
REQUEST		Spin	1788492397059	1788492397080	OK	 
REQUEST		Spin	1788492397060	1788492397081	OK	 
REQUEST		Spin	1788492397069	1788492397086	OK	 
REQUEST		Spin	1788492397068	1788492397086	OK	 
REQUEST		Spin	1788492397291	1788492397316	OK	 
REQUEST		Spin	1788492397305	1788492397321	OK	 
REQUEST		Spin	1788492397312	1788492397326	OK	 
REQUEST		Spin	1788492397319	1788492397332	OK	 
REQUEST		Spin	1788492397371	1788492397383	OK	 
REQUEST		Spin	1788492397371	1788492397386	OK	 
REQUEST		Spin	1788492397375	1788492397386	OK	 
REQUEST		Spin	1788492397375	1788492397386	OK	 
REQUEST		Spin	1788492397382	1788492397392	OK	 
REQUEST		Spin	1788492397389	1788492397399	OK	 
REQUEST		Spin	1788492397394	1788492397403	OK	 
REQUEST		Spin	1788492397394	1788492397403	OK	 
REQUEST		Spin	1788492397534	1788492397552	OK	 
REQUEST		Spin	1788492397551	1788492397565	OK	 
REQUEST		Spin	1788492397552	1788492397565	OK	 
REQUEST		Spin	1788492397561	1788492397572	OK	 
REQUEST		Spin	1788492397716	1788492397748	OK	 
REQUEST		Spin	1788492397705	1788492397749	OK	 
REQUEST		Spin	1788492397718	1788492397754	OK	 
REQUEST		Spin	1788492397716	1788492397754	OK	 
REQUEST		Spin	1788492397719	1788492397759	OK	 
REQUEST		Spin	1788492397724	1788492397762	OK	 
REQUEST		Spin	1788492397734	1788492397764	OK	 
REQUEST		Spin	1788492397748	1788492397769	OK	 
REQUEST		Spin	1788492397808	1788492397860	OK	 
REQUEST		Spin	1788492397789	1788492397860	OK	 
REQUEST		Spin	1788492397785	1788492397860	OK	 
REQUEST		Spin	1788492397813	1788492397861	OK	 
REQUEST		Spin	1788492398035	1788492398048	OK	 
REQUEST		Spin	1788492398045	1788492398061	OK	 
REQUEST		Spin	1788492398051	1788492398066	OK	 
REQUEST		Spin	1788492398050	1788492398069	OK	 
REQUEST		Spin	1788492398052	1788492398071	OK	 
REQUEST		Spin	1788492398055	1788492398071	OK	 
REQUEST		Spin	1788492398057	1788492398075	OK	 
REQUEST		Spin	1788492398059	1788492398077	OK	 
REQUEST		Spin	1788492398060	1788492398077	OK	 
REQUEST		Spin	1788492398061	1788492398077	OK	 
REQUEST		Spin	1788492398068	1788492398080	OK	 
REQUEST		Spin	1788492398068	1788492398080	OK	 
REQUEST		Spin	1788492398287	1788492398302	OK	 
REQUEST		Spin	1788492398298	1788492398306	OK	 
REQUEST		Spin	1788492398314	1788492398324	OK	 
REQUEST		Spin	1788492398327	1788492398336	OK	 
REQUEST		Spin	1788492398368	1788492398378	OK	 
REQUEST		Spin	1788492398375	1788492398386	OK	 
REQUEST		Spin	1788492398377	1788492398386	OK	 
REQUEST		Spin	1788492398378	1788492398386	OK	 
REQUEST		Spin	1788492398379	1788492398390	OK	 
REQUEST		Spin	1788492398381	1788492398390	OK	 
REQUEST		Spin	1788492398393	1788492398403	OK	 
REQUEST		Spin	1788492398403	1788492398404	OK	 
REQUEST		Spin	1788492398541	1788492398555	OK	 
REQUEST		Spin	1788492398555	1788492398567	OK	 
REQUEST		Spin	1788492398558	1788492398567	OK	 
REQUEST		Spin	1788492398564	1788492398574	OK	 
REQUEST		Spin	1788492398708	1788492398725	OK	 
REQUEST		Spin	1788492398716	1788492398729	OK	 
REQUEST		Spin	1788492398717	1788492398729	OK	 
REQUEST		Spin	1788492398719	1788492398729	OK	 
REQUEST		Spin	1788492398724	1788492398733	OK	 
REQUEST		Spin	1788492398731	1788492398739	OK	 
REQUEST		Spin	1788492398763	1788492398774	OK	 
REQUEST		Spin	1788492398769	1788492398778	OK	 
REQUEST		Spin	1788492398781	1788492398790	OK	 
REQUEST		Spin	1788492398792	1788492398800	OK	 
REQUEST		Spin	1788492398800	1788492398807	OK	 
REQUEST		Spin	1788492398813	1788492398821	OK	 
REQUEST		Spin	1788492399038	1788492399055	OK	 
REQUEST		Spin	1788492399043	1788492399058	OK	 
REQUEST		Spin	1788492399050	1788492399063	OK	 
REQUEST		Spin	1788492399049	1788492399064	OK	 
REQUEST		Spin	1788492399051	1788492399064	OK	 
REQUEST		Spin	1788492399055	1788492399068	OK	 
REQUEST		Spin	1788492399055	1788492399069	OK	 
REQUEST		Spin	1788492399058	1788492399070	OK	 
REQUEST		Spin	1788492399057	1788492399071	OK	 
REQUEST		Spin	1788492399064	1788492399075	OK	 
REQUEST		Spin	1788492399067	1788492399076	OK	 
REQUEST		Spin	1788492399079	1788492399086	OK	 
REQUEST		Spin	1788492399300	1788492399315	OK	 
REQUEST		Spin	1788492399303	1788492399315	OK	 
REQUEST		Spin	1788492399307	1788492399321	OK	 
REQUEST		Spin	1788492399309	1788492399324	OK	 
REQUEST		Spin	1788492399368	1788492399376	OK	 
REQUEST		Spin	1788492399371	1788492399377	OK	 
REQUEST		Spin	1788492399379	1788492399387	OK	 
REQUEST		Spin	1788492399380	1788492399389	OK	 
REQUEST		Spin	1788492399382	1788492399389	OK	 
REQUEST		Spin	1788492399388	1788492399397	OK	 
REQUEST		Spin	1788492399391	1788492399398	OK	 
REQUEST		Spin	1788492399392	1788492399400	OK	 
REQUEST		Spin	1788492399539	1788492399547	OK	 
REQUEST		Spin	1788492399567	1788492399575	OK	 
REQUEST		Spin	1788492399566	1788492399575	OK	 
REQUEST		Spin	1788492399583	1788492399590	OK	 
REQUEST		Spin	1788492399703	1788492399712	OK	 
REQUEST		Spin	1788492399708	1788492399717	OK	 
REQUEST		Spin	1788492399708	1788492399717	OK	 
REQUEST		Spin	1788492399715	1788492399722	OK	 
REQUEST		Spin	1788492399723	1788492399729	OK	 
REQUEST		Spin	1788492399728	1788492399736	OK	 
REQUEST		Spin	1788492399728	1788492399736	OK	 
REQUEST		Spin	1788492399741	1788492399747	OK	 
REQUEST		Spin	1788492399791	1788492399799	OK	 
REQUEST		Spin	1788492399793	1788492399801	OK	 
REQUEST		Spin	1788492399803	1788492399809	OK	 
REQUEST		Spin	1788492399821	1788492399828	OK	 
REQUEST		Spin	1788492400044	1788492400059	OK	 
REQUEST		Spin	1788492400045	1788492400059	OK	 
REQUEST		Spin	1788492400044	1788492400063	OK	 
REQUEST		Spin	1788492400045	1788492400063	OK	 
REQUEST		Spin	1788492400051	1788492400067	OK	 
REQUEST		Spin	1788492400053	1788492400075	OK	 
REQUEST		Spin	1788492400053	1788492400075	OK	 
REQUEST		Spin	1788492400054	1788492400076	OK	 
REQUEST		Spin	1788492400053	1788492400078	OK	 
REQUEST		Spin	1788492400060	1788492400080	OK	 
REQUEST		Spin	1788492400062	1788492400080	OK	 
REQUEST		Spin	1788492400067	1788492400085	OK	 
REQUEST		Spin	1788492400297	1788492400307	OK	 
REQUEST		Spin	1788492400297	1788492400307	OK	 
REQUEST		Spin	1788492400300	1788492400309	OK	 
REQUEST		Spin	1788492400301	1788492400310	OK	 
REQUEST		Spin	1788492400370	1788492400384	OK	 
REQUEST		Spin	1788492400372	1788492400388	OK	 
REQUEST		Spin	1788492400378	1788492400394	OK	 
REQUEST		Spin	1788492400377	1788492400396	OK	 
REQUEST		Spin	1788492400384	1788492400397	OK	 
REQUEST		Spin	1788492400391	1788492400403	OK	 
REQUEST		Spin	1788492400394	1788492400404	OK	 
REQUEST		Spin	1788492400396	1788492400404	OK	 
REQUEST		Spin	1788492400537	1788492400554	OK	 
REQUEST		Spin	1788492400552	1788492400564	OK	 
REQUEST		Spin	1788492400563	1788492400573	OK	 
REQUEST		Spin	1788492400569	1788492400578	OK	 
REQUEST		Spin	1788492400702	1788492400715	OK	 
REQUEST		Spin	1788492400709	1788492400721	OK	 
REQUEST		Spin	1788492400709	1788492400722	OK	 
REQUEST		Spin	1788492400716	1788492400727	OK	 
REQUEST		Spin	1788492400721	1788492400731	OK	 
REQUEST		Spin	1788492400734	1788492400744	OK	 
REQUEST		Spin	1788492400734	1788492400744	OK	 
REQUEST		Spin	1788492400738	1788492400746	OK	 
REQUEST		Spin	1788492400784	1788492400793	OK	 
REQUEST		Spin	1788492400791	1788492400799	OK	 
REQUEST		Spin	1788492400800	1788492400808	OK	 
REQUEST		Spin	1788492400808	1788492400817	OK	 
REQUEST		Spin	1788492401037	1788492401051	OK	 
REQUEST		Spin	1788492401045	1788492401059	OK	 
REQUEST		Spin	1788492401047	1788492401061	OK	 
REQUEST		Spin	1788492401063	1788492401066	OK	 
REQUEST		Spin	1788492401049	1788492401068	OK	 
REQUEST		Spin	1788492401054	1788492401069	OK	 
REQUEST		Spin	1788492401055	1788492401072	OK	 
REQUEST		Spin	1788492401061	1788492401073	OK	 
REQUEST		Spin	1788492401056	1788492401076	OK	 
REQUEST		Spin	1788492401065	1788492401078	OK	 
REQUEST		Spin	1788492401070	1788492401080	OK	 
REQUEST		Spin	1788492401072	1788492401081	OK	 
REQUEST		Spin	1788492401293	1788492401318	OK	 
REQUEST		Spin	1788492401297	1788492401318	OK	 
REQUEST		Spin	1788492401311	1788492401324	OK	 
REQUEST		Spin	1788492401313	1788492401326	OK	 
REQUEST		Spin	1788492401370	1788492401381	OK	 
REQUEST		Spin	1788492401383	1788492401396	OK	 
REQUEST		Spin	1788492401383	1788492401396	OK	 
REQUEST		Spin	1788492401381	1788492401397	OK	 
REQUEST		Spin	1788492401398	1788492401409	OK	 
REQUEST		Spin	1788492401398	1788492401409	OK	 
REQUEST		Spin	1788492401401	1788492401411	OK	 
REQUEST		Spin	1788492401412	1788492401419	OK	 
REQUEST		Spin	1788492401535	1788492401549	OK	 
REQUEST		Spin	1788492401544	1788492401555	OK	 
REQUEST		Spin	1788492401569	1788492401578	OK	 
REQUEST		Spin	1788492401567	1788492401578	OK	 
REQUEST		Spin	1788492401703	1788492401743	OK	 
REQUEST		Spin	1788492401714	1788492401781	OK	 
REQUEST		Spin	1788492401719	1788492401800	OK	 
REQUEST		Spin	1788492401721	1788492401802	OK	 
REQUEST		Spin	1788492401741	1788492401803	OK	 
REQUEST		Spin	1788492401731	1788492401803	OK	 
REQUEST		Spin	1788492401732	1788492401807	OK	 
REQUEST		Spin	1788492401734	1788492401808	OK	 
REQUEST		Spin	1788492401784	1788492401815	OK	 
REQUEST		Spin	1788492401797	1788492401817	OK	 
REQUEST		Spin	1788492401795	1788492401817	OK	 
REQUEST		Spin	1788492401805	1788492401821	OK	 
REQUEST		Spin	1788492402036	1788492402050	OK	 
REQUEST		Spin	1788492402050	1788492402069	OK	 
REQUEST		Spin	1788492402052	1788492402078	OK	 
REQUEST		Spin	1788492402050	1788492402078	OK	 
REQUEST		Spin	1788492402049	1788492402081	OK	 
REQUEST		Spin	1788492402053	1788492402087	OK	 
REQUEST		Spin	1788492402069	1788492402106	OK	 
REQUEST		Spin	1788492402065	1788492402107	OK	 
REQUEST		Spin	1788492402065	1788492402109	OK	 
REQUEST		Spin	1788492402065	1788492402109	OK	 
REQUEST		Spin	1788492402065	1788492402111	OK	 
REQUEST		Spin	1788492402071	1788492402111	OK	 
REQUEST		Spin	1788492402292	1788492402309	OK	 
REQUEST		Spin	1788492402306	1788492402322	OK	 
REQUEST		Spin	1788492402314	1788492402328	OK	 
REQUEST		Spin	1788492402320	1788492402333	OK	 
REQUEST		Spin	1788492402373	1788492402392	OK	 
REQUEST		Spin	1788492402372	1788492402392	OK	 
REQUEST		Spin	1788492402377	1788492402399	OK	 
REQUEST		Spin	1788492402383	1788492402403	OK	 
REQUEST		Spin	1788492402390	1788492402410	OK	 
REQUEST		Spin	1788492402396	1788492402412	OK	 
REQUEST		Spin	1788492402396	1788492402412	OK	 
REQUEST		Spin	1788492402376	1788492402448	OK	 
REQUEST		Spin	1788492402536	1788492402545	OK	 
REQUEST		Spin	1788492402551	1788492402563	OK	 
REQUEST		Spin	1788492402554	1788492402563	OK	 
REQUEST		Spin	1788492402561	1788492402571	OK	 
REQUEST		Spin	1788492402707	1788492402716	OK	 
REQUEST		Spin	1788492402716	1788492402732	OK	 
REQUEST		Spin	1788492402718	1788492402733	OK	 
REQUEST		Spin	1788492402720	1788492402735	OK	 
REQUEST		Spin	1788492402720	1788492402736	OK	 
REQUEST		Spin	1788492402725	1788492402740	OK	 
REQUEST		Spin	1788492402734	1788492402743	OK	 
REQUEST		Spin	1788492402749	1788492402759	OK	 
REQUEST		Spin	1788492402787	1788492402800	OK	 
REQUEST		Spin	1788492402790	1788492402803	OK	 
REQUEST		Spin	1788492402809	1788492402821	OK	 
REQUEST		Spin	1788492402815	1788492402825	OK	 
REQUEST		Spin	1788492403036	1788492403053	OK	 
REQUEST		Spin	1788492403047	1788492403062	OK	 
REQUEST		Spin	1788492403051	1788492403066	OK	 
REQUEST		Spin	1788492403053	1788492403067	OK	 
REQUEST		Spin	1788492403053	1788492403067	OK	 
REQUEST		Spin	1788492403056	1788492403070	OK	 
REQUEST		Spin	1788492403058	1788492403074	OK	 
REQUEST		Spin	1788492403061	1788492403077	OK	 
REQUEST		Spin	1788492403061	1788492403077	OK	 
REQUEST		Spin	1788492403064	1788492403079	OK	 
REQUEST		Spin	1788492403070	1788492403082	OK	 
REQUEST		Spin	1788492403070	1788492403082	OK	 
REQUEST		Spin	1788492403289	1788492403304	OK	 
REQUEST		Spin	1788492403299	1788492403308	OK	 
REQUEST		Spin	1788492403315	1788492403325	OK	 
REQUEST		Spin	1788492403329	1788492403336	OK	 
REQUEST		Spin	1788492403369	1788492403385	OK	 
REQUEST		Spin	1788492403376	1788492403393	OK	 
REQUEST		Spin	1788492403379	1788492403395	OK	 
REQUEST		Spin	1788492403380	1788492403396	OK	 
REQUEST		Spin	1788492403378	1788492403397	OK	 
REQUEST		Spin	1788492403383	1788492403401	OK	 
REQUEST		Spin	1788492403404	1788492403405	OK	 
REQUEST		Spin	1788492403395	1788492403406	OK	 
REQUEST		Spin	1788492403542	1788492403553	OK	 
REQUEST		Spin	1788492403556	1788492403569	OK	 
REQUEST		Spin	1788492403559	1788492403572	OK	 
REQUEST		Spin	1788492403563	1788492403574	OK	 
REQUEST		Spin	1788492403709	1788492403726	OK	 
REQUEST		Spin	1788492403717	1788492403730	OK	 
REQUEST		Spin	1788492403720	1788492403731	OK	 
REQUEST		Spin	1788492403718	1788492403732	OK	 
REQUEST		Spin	1788492403725	1788492403733	OK	 
REQUEST		Spin	1788492403731	1788492403738	OK	 
REQUEST		Spin	1788492403763	1788492403771	OK	 
REQUEST		Spin	1788492403769	1788492403777	OK	 
REQUEST		Spin	1788492403783	1788492403792	OK	 
REQUEST		Spin	1788492403793	1788492403800	OK	 
REQUEST		Spin	1788492403802	1788492403811	OK	 
REQUEST		Spin	1788492403813	1788492403824	OK	 
REQUEST		Spin	1788492404040	1788492404058	OK	 
REQUEST		Spin	1788492404044	1788492404059	OK	 
REQUEST		Spin	1788492404051	1788492404069	OK	 
REQUEST		Spin	1788492404051	1788492404070	OK	 
REQUEST		Spin	1788492404051	1788492404070	OK	 
REQUEST		Spin	1788492404058	1788492404072	OK	 
REQUEST		Spin	1788492404055	1788492404072	OK	 
REQUEST		Spin	1788492404059	1788492404072	OK	 
REQUEST		Spin	1788492404056	1788492404073	OK	 
REQUEST		Spin	1788492404066	1788492404080	OK	 
REQUEST		Spin	1788492404071	1788492404085	OK	 
REQUEST		Spin	1788492404081	1788492404093	OK	 
REQUEST		Spin	1788492404304	1788492404327	OK	 
REQUEST		Spin	1788492404301	1788492404326	OK	 
REQUEST		Spin	1788492404308	1788492404330	OK	 
REQUEST		Spin	1788492404311	1788492404332	OK	 
REQUEST		Spin	1788492404370	1788492404388	OK	 
REQUEST		Spin	1788492404372	1788492404390	OK	 
REQUEST		Spin	1788492404381	1788492404395	OK	 
REQUEST		Spin	1788492404381	1788492404397	OK	 
REQUEST		Spin	1788492404384	1788492404397	OK	 
REQUEST		Spin	1788492404390	1788492404404	OK	 
REQUEST		Spin	1788492404392	1788492404406	OK	 
REQUEST		Spin	1788492404392	1788492404406	OK	 
REQUEST		Spin	1788492404541	1788492404552	OK	 
REQUEST		Spin	1788492404568	1788492404580	OK	 
REQUEST		Spin	1788492404568	1788492404580	OK	 
REQUEST		Spin	1788492404585	1788492404594	OK	 
REQUEST		Spin	1788492404704	1788492404725	OK	 
REQUEST		Spin	1788492404709	1788492404725	OK	 
REQUEST		Spin	1788492404710	1788492404727	OK	 
REQUEST		Spin	1788492404716	1788492404729	OK	 
REQUEST		Spin	1788492404725	1788492404735	OK	 
REQUEST		Spin	1788492404728	1788492404737	OK	 
REQUEST		Spin	1788492404730	1788492404738	OK	 
REQUEST		Spin	1788492404741	1788492404749	OK	 
REQUEST		Spin	1788492404791	1788492404801	OK	 
REQUEST		Spin	1788492404795	1788492404802	OK	 
REQUEST		Spin	1788492404805	1788492404813	OK	 
REQUEST		Spin	1788492404821	1788492404828	OK	 
REQUEST		Spin	1788492405046	1788492405084	OK	 
REQUEST		Spin	1788492405046	1788492405089	OK	 
REQUEST		Spin	1788492405046	1788492405090	OK	 
REQUEST		Spin	1788492405046	1788492405091	OK	 
REQUEST		Spin	1788492405053	1788492405092	OK	 
REQUEST		Spin	1788492405051	1788492405097	OK	 
REQUEST		Spin	1788492405061	1788492405097	OK	 
REQUEST		Spin	1788492405055	1788492405097	OK	 
REQUEST		Spin	1788492405053	1788492405097	OK	 
REQUEST		Spin	1788492405062	1788492405100	OK	 
REQUEST		Spin	1788492405056	1788492405102	OK	 
REQUEST		Spin	1788492405066	1788492405106	OK	 
REQUEST		Spin	1788492405301	1788492405319	OK	 
REQUEST		Spin	1788492405300	1788492405319	OK	 
REQUEST		Spin	1788492405302	1788492405320	OK	 
REQUEST		Spin	1788492405299	1788492405320	OK	 
REQUEST		Spin	1788492405370	1788492405380	OK	 
REQUEST		Spin	1788492405374	1788492405382	OK	 
REQUEST		Spin	1788492405379	1788492405388	OK	 
REQUEST		Spin	1788492405379	1788492405388	OK	 
REQUEST		Spin	1788492405385	1788492405401	OK	 
REQUEST		Spin	1788492405395	1788492405405	OK	 
REQUEST		Spin	1788492405393	1788492405405	OK	 
REQUEST		Spin	1788492405398	1788492405412	OK	 
REQUEST		Spin	1788492405539	1788492405554	OK	 
REQUEST		Spin	1788492405553	1788492405563	OK	 
REQUEST		Spin	1788492405565	1788492405573	OK	 
REQUEST		Spin	1788492405571	1788492405579	OK	 
REQUEST		Spin	1788492405704	1788492405720	OK	 
REQUEST		Spin	1788492405711	1788492405724	OK	 
REQUEST		Spin	1788492405711	1788492405725	OK	 
REQUEST		Spin	1788492405717	1788492405729	OK	 
REQUEST		Spin	1788492405722	1788492405733	OK	 
REQUEST		Spin	1788492405736	1788492405746	OK	 
REQUEST		Spin	1788492405735	1788492405746	OK	 
REQUEST		Spin	1788492405739	1788492405748	OK	 
REQUEST		Spin	1788492405786	1788492405797	OK	 
REQUEST		Spin	1788492405793	1788492405802	OK	 
REQUEST		Spin	1788492405802	1788492405813	OK	 
REQUEST		Spin	1788492405810	1788492405821	OK	 
REQUEST		Spin	1788492406038	1788492406055	OK	 
REQUEST		Spin	1788492406048	1788492406060	OK	 
REQUEST		Spin	1788492406046	1788492406060	OK	 
REQUEST		Spin	1788492406065	1788492406068	OK	 
REQUEST		Spin	1788492406051	1788492406069	OK	 
REQUEST		Spin	1788492406054	1788492406069	OK	 
REQUEST		Spin	1788492406057	1788492406072	OK	 
REQUEST		Spin	1788492406058	1788492406072	OK	 
REQUEST		Spin	1788492406062	1788492406074	OK	 
REQUEST		Spin	1788492406066	1788492406076	OK	 
REQUEST		Spin	1788492406072	1788492406080	OK	 
REQUEST		Spin	1788492406073	1788492406080	OK	 
REQUEST		Spin	1788492406298	1788492406321	OK	 
REQUEST		Spin	1788492406293	1788492406322	OK	 
REQUEST		Spin	1788492406315	1788492406327	OK	 
REQUEST		Spin	1788492406312	1788492406328	OK	 
REQUEST		Spin	1788492406370	1788492406380	OK	 
REQUEST		Spin	1788492406382	1788492406391	OK	 
REQUEST		Spin	1788492406383	1788492406391	OK	 
REQUEST		Spin	1788492406384	1788492406392	OK	 
REQUEST		Spin	1788492406399	1788492406407	OK	 
REQUEST		Spin	1788492406399	1788492406407	OK	 
REQUEST		Spin	1788492406403	1788492406409	OK	 
REQUEST		Spin	1788492406414	1788492406421	OK	 
REQUEST		Spin	1788492406537	1788492406548	OK	 
REQUEST		Spin	1788492406545	1788492406554	OK	 
REQUEST		Spin	1788492406571	1788492406580	OK	 
REQUEST		Spin	1788492406571	1788492406580	OK	 
REQUEST		Spin	1788492406705	1788492406725	OK	 
REQUEST		Spin	1788492406715	1788492406730	OK	 
REQUEST		Spin	1788492406722	1788492406734	OK	 
REQUEST		Spin	1788492406720	1788492406734	OK	 
REQUEST		Spin	1788492406733	1788492406747	OK	 
REQUEST		Spin	1788492406733	1788492406747	OK	 
REQUEST		Spin	1788492406735	1788492406747	OK	 
REQUEST		Spin	1788492406741	1788492406752	OK	 
REQUEST		Spin	1788492406786	1788492406796	OK	 
REQUEST		Spin	1788492406797	1788492406809	OK	 
REQUEST		Spin	1788492406799	1788492406809	OK	 
REQUEST		Spin	1788492406805	1788492406815	OK	 
REQUEST		Spin	1788492407037	1788492407050	OK	 
REQUEST		Spin	1788492407051	1788492407064	OK	 
REQUEST		Spin	1788492407051	1788492407065	OK	 
REQUEST		Spin	1788492407053	1788492407068	OK	 
REQUEST		Spin	1788492407051	1788492407068	OK	 
REQUEST		Spin	1788492407053	1788492407069	OK	 
REQUEST		Spin	1788492407066	1788492407085	OK	 
REQUEST		Spin	1788492407067	1788492407087	OK	 
REQUEST		Spin	1788492407066	1788492407087	OK	 
REQUEST		Spin	1788492407071	1788492407088	OK	 
REQUEST		Spin	1788492407066	1788492407088	OK	 
REQUEST		Spin	1788492407072	1788492407091	OK	 
REQUEST		Spin	1788492407294	1788492407303	OK	 
REQUEST		Spin	1788492407308	1788492407315	OK	 
REQUEST		Spin	1788492407318	1788492407326	OK	 
REQUEST		Spin	1788492407321	1788492407329	OK	 
REQUEST		Spin	1788492407377	1788492407379	OK	 
REQUEST		Spin	1788492407374	1788492407385	OK	 
REQUEST		Spin	1788492407375	1788492407387	OK	 
REQUEST		Spin	1788492407379	1788492407390	OK	 
REQUEST		Spin	1788492407385	1788492407394	OK	 
REQUEST		Spin	1788492407392	1788492407401	OK	 
REQUEST		Spin	1788492407397	1788492407408	OK	 
REQUEST		Spin	1788492407398	1788492407408	OK	 
REQUEST		Spin	1788492407538	1788492407547	OK	 
REQUEST		Spin	1788492407552	1788492407561	OK	 
REQUEST		Spin	1788492407554	1788492407563	OK	 
REQUEST		Spin	1788492407561	1788492407571	OK	 
REQUEST		Spin	1788492407708	1788492407726	OK	 
REQUEST		Spin	1788492407718	1788492407729	OK	 
REQUEST		Spin	1788492407719	1788492407730	OK	 
REQUEST		Spin	1788492407722	1788492407733	OK	 
REQUEST		Spin	1788492407721	1788492407733	OK	 
REQUEST		Spin	1788492407726	1788492407738	OK	 
REQUEST		Spin	1788492407736	1788492407744	OK	 
REQUEST		Spin	1788492407750	1788492407759	OK	 
REQUEST		Spin	1788492407787	1788492407797	OK	 
REQUEST		Spin	1788492407790	1788492407799	OK	 
REQUEST		Spin	1788492407811	1788492407822	OK	 
REQUEST		Spin	1788492407816	1788492407826	OK	 
REQUEST		Spin	1788492408038	1788492408058	OK	 
REQUEST		Spin	1788492408047	1788492408063	OK	 
REQUEST		Spin	1788492408052	1788492408071	OK	 
REQUEST		Spin	1788492408055	1788492408074	OK	 
REQUEST		Spin	1788492408055	1788492408074	OK	 
REQUEST		Spin	1788492408057	1788492408074	OK	 
REQUEST		Spin	1788492408059	1788492408077	OK	 
REQUEST		Spin	1788492408063	1788492408080	OK	 
REQUEST		Spin	1788492408063	1788492408080	OK	 
REQUEST		Spin	1788492408065	1788492408081	OK	 
REQUEST		Spin	1788492408071	1788492408084	OK	 
REQUEST		Spin	1788492408071	1788492408085	OK	 
REQUEST		Spin	1788492408291	1788492408308	OK	 
REQUEST		Spin	1788492408300	1788492408311	OK	 
REQUEST		Spin	1788492408316	1788492408328	OK	 
REQUEST		Spin	1788492408331	1788492408342	OK	 
REQUEST		Spin	1788492408369	1788492408382	OK	 
REQUEST		Spin	1788492408378	1788492408391	OK	 
REQUEST		Spin	1788492408380	1788492408394	OK	 
REQUEST		Spin	1788492408380	1788492408394	OK	 
REQUEST		Spin	1788492408380	1788492408395	OK	 
REQUEST		Spin	1788492408384	1788492408398	OK	 
REQUEST		Spin	1788492408398	1788492408406	OK	 
REQUEST		Spin	1788492408405	1788492408407	OK	 
REQUEST		Spin	1788492408544	1788492408559	OK	 
REQUEST		Spin	1788492408560	1788492408570	OK	 
REQUEST		Spin	1788492408558	1788492408570	OK	 
REQUEST		Spin	1788492408565	1788492408576	OK	 
REQUEST		Spin	1788492408710	1788492408728	OK	 
REQUEST		Spin	1788492408717	1788492408729	OK	 
REQUEST		Spin	1788492408719	1788492408730	OK	 
REQUEST		Spin	1788492408721	1788492408731	OK	 
REQUEST		Spin	1788492408727	1788492408737	OK	 
REQUEST		Spin	1788492408733	1788492408742	OK	 
REQUEST		Spin	1788492408765	1788492408775	OK	 
REQUEST		Spin	1788492408770	1788492408778	OK	 
REQUEST		Spin	1788492408783	1788492408790	OK	 
REQUEST		Spin	1788492408795	1788492408802	OK	 
REQUEST		Spin	1788492408803	1788492408810	OK	 
REQUEST		Spin	1788492408814	1788492408819	OK	 
REQUEST		Spin	1788492409040	1788492409060	OK	 
REQUEST		Spin	1788492409046	1788492409063	OK	 
REQUEST		Spin	1788492409052	1788492409071	OK	 
REQUEST		Spin	1788492409056	1788492409071	OK	 
REQUEST		Spin	1788492409052	1788492409071	OK	 
REQUEST		Spin	1788492409052	1788492409072	OK	 
REQUEST		Spin	1788492409058	1788492409074	OK	 
REQUEST		Spin	1788492409059	1788492409076	OK	 
REQUEST		Spin	1788492409061	1788492409076	OK	 
REQUEST		Spin	1788492409066	1788492409079	OK	 
REQUEST		Spin	1788492409072	1788492409082	OK	 
REQUEST		Spin	1788492409083	1788492409091	OK	 
REQUEST		Spin	1788492409302	1788492409325	OK	 
REQUEST		Spin	1788492409305	1788492409325	OK	 
REQUEST		Spin	1788492409308	1788492409328	OK	 
REQUEST		Spin	1788492409312	1788492409328	OK	 
REQUEST		Spin	1788492409371	1788492409385	OK	 
REQUEST		Spin	1788492409373	1788492409385	OK	 
REQUEST		Spin	1788492409382	1788492409393	OK	 
REQUEST		Spin	1788492409382	1788492409396	OK	 
REQUEST		Spin	1788492409385	1788492409396	OK	 
REQUEST		Spin	1788492409393	1788492409404	OK	 
REQUEST		Spin	1788492409391	1788492409405	OK	 
REQUEST		Spin	1788492409393	1788492409407	OK	 
REQUEST		Spin	1788492409542	1788492409559	OK	 
REQUEST		Spin	1788492409569	1788492409583	OK	 
REQUEST		Spin	1788492409569	1788492409583	OK	 
REQUEST		Spin	1788492409586	1788492409597	OK	 
REQUEST		Spin	1788492409706	1788492409718	OK	 
REQUEST		Spin	1788492409710	1788492409719	OK	 
REQUEST		Spin	1788492409711	1788492409721	OK	 
REQUEST		Spin	1788492409718	1788492409727	OK	 
REQUEST		Spin	1788492409727	1788492409737	OK	 
REQUEST		Spin	1788492409729	1788492409740	OK	 
REQUEST		Spin	1788492409732	1788492409741	OK	 
REQUEST		Spin	1788492409742	1788492409751	OK	 
REQUEST		Spin	1788492409793	1788492409802	OK	 
REQUEST		Spin	1788492409798	1788492409807	OK	 
REQUEST		Spin	1788492409807	1788492409816	OK	 
REQUEST		Spin	1788492409823	1788492409833	OK	 
REQUEST		Spin	1788492410048	1788492410065	OK	 
REQUEST		Spin	1788492410048	1788492410068	OK	 
REQUEST		Spin	1788492410048	1788492410069	OK	 
REQUEST		Spin	1788492410048	1788492410073	OK	 
REQUEST		Spin	1788492410054	1788492410076	OK	 
REQUEST		Spin	1788492410051	1788492410076	OK	 
REQUEST		Spin	1788492410058	1788492410078	OK	 
REQUEST		Spin	1788492410054	1788492410079	OK	 
REQUEST		Spin	1788492410056	1788492410082	OK	 
REQUEST		Spin	1788492410062	1788492410083	OK	 
REQUEST		Spin	1788492410067	1788492410083	OK	 
REQUEST		Spin	1788492410062	1788492410083	OK	 
REQUEST		Spin	1788492410301	1788492410315	OK	 
REQUEST		Spin	1788492410302	1788492410315	OK	 
REQUEST		Spin	1788492410302	1788492410315	OK	 
REQUEST		Spin	1788492410300	1788492410315	OK	 
REQUEST		Spin	1788492410372	1788492410394	OK	 
REQUEST		Spin	1788492410375	1788492410395	OK	 
REQUEST		Spin	1788492410380	1788492410396	OK	 
REQUEST		Spin	1788492410381	1788492410398	OK	 
REQUEST		Spin	1788492410387	1788492410399	OK	 
REQUEST		Spin	1788492410395	1788492410406	OK	 
REQUEST		Spin	1788492410395	1788492410407	OK	 
REQUEST		Spin	1788492410399	1788492410409	OK	 
REQUEST		Spin	1788492410540	1788492410554	OK	 
REQUEST		Spin	1788492410555	1788492410565	OK	 
REQUEST		Spin	1788492410566	1788492410575	OK	 
REQUEST		Spin	1788492410572	1788492410581	OK	 
REQUEST		Spin	1788492410706	1788492410732	OK	 
REQUEST		Spin	1788492410712	1788492410732	OK	 
REQUEST		Spin	1788492410712	1788492410734	OK	 
REQUEST		Spin	1788492410718	1788492410736	OK	 
REQUEST		Spin	1788492410724	1788492410740	OK	 
REQUEST		Spin	1788492410736	1788492410750	OK	 
REQUEST		Spin	1788492410737	1788492410752	OK	 
REQUEST		Spin	1788492410741	1788492410754	OK	 
REQUEST		Spin	1788492410788	1788492410802	OK	 
REQUEST		Spin	1788492410795	1788492410805	OK	 
REQUEST		Spin	1788492410803	1788492410815	OK	 
REQUEST		Spin	1788492410811	1788492410821	OK	 
REQUEST		Spin	1788492411040	1788492411057	OK	 
REQUEST		Spin	1788492411047	1788492411060	OK	 
REQUEST		Spin	1788492411050	1788492411064	OK	 
REQUEST		Spin	1788492411066	1788492411068	OK	 
REQUEST		Spin	1788492411053	1788492411072	OK	 
REQUEST		Spin	1788492411055	1788492411075	OK	 
REQUEST		Spin	1788492411060	1788492411077	OK	 
REQUEST		Spin	1788492411059	1788492411078	OK	 
REQUEST		Spin	1788492411064	1788492411083	OK	 
REQUEST		Spin	1788492411067	1788492411083	OK	 
REQUEST		Spin	1788492411074	1788492411084	OK	 
REQUEST		Spin	1788492411074	1788492411084	OK	 
REQUEST		Spin	1788492411295	1788492411314	OK	 
REQUEST		Spin	1788492411299	1788492411315	OK	 
REQUEST		Spin	1788492411314	1788492411324	OK	 
REQUEST		Spin	1788492411317	1788492411327	OK	 
REQUEST		Spin	1788492411372	1788492411387	OK	 
REQUEST		Spin	1788492411383	1788492411396	OK	 
REQUEST		Spin	1788492411385	1788492411396	OK	 
REQUEST		Spin	1788492411385	1788492411397	OK	 
REQUEST		Spin	1788492411401	1788492411412	OK	 
REQUEST		Spin	1788492411401	1788492411412	OK	 
REQUEST		Spin	1788492411405	1788492411415	OK	 
REQUEST		Spin	1788492411415	1788492411425	OK	 
REQUEST		Spin	1788492411539	1788492411549	OK	 
REQUEST		Spin	1788492411546	1788492411555	OK	 
REQUEST		Spin	1788492411571	1788492411581	OK	 
REQUEST		Spin	1788492411573	1788492411581	OK	 
REQUEST		Spin	1788492411707	1788492411726	OK	 
REQUEST		Spin	1788492411716	1788492411728	OK	 
REQUEST		Spin	1788492411721	1788492411733	OK	 
REQUEST		Spin	1788492411722	1788492411734	OK	 
REQUEST		Spin	1788492411733	1788492411746	OK	 
REQUEST		Spin	1788492411735	1788492411747	OK	 
REQUEST		Spin	1788492411736	1788492411750	OK	 
REQUEST		Spin	1788492411742	1788492411753	OK	 
REQUEST		Spin	1788492411787	1788492411797	OK	 
REQUEST		Spin	1788492411798	1788492411811	OK	 
REQUEST		Spin	1788492411801	1788492411812	OK	 
REQUEST		Spin	1788492411806	1788492411816	OK	 
REQUEST		Spin	1788492412038	1788492412059	OK	 
REQUEST		Spin	1788492412052	1788492412069	OK	 
REQUEST		Spin	1788492412053	1788492412069	OK	 
REQUEST		Spin	1788492412053	1788492412072	OK	 
REQUEST		Spin	1788492412055	1788492412074	OK	 
REQUEST		Spin	1788492412055	1788492412074	OK	 
REQUEST		Spin	1788492412067	1788492412085	OK	 
REQUEST		Spin	1788492412069	1788492412085	OK	 
REQUEST		Spin	1788492412067	1788492412085	OK	 
REQUEST		Spin	1788492412067	1788492412086	OK	 
REQUEST		Spin	1788492412073	1788492412087	OK	 
REQUEST		Spin	1788492412073	1788492412087	OK	 
REQUEST		Spin	1788492412296	1788492412306	OK	 
REQUEST		Spin	1788492412309	1788492412318	OK	 
REQUEST		Spin	1788492412319	1788492412329	OK	 
REQUEST		Spin	1788492412323	1788492412332	OK	 
REQUEST		Spin	1788492412379	1788492412382	OK	 
REQUEST		Spin	1788492412377	1788492412388	OK	 
REQUEST		Spin	1788492412376	1788492412388	OK	 
REQUEST		Spin	1788492412381	1788492412392	OK	 
REQUEST		Spin	1788492412386	1788492412395	OK	 
REQUEST		Spin	1788492412393	1788492412406	OK	 
REQUEST		Spin	1788492412398	1788492412410	OK	 
REQUEST		Spin	1788492412399	1788492412410	OK	 
REQUEST		Spin	1788492412539	1788492412550	OK	 
REQUEST		Spin	1788492412554	1788492412565	OK	 
REQUEST		Spin	1788492412556	1788492412566	OK	 
REQUEST		Spin	1788492412561	1788492412570	OK	 
REQUEST		Spin	1788492412709	1788492412720	OK	 
REQUEST		Spin	1788492412720	1788492412732	OK	 
REQUEST		Spin	1788492412720	1788492412732	OK	 
REQUEST		Spin	1788492412723	1788492412735	OK	 
REQUEST		Spin	1788492412723	1788492412735	OK	 
REQUEST		Spin	1788492412727	1788492412737	OK	 
REQUEST		Spin	1788492412737	1788492412745	OK	 
REQUEST		Spin	1788492412752	1788492412761	OK	 
REQUEST		Spin	1788492412790	1788492412798	OK	 
REQUEST		Spin	1788492412788	1788492412798	OK	 
REQUEST		Spin	1788492412814	1788492412822	OK	 
REQUEST		Spin	1788492412818	1788492412826	OK	 
REQUEST		Spin	1788492413040	1788492413061	OK	 
REQUEST		Spin	1788492413048	1788492413066	OK	 
REQUEST		Spin	1788492413056	1788492413077	OK	 
REQUEST		Spin	1788492413057	1788492413077	OK	 
REQUEST		Spin	1788492413054	1788492413077	OK	 
REQUEST		Spin	1788492413059	1788492413079	OK	 
REQUEST		Spin	1788492413061	1788492413082	OK	 
REQUEST		Spin	1788492413063	1788492413083	OK	 
REQUEST		Spin	1788492413065	1788492413086	OK	 
REQUEST		Spin	1788492413066	1788492413086	OK	 
REQUEST		Spin	1788492413072	1788492413087	OK	 
REQUEST		Spin	1788492413072	1788492413087	OK	 
REQUEST		Spin	1788492413292	1788492413314	OK	 
REQUEST		Spin	1788492413302	1788492413318	OK	 
REQUEST		Spin	1788492413317	1788492413330	OK	 
REQUEST		Spin	1788492413331	1788492413344	OK	 
REQUEST		Spin	1788492413370	1788492413381	OK	 
REQUEST		Spin	1788492413381	1788492413393	OK	 
REQUEST		Spin	1788492413381	1788492413393	OK	 
REQUEST		Spin	1788492413380	1788492413396	OK	 
REQUEST		Spin	1788492413381	1788492413396	OK	 
REQUEST		Spin	1788492413385	1788492413398	OK	 
REQUEST		Spin	1788492413406	1788492413408	OK	 
REQUEST		Spin	1788492413399	1788492413410	OK	 
REQUEST		Spin	1788492413545	1788492413558	OK	 
REQUEST		Spin	1788492413559	1788492413570	OK	 
REQUEST		Spin	1788492413562	1788492413573	OK	 
REQUEST		Spin	1788492413566	1788492413577	OK	 
REQUEST		Spin	1788492413711	1788492413736	OK	 
REQUEST		Spin	1788492413721	1788492413738	OK	 
REQUEST		Spin	1788492413719	1788492413738	OK	 
REQUEST		Spin	1788492413720	1788492413738	OK	 
REQUEST		Spin	1788492413728	1788492413744	OK	 
REQUEST		Spin	1788492413734	1788492413746	OK	 
REQUEST		Spin	1788492413767	1788492413777	OK	 
REQUEST		Spin	1788492413771	1788492413780	OK	 
REQUEST		Spin	1788492413785	1788492413794	OK	 
REQUEST		Spin	1788492413796	1788492413804	OK	 
REQUEST		Spin	1788492413804	1788492413811	OK	 
REQUEST		Spin	1788492413815	1788492413822	OK	 
REQUEST		Spin	1788492414042	1788492414068	OK	 
REQUEST		Spin	1788492414054	1788492414072	OK	 
REQUEST		Spin	1788492414054	1788492414073	OK	 
REQUEST		Spin	1788492414048	1788492414073	OK	 
REQUEST		Spin	1788492414053	1788492414074	OK	 
REQUEST		Spin	1788492414059	1788492414077	OK	 
REQUEST		Spin	1788492414060	1788492414078	OK	 
REQUEST		Spin	1788492414060	1788492414078	OK	 
REQUEST		Spin	1788492414063	1788492414080	OK	 
REQUEST		Spin	1788492414069	1788492414080	OK	 
REQUEST		Spin	1788492414074	1788492414085	OK	 
REQUEST		Spin	1788492414085	1788492414094	OK	 
REQUEST		Spin	1788492414306	1788492414327	OK	 
REQUEST		Spin	1788492414304	1788492414327	OK	 
REQUEST		Spin	1788492414310	1788492414327	OK	 
REQUEST		Spin	1788492414314	1788492414329	OK	 
REQUEST		Spin	1788492414373	1788492414387	OK	 
REQUEST		Spin	1788492414373	1788492414388	OK	 
REQUEST		Spin	1788492414383	1788492414396	OK	 
REQUEST		Spin	1788492414383	1788492414396	OK	 
REQUEST		Spin	1788492414386	1788492414401	OK	 
REQUEST		Spin	1788492414395	1788492414405	OK	 
REQUEST		Spin	1788492414395	1788492414405	OK	 
REQUEST		Spin	1788492414392	1788492414406	OK	 
REQUEST		Spin	1788492414544	1788492414565	OK	 
REQUEST		Spin	1788492414571	1788492414582	OK	 
REQUEST		Spin	1788492414571	1788492414582	OK	 
REQUEST		Spin	1788492414587	1788492414632	OK	 
REQUEST		Spin	1788492414708	1788492414724	OK	 
REQUEST		Spin	1788492414711	1788492414724	OK	 
REQUEST		Spin	1788492414713	1788492414726	OK	 
REQUEST		Spin	1788492414720	1788492414732	OK	 
REQUEST		Spin	1788492414730	1788492414742	OK	 
REQUEST		Spin	1788492414728	1788492414742	OK	 
REQUEST		Spin	1788492414734	1788492414744	OK	 
REQUEST		Spin	1788492414743	1788492414752	OK	 
REQUEST		Spin	1788492414795	1788492414808	OK	 
REQUEST		Spin	1788492414798	1788492414810	OK	 
REQUEST		Spin	1788492414808	1788492414818	OK	 
REQUEST		Spin	1788492414824	1788492414833	OK	 
REQUEST		Spin	1788492415049	1788492415093	OK	 
REQUEST		Spin	1788492415055	1788492415093	OK	 
REQUEST		Spin	1788492415060	1788492415093	OK	 
REQUEST		Spin	1788492415049	1788492415094	OK	 
REQUEST		Spin	1788492415053	1788492415095	OK	 
REQUEST		Spin	1788492415057	1788492415097	OK	 
REQUEST		Spin	1788492415063	1788492415097	OK	 
REQUEST		Spin	1788492415050	1788492415098	OK	 
REQUEST		Spin	1788492415049	1788492415098	OK	 
REQUEST		Spin	1788492415064	1788492415098	OK	 
REQUEST		Spin	1788492415056	1788492415099	OK	 
REQUEST		Spin	1788492415068	1788492415101	OK	 
REQUEST		Spin	1788492415305	1788492415321	OK	 
REQUEST		Spin	1788492415302	1788492415320	OK	 
REQUEST		Spin	1788492415303	1788492415321	OK	 
REQUEST		Spin	1788492415300	1788492415320	OK	 
REQUEST		Spin	1788492415376	1788492415390	OK	 
REQUEST		Spin	1788492415373	1788492415390	OK	 
REQUEST		Spin	1788492415382	1788492415395	OK	 
REQUEST		Spin	1788492415382	1788492415395	OK	 
REQUEST		Spin	1788492415389	1788492415400	OK	 
REQUEST		Spin	1788492415396	1788492415407	OK	 
REQUEST		Spin	1788492415396	1788492415407	OK	 
REQUEST		Spin	1788492415399	1788492415410	OK	 
REQUEST		Spin	1788492415540	1788492415554	OK	 
REQUEST		Spin	1788492415556	1788492415565	OK	 
REQUEST		Spin	1788492415566	1788492415576	OK	 
REQUEST		Spin	1788492415573	1788492415583	OK	 
REQUEST		Spin	1788492415706	1788492415722	OK	 
REQUEST		Spin	1788492415713	1788492415727	OK	 
REQUEST		Spin	1788492415713	1788492415727	OK	 
REQUEST		Spin	1788492415719	1788492415732	OK	 
REQUEST		Spin	1788492415724	1788492415734	OK	 
REQUEST		Spin	1788492415739	1788492415747	OK	 
REQUEST		Spin	1788492415737	1788492415747	OK	 
REQUEST		Spin	1788492415742	1788492415751	OK	 
REQUEST		Spin	1788492415789	1788492415806	OK	 
REQUEST		Spin	1788492415796	1788492415810	OK	 
REQUEST		Spin	1788492415805	1788492415819	OK	 
REQUEST		Spin	1788492415813	1788492415824	OK	 
REQUEST		Spin	1788492416041	1788492416057	OK	 
REQUEST		Spin	1788492416046	1788492416059	OK	 
REQUEST		Spin	1788492416052	1788492416062	OK	 
REQUEST		Spin	1788492416055	1788492416066	OK	 
REQUEST		Spin	1788492416057	1788492416067	OK	 
REQUEST		Spin	1788492416068	1788492416069	OK	 
REQUEST		Spin	1788492416061	1788492416071	OK	 
REQUEST		Spin	1788492416060	1788492416071	OK	 
REQUEST		Spin	1788492416066	1788492416074	OK	 
REQUEST		Spin	1788492416069	1788492416076	OK	 
REQUEST		Spin	1788492416076	1788492416083	OK	 
REQUEST		Spin	1788492416076	1788492416083	OK	 
REQUEST		Spin	1788492416296	1788492416318	OK	 
REQUEST		Spin	1788492416300	1788492416319	OK	 
REQUEST		Spin	1788492416314	1788492416327	OK	 
REQUEST		Spin	1788492416319	1788492416328	OK	 
REQUEST		Spin	1788492416374	1788492416384	OK	 
REQUEST		Spin	1788492416383	1788492416393	OK	 
REQUEST		Spin	1788492416386	1788492416394	OK	 
REQUEST		Spin	1788492416386	1788492416396	OK	 
REQUEST		Spin	1788492416403	1788492416412	OK	 
REQUEST		Spin	1788492416403	1788492416412	OK	 
REQUEST		Spin	1788492416406	1788492416414	OK	 
REQUEST		Spin	1788492416416	1788492416425	OK	 
REQUEST		Spin	1788492416541	1788492416557	OK	 
REQUEST		Spin	1788492416548	1788492416559	OK	 
REQUEST		Spin	1788492416575	1788492416584	OK	 
REQUEST		Spin	1788492416573	1788492416584	OK	 
REQUEST		Spin	1788492416709	1788492416745	OK	 
REQUEST		Spin	1788492416718	1788492416745	OK	 
REQUEST		Spin	1788492416721	1788492416746	OK	 
REQUEST		Spin	1788492416723	1788492416748	OK	 
REQUEST		Spin	1788492416736	1788492416758	OK	 
REQUEST		Spin	1788492416737	1788492416759	OK	 
REQUEST		Spin	1788492416736	1788492416759	OK	 
REQUEST		Spin	1788492416744	1788492416762	OK	 
REQUEST		Spin	1788492416788	1788492416801	OK	 
REQUEST		Spin	1788492416799	1788492416811	OK	 
REQUEST		Spin	1788492416803	1788492416812	OK	 
REQUEST		Spin	1788492416811	1788492416823	OK	 
REQUEST		Spin	1788492417040	1788492417063	OK	 
REQUEST		Spin	1788492417052	1788492417069	OK	 
REQUEST		Spin	1788492417056	1788492417070	OK	 
REQUEST		Spin	1788492417054	1788492417070	OK	 
REQUEST		Spin	1788492417054	1788492417070	OK	 
REQUEST		Spin	1788492417056	1788492417070	OK	 
REQUEST		Spin	1788492417069	1788492417081	OK	 
REQUEST		Spin	1788492417069	1788492417082	OK	 
REQUEST		Spin	1788492417069	1788492417082	OK	 
REQUEST		Spin	1788492417074	1788492417083	OK	 
REQUEST		Spin	1788492417071	1788492417084	OK	 
REQUEST		Spin	1788492417074	1788492417085	OK	 
REQUEST		Spin	1788492417299	1788492417324	OK	 
REQUEST		Spin	1788492417310	1788492417326	OK	 
REQUEST		Spin	1788492417321	1788492417335	OK	 
REQUEST		Spin	1788492417324	1788492417336	OK	 
REQUEST		Spin	1788492417380	1788492417382	OK	 
REQUEST		Spin	1788492417377	1788492417390	OK	 
REQUEST		Spin	1788492417378	1788492417393	OK	 
REQUEST		Spin	1788492417382	1788492417393	OK	 
REQUEST		Spin	1788492417387	1788492417397	OK	 
REQUEST		Spin	1788492417394	1788492417406	OK	 
REQUEST		Spin	1788492417399	1788492417411	OK	 
REQUEST		Spin	1788492417399	1788492417411	OK	 
REQUEST		Spin	1788492417541	1788492417550	OK	 
REQUEST		Spin	1788492417555	1788492417563	OK	 
REQUEST		Spin	1788492417558	1788492417565	OK	 
REQUEST		Spin	1788492417563	1788492417570	OK	 
REQUEST		Spin	1788492417710	1788492417718	OK	 
REQUEST		Spin	1788492417720	1788492417729	OK	 
REQUEST		Spin	1788492417722	1788492417729	OK	 
REQUEST		Spin	1788492417724	1788492417732	OK	 
REQUEST		Spin	1788492417725	1788492417732	OK	 
REQUEST		Spin	1788492417728	1788492417735	OK	 
REQUEST		Spin	1788492417737	1788492417746	OK	 
REQUEST		Spin	1788492417753	1788492417760	OK	 
REQUEST		Spin	1788492417790	1788492417798	OK	 
REQUEST		Spin	1788492417791	1788492417798	OK	 
REQUEST		Spin	1788492417816	1788492417825	OK	 
REQUEST		Spin	1788492417819	1788492417825	OK	 
REQUEST		Spin	1788492418042	1788492418062	OK	 
REQUEST		Spin	1788492418049	1788492418065	OK	 
REQUEST		Spin	1788492418056	1788492418072	OK	 
REQUEST		Spin	1788492418057	1788492418075	OK	 
REQUEST		Spin	1788492418058	1788492418078	OK	 
REQUEST		Spin	1788492418062	1788492418081	OK	 
REQUEST		Spin	1788492418060	1788492418082	OK	 
REQUEST		Spin	1788492418065	1788492418082	OK	 
REQUEST		Spin	1788492418066	1788492418083	OK	 
REQUEST		Spin	1788492418067	1788492418085	OK	 
REQUEST		Spin	1788492418073	1788492418086	OK	 
REQUEST		Spin	1788492418074	1788492418089	OK	 
REQUEST		Spin	1788492418293	1788492418314	OK	 
REQUEST		Spin	1788492418304	1788492418319	OK	 
REQUEST		Spin	1788492418318	1788492418330	OK	 
REQUEST		Spin	1788492418332	1788492418344	OK	 
REQUEST		Spin	1788492418371	1788492418381	OK	 
REQUEST		Spin	1788492418383	1788492418392	OK	 
REQUEST		Spin	1788492418381	1788492418392	OK	 
REQUEST		Spin	1788492418382	1788492418393	OK	 
REQUEST		Spin	1788492418383	1788492418393	OK	 
REQUEST		Spin	1788492418386	1788492418396	OK	 
REQUEST		Spin	1788492418399	1788492418406	OK	 
REQUEST		Spin	1788492418406	1788492418407	OK	 
REQUEST		Spin	1788492418547	1788492418563	OK	 
REQUEST		Spin	1788492418564	1788492418574	OK	 
REQUEST		Spin	1788492418561	1788492418574	OK	 
REQUEST		Spin	1788492418568	1788492418578	OK	 
REQUEST		Spin	1788492418712	1788492418735	OK	 
REQUEST		Spin	1788492418721	1788492418740	OK	 
REQUEST		Spin	1788492418723	1788492418741	OK	 
REQUEST		Spin	1788492418721	1788492418741	OK	 
REQUEST		Spin	1788492418729	1788492418747	OK	 
REQUEST		Spin	1788492418735	1788492418748	OK	 
REQUEST		Spin	1788492418768	1788492418781	OK	 
REQUEST		Spin	1788492418771	1788492418782	OK	 
REQUEST		Spin	1788492418787	1788492418797	OK	 
REQUEST		Spin	1788492418797	1788492418806	OK	 
REQUEST		Spin	1788492418805	1788492418813	OK	 
REQUEST		Spin	1788492418816	1788492418825	OK	 
REQUEST		Spin	1788492419043	1788492419067	OK	 
REQUEST		Spin	1788492419048	1788492419076	OK	 
REQUEST		Spin	1788492419054	1788492419076	OK	 
REQUEST		Spin	1788492419055	1788492419079	OK	 
REQUEST		Spin	1788492419056	1788492419080	OK	 
REQUEST		Spin	1788492419059	1788492419080	OK	 
REQUEST		Spin	1788492419061	1788492419085	OK	 
REQUEST		Spin	1788492419065	1788492419089	OK	 
REQUEST		Spin	1788492419061	1788492419092	OK	 
REQUEST		Spin	1788492419070	1788492419093	OK	 
REQUEST		Spin	1788492419076	1788492419096	OK	 
REQUEST		Spin	1788492419087	1788492419101	OK	 
REQUEST		Spin	1788492419306	1788492419317	OK	 
REQUEST		Spin	1788492419307	1788492419317	OK	 
REQUEST		Spin	1788492419312	1788492419322	OK	 
REQUEST		Spin	1788492419316	1788492419326	OK	 
REQUEST		Spin	1788492419375	1788492419386	OK	 
REQUEST		Spin	1788492419375	1788492419386	OK	 
REQUEST		Spin	1788492419385	1788492419394	OK	 
REQUEST		Spin	1788492419384	1788492419394	OK	 
REQUEST		Spin	1788492419388	1788492419396	OK	 
REQUEST		Spin	1788492419394	1788492419402	OK	 
REQUEST		Spin	1788492419398	1788492419406	OK	 
REQUEST		Spin	1788492419398	1788492419406	OK	 
REQUEST		Spin	1788492419545	1788492419556	OK	 
REQUEST		Spin	1788492419572	1788492419584	OK	 
REQUEST		Spin	1788492419572	1788492419584	OK	 
REQUEST		Spin	1788492419587	1788492419589	OK	 
REQUEST		Spin	1788492419708	1788492419730	OK	 
REQUEST		Spin	1788492419712	1788492419734	OK	 
REQUEST		Spin	1788492419714	1788492419735	OK	 
REQUEST		Spin	1788492419721	1788492419739	OK	 
REQUEST		Spin	1788492419730	1788492419745	OK	 
REQUEST		Spin	1788492419732	1788492419745	OK	 
REQUEST		Spin	1788492419734	1788492419746	OK	 
REQUEST		Spin	1788492419745	1788492419754	OK	 
REQUEST		Spin	1788492419796	1788492419809	OK	 
REQUEST		Spin	1788492419800	1788492419811	OK	 
REQUEST		Spin	1788492419810	1788492419820	OK	 
REQUEST		Spin	1788492419826	1788492419836	OK	 
REQUEST		Spin	1788492420051	1788492420085	OK	 
REQUEST		Spin	1788492420058	1788492420086	OK	 
REQUEST		Spin	1788492420055	1788492420086	OK	 
REQUEST		Spin	1788492420052	1788492420086	OK	 
REQUEST		Spin	1788492420051	1788492420087	OK	 
REQUEST		Spin	1788492420055	1788492420092	OK	 
REQUEST		Spin	1788492420061	1788492420092	OK	 
REQUEST		Spin	1788492420059	1788492420093	OK	 
REQUEST		Spin	1788492420051	1788492420094	OK	 
REQUEST		Spin	1788492420066	1788492420094	OK	 
REQUEST		Spin	1788492420065	1788492420095	OK	 
REQUEST		Spin	1788492420070	1788492420097	OK	 
REQUEST		Spin	1788492420303	1788492420329	OK	 
REQUEST		Spin	1788492420302	1788492420329	OK	 
REQUEST		Spin	1788492420304	1788492420329	OK	 
REQUEST		Spin	1788492420307	1788492420330	OK	 
REQUEST		Spin	1788492420374	1788492420387	OK	 
REQUEST		Spin	1788492420378	1788492420388	OK	 
REQUEST		Spin	1788492420382	1788492420393	OK	 
REQUEST		Spin	1788492420384	1788492420394	OK	 
REQUEST		Spin	1788492420391	1788492420400	OK	 
REQUEST		Spin	1788492420398	1788492420406	OK	 
REQUEST		Spin	1788492420398	1788492420406	OK	 
REQUEST		Spin	1788492420400	1788492420408	OK	 
REQUEST		Spin	1788492420541	1788492420553	OK	 
REQUEST		Spin	1788492420557	1788492420565	OK	 
REQUEST		Spin	1788492420567	1788492420574	OK	 
REQUEST		Spin	1788492420576	1788492420583	OK	 
REQUEST		Spin	1788492420708	1788492420724	OK	 
REQUEST		Spin	1788492420714	1788492420728	OK	 
REQUEST		Spin	1788492420715	1788492420729	OK	 
REQUEST		Spin	1788492420720	1788492420730	OK	 
REQUEST		Spin	1788492420725	1788492420735	OK	 
REQUEST		Spin	1788492420738	1788492420747	OK	 
REQUEST		Spin	1788492420740	1788492420750	OK	 
REQUEST		Spin	1788492420743	1788492420752	OK	 
REQUEST		Spin	1788492420790	1788492420798	OK	 
REQUEST		Spin	1788492420798	1788492420805	OK	 
REQUEST		Spin	1788492420807	1788492420814	OK	 
REQUEST		Spin	1788492420814	1788492420821	OK	 
REQUEST		Spin	1788492421042	1788492421059	OK	 
REQUEST		Spin	1788492421047	1788492421061	OK	 
REQUEST		Spin	1788492421053	1788492421064	OK	 
REQUEST		Spin	1788492421057	1788492421069	OK	 
REQUEST		Spin	1788492421056	1788492421069	OK	 
REQUEST		Spin	1788492421061	1788492421071	OK	 
REQUEST		Spin	1788492421070	1788492421071	OK	 
REQUEST		Spin	1788492421062	1788492421072	OK	 
REQUEST		Spin	1788492421067	1788492421077	OK	 
REQUEST		Spin	1788492421071	1788492421079	OK	 
REQUEST		Spin	1788492421076	1788492421084	OK	 
REQUEST		Spin	1788492421077	1788492421085	OK	 
REQUEST		Spin	1788492421300	1788492421319	OK	 
REQUEST		Spin	1788492421297	1788492421319	OK	 
REQUEST		Spin	1788492421316	1788492421328	OK	 
REQUEST		Spin	1788492421321	1788492421331	OK	 
REQUEST		Spin	1788492421375	1788492421387	OK	 
REQUEST		Spin	1788492421385	1788492421397	OK	 
REQUEST		Spin	1788492421387	1788492421398	OK	 
REQUEST		Spin	1788492421388	1788492421399	OK	 
REQUEST		Spin	1788492421404	1788492421429	OK	 
REQUEST		Spin	1788492421408	1788492421429	OK	 
REQUEST		Spin	1788492421405	1788492421429	OK	 
REQUEST		Spin	1788492421417	1788492421433	OK	 
REQUEST		Spin	1788492421542	1788492421552	OK	 
REQUEST		Spin	1788492421549	1788492421558	OK	 
REQUEST		Spin	1788492421576	1788492421586	OK	 
REQUEST		Spin	1788492421574	1788492421586	OK	 
REQUEST		Spin	1788492421710	1788492421736	OK	 
REQUEST		Spin	1788492421719	1788492421740	OK	 
REQUEST		Spin	1788492421723	1788492421741	OK	 
REQUEST		Spin	1788492421725	1788492421743	OK	 
REQUEST		Spin	1788492421736	1788492421749	OK	 
REQUEST		Spin	1788492421739	1788492421752	OK	 
REQUEST		Spin	1788492421737	1788492421752	OK	 
REQUEST		Spin	1788492421745	1788492421757	OK	 
REQUEST		Spin	1788492421789	1788492421801	OK	 
REQUEST		Spin	1788492421801	1788492421811	OK	 
REQUEST		Spin	1788492421805	1788492421815	OK	 
REQUEST		Spin	1788492421813	1788492421823	OK	 
REQUEST		Spin	1788492422041	1788492422065	OK	 
REQUEST		Spin	1788492422055	1788492422071	OK	 
REQUEST		Spin	1788492422055	1788492422072	OK	 
REQUEST		Spin	1788492422054	1788492422072	OK	 
REQUEST		Spin	1788492422057	1788492422077	OK	 
REQUEST		Spin	1788492422057	1788492422087	OK	 
REQUEST		Spin	1788492422071	1788492422095	OK	 
REQUEST		Spin	1788492422071	1788492422095	OK	 
REQUEST		Spin	1788492422072	1788492422100	OK	 
REQUEST		Spin	1788492422075	1788492422100	OK	 
REQUEST		Spin	1788492422071	1788492422100	OK	 
REQUEST		Spin	1788492422076	1788492422100	OK	 
REQUEST		Spin	1788492422300	1788492422323	OK	 
REQUEST		Spin	1788492422311	1788492422331	OK	 
REQUEST		Spin	1788492422322	1788492422335	OK	 
REQUEST		Spin	1788492422325	1788492422337	OK	 
REQUEST		Spin	1788492422382	1788492422386	OK	 
REQUEST		Spin	1788492422379	1788492422392	OK	 
REQUEST		Spin	1788492422379	1788492422393	OK	 
REQUEST		Spin	1788492422385	1788492422397	OK	 
REQUEST		Spin	1788492422390	1788492422401	OK	 
REQUEST		Spin	1788492422396	1788492422407	OK	 
REQUEST		Spin	1788492422400	1788492422410	OK	 
REQUEST		Spin	1788492422400	1788492422410	OK	 
REQUEST		Spin	1788492422542	1788492422559	OK	 
REQUEST		Spin	1788492422556	1788492422570	OK	 
REQUEST		Spin	1788492422560	1788492422572	OK	 
REQUEST		Spin	1788492422565	1788492422577	OK	 
REQUEST		Spin	1788492422712	1788492422731	OK	 
REQUEST		Spin	1788492422720	1788492422746	OK	 
REQUEST		Spin	1788492422726	1788492422747	OK	 
REQUEST		Spin	1788492422723	1788492422749	OK	 
REQUEST		Spin	1788492422725	1788492422753	OK	 
REQUEST		Spin	1788492422729	1788492422755	OK	 
REQUEST		Spin	1788492422738	1788492422761	OK	 
REQUEST		Spin	1788492422754	1788492422773	OK	 
REQUEST		Spin	1788492422797	1788492422819	OK	 
REQUEST		Spin	1788492422797	1788492422819	OK	 
REQUEST		Spin	1788492422817	1788492422834	OK	 
REQUEST		Spin	1788492422819	1788492422836	OK	 
REQUEST		Spin	1788492423042	1788492423053	OK	 
REQUEST		Spin	1788492423050	1788492423059	OK	 
REQUEST		Spin	1788492423058	1788492423069	OK	 
REQUEST		Spin	1788492423058	1788492423070	OK	 
REQUEST		Spin	1788492423060	1788492423072	OK	 
REQUEST		Spin	1788492423060	1788492423073	OK	 
REQUEST		Spin	1788492423063	1788492423076	OK	 
REQUEST		Spin	1788492423067	1788492423080	OK	 
REQUEST		Spin	1788492423066	1788492423080	OK	 
REQUEST		Spin	1788492423068	1788492423082	OK	 
REQUEST		Spin	1788492423075	1788492423085	OK	 
REQUEST		Spin	1788492423075	1788492423085	OK	 
REQUEST		Spin	1788492423294	1788492423313	OK	 
REQUEST		Spin	1788492423306	1788492423318	OK	 
REQUEST		Spin	1788492423319	1788492423329	OK	 
REQUEST		Spin	1788492423334	1788492423343	OK	 
REQUEST		Spin	1788492423372	1788492423383	OK	 
REQUEST		Spin	1788492423382	1788492423393	OK	 
REQUEST		Spin	1788492423385	1788492423397	OK	 
REQUEST		Spin	1788492423382	1788492423397	OK	 
REQUEST		Spin	1788492423385	1788492423397	OK	 
REQUEST		Spin	1788492423388	1788492423399	OK	 
REQUEST		Spin	1788492423408	1788492423409	OK	 
REQUEST		Spin	1788492423401	1788492423410	OK	 
REQUEST		Spin	1788492423549	1788492423567	OK	 
REQUEST		Spin	1788492423565	1788492423580	OK	 
REQUEST		Spin	1788492423563	1788492423580	OK	 
REQUEST		Spin	1788492423570	1788492423584	OK	 
REQUEST		Spin	1788492423713	1788492423736	OK	 
REQUEST		Spin	1788492423722	1788492423737	OK	 
REQUEST		Spin	1788492423722	1788492423737	OK	 
REQUEST		Spin	1788492423722	1788492423738	OK	 
REQUEST		Spin	1788492423731	1788492423746	OK	 
REQUEST		Spin	1788492423737	1788492423747	OK	 
REQUEST		Spin	1788492423770	1788492423782	OK	 
REQUEST		Spin	1788492423772	1788492423782	OK	 
REQUEST		Spin	1788492423789	1788492423798	OK	 
REQUEST		Spin	1788492423798	1788492423806	OK	 
REQUEST		Spin	1788492423806	1788492423814	OK	 
REQUEST		Spin	1788492423818	1788492423826	OK	 
REQUEST		Spin	1788492424045	1788492424073	OK	 
REQUEST		Spin	1788492424049	1788492424073	OK	 
REQUEST		Spin	1788492424056	1788492424078	OK	 
REQUEST		Spin	1788492424054	1788492424080	OK	 
REQUEST		Spin	1788492424056	1788492424082	OK	 
REQUEST		Spin	1788492424059	1788492424082	OK	 
REQUEST		Spin	1788492424063	1788492424082	OK	 
REQUEST		Spin	1788492424062	1788492424083	OK	 
REQUEST		Spin	1788492424067	1788492424084	OK	 
REQUEST		Spin	1788492424072	1788492424087	OK	 
REQUEST		Spin	1788492424077	1788492424088	OK	 
REQUEST		Spin	1788492424086	1788492424094	OK	 
REQUEST		Spin	1788492424309	1788492424332	OK	 
REQUEST		Spin	1788492424308	1788492424332	OK	 
REQUEST		Spin	1788492424313	1788492424333	OK	 
REQUEST		Spin	1788492424317	1788492424335	OK	 
REQUEST		Spin	1788492424377	1788492424391	OK	 
REQUEST		Spin	1788492424376	1788492424392	OK	 
REQUEST		Spin	1788492424386	1788492424400	OK	 
REQUEST		Spin	1788492424389	1788492424404	OK	 
REQUEST		Spin	1788492424387	1788492424404	OK	 
REQUEST		Spin	1788492424395	1788492424409	OK	 
REQUEST		Spin	1788492424399	1788492424411	OK	 
REQUEST		Spin	1788492424400	1788492424412	OK	 
REQUEST		Spin	1788492424545	1788492424563	OK	 
REQUEST		Spin	1788492424574	1788492424586	OK	 
REQUEST		Spin	1788492424573	1788492424587	OK	 
REQUEST		Spin	1788492424588	1788492424590	OK	 
REQUEST		Spin	1788492424723	1788492424802	OK	 
REQUEST		Spin	1788492424733	1788492424802	OK	 
REQUEST		Spin	1788492424732	1788492424802	OK	 
REQUEST		Spin	1788492424735	1788492424804	OK	 
REQUEST		Spin	1788492424710	1788492424805	OK	 
REQUEST		Spin	1788492424716	1788492424807	OK	 
REQUEST		Spin	1788492424715	1788492424807	OK	 
REQUEST		Spin	1788492424747	1788492424807	OK	 
REQUEST		Spin	1788492424797	1788492424820	OK	 
REQUEST		Spin	1788492424802	1788492424820	OK	 
REQUEST		Spin	1788492424811	1788492424825	OK	 
REQUEST		Spin	1788492424828	1788492424837	OK	 
REQUEST		Spin	1788492425051	1788492425066	OK	 
REQUEST		Spin	1788492425052	1788492425067	OK	 
REQUEST		Spin	1788492425053	1788492425067	OK	 
REQUEST		Spin	1788492425051	1788492425068	OK	 
REQUEST		Spin	1788492425056	1788492425070	OK	 
REQUEST		Spin	1788492425057	1788492425070	OK	 
REQUEST		Spin	1788492425058	1788492425072	OK	 
REQUEST		Spin	1788492425061	1788492425077	OK	 
REQUEST		Spin	1788492425066	1788492425081	OK	 
REQUEST		Spin	1788492425063	1788492425081	OK	 
REQUEST		Spin	1788492425068	1788492425081	OK	 
REQUEST		Spin	1788492425072	1788492425081	OK	 
REQUEST		Spin	1788492425305	1788492425327	OK	 
REQUEST		Spin	1788492425304	1788492425327	OK	 
REQUEST		Spin	1788492425304	1788492425331	OK	 
REQUEST		Spin	1788492425309	1788492425331	OK	 
REQUEST		Spin	1788492425376	1788492425388	OK	 
REQUEST		Spin	1788492425380	1788492425390	OK	 
REQUEST		Spin	1788492425383	1788492425394	OK	 
REQUEST		Spin	1788492425384	1788492425394	OK	 
REQUEST		Spin	1788492425391	1788492425401	OK	 
REQUEST		Spin	1788492425401	1788492425416	OK	 
REQUEST		Spin	1788492425400	1788492425416	OK	 
REQUEST		Spin	1788492425400	1788492425416	OK	 
REQUEST		Spin	1788492425542	1788492425555	OK	 
REQUEST		Spin	1788492425559	1788492425569	OK	 
REQUEST		Spin	1788492425569	1788492425578	OK	 
REQUEST		Spin	1788492425577	1788492425585	OK	 
REQUEST		Spin	1788492425709	1788492425720	OK	 
REQUEST		Spin	1788492425714	1788492425727	OK	 
REQUEST		Spin	1788492425715	1788492425727	OK	 
REQUEST		Spin	1788492425722	1788492425750	OK	 
REQUEST		Spin	1788492425725	1788492425753	OK	 
REQUEST		Spin	1788492425749	1788492425771	OK	 
REQUEST		Spin	1788492425749	1788492425771	OK	 
REQUEST		Spin	1788492425749	1788492425772	OK	 
REQUEST		Spin	1788492425791	1788492425800	OK	 
REQUEST		Spin	1788492425800	1788492425808	OK	 
REQUEST		Spin	1788492425808	1788492425816	OK	 
REQUEST		Spin	1788492425816	1788492425824	OK	 
REQUEST		Spin	1788492426044	1788492426069	OK	 
REQUEST		Spin	1788492426049	1788492426072	OK	 
REQUEST		Spin	1788492426054	1788492426072	OK	 
REQUEST		Spin	1788492426072	1788492426075	OK	 
REQUEST		Spin	1788492426059	1788492426077	OK	 
REQUEST		Spin	1788492426058	1788492426081	OK	 
REQUEST		Spin	1788492426063	1788492426084	OK	 
REQUEST		Spin	1788492426063	1788492426087	OK	 
REQUEST		Spin	1788492426069	1788492426087	OK	 
REQUEST		Spin	1788492426072	1788492426090	OK	 
REQUEST		Spin	1788492426078	1788492426092	OK	 
REQUEST		Spin	1788492426078	1788492426093	OK	 
REQUEST		Spin	1788492426301	1788492426318	OK	 
REQUEST		Spin	1788492426300	1788492426318	OK	 
REQUEST		Spin	1788492426317	1788492426329	OK	 
REQUEST		Spin	1788492426322	1788492426332	OK	 
REQUEST		Spin	1788492426376	1788492426392	OK	 
REQUEST		Spin	1788492426388	1788492426401	OK	 
REQUEST		Spin	1788492426387	1788492426401	OK	 
REQUEST		Spin	1788492426389	1788492426403	OK	 
REQUEST		Spin	1788492426407	1788492426419	OK	 
REQUEST		Spin	1788492426406	1788492426419	OK	 
REQUEST		Spin	1788492426410	1788492426422	OK	 
REQUEST		Spin	1788492426419	1788492426429	OK	 
REQUEST		Spin	1788492426543	1788492426558	OK	 
REQUEST		Spin	1788492426550	1788492426562	OK	 
REQUEST		Spin	1788492426575	1788492426586	OK	 
REQUEST		Spin	1788492426577	1788492426587	OK	 
REQUEST		Spin	1788492426712	1788492426731	OK	 
REQUEST		Spin	1788492426720	1788492426736	OK	 
REQUEST		Spin	1788492426724	1788492426741	OK	 
REQUEST		Spin	1788492426727	1788492426742	OK	 
REQUEST		Spin	1788492426737	1788492426750	OK	 
REQUEST		Spin	1788492426737	1788492426750	OK	 
REQUEST		Spin	1788492426741	1788492426754	OK	 
REQUEST		Spin	1788492426746	1788492426757	OK	 
REQUEST		Spin	1788492426790	1788492426802	OK	 
REQUEST		Spin	1788492426803	1788492426815	OK	 
REQUEST		Spin	1788492426806	1788492426815	OK	 
REQUEST		Spin	1788492426814	1788492426824	OK	 
REQUEST		Spin	1788492427057	1788492427063	OK	 
REQUEST		Spin	1788492427043	1788492427069	OK	 
REQUEST		Spin	1788492427055	1788492427079	OK	 
REQUEST		Spin	1788492427055	1788492427079	OK	 
REQUEST		Spin	1788492427057	1788492427080	OK	 
REQUEST		Spin	1788492427059	1788492427086	OK	 
REQUEST		Spin	1788492427072	1788492427093	OK	 
REQUEST		Spin	1788492427073	1788492427094	OK	 
REQUEST		Spin	1788492427072	1788492427094	OK	 
REQUEST		Spin	1788492427078	1788492427094	OK	 
REQUEST		Spin	1788492427071	1788492427094	OK	 
REQUEST		Spin	1788492427077	1788492427096	OK	 
REQUEST		Spin	1788492427302	1788492427324	OK	 
REQUEST		Spin	1788492427313	1788492427327	OK	 
REQUEST		Spin	1788492427325	1788492427337	OK	 
REQUEST		Spin	1788492427327	1788492427338	OK	 
REQUEST		Spin	1788492427383	1788492427385	OK	 
REQUEST		Spin	1788492427381	1788492427391	OK	 
REQUEST		Spin	1788492427381	1788492427391	OK	 
REQUEST		Spin	1788492427387	1788492427395	OK	 
REQUEST		Spin	1788492427391	1788492427398	OK	 
REQUEST		Spin	1788492427397	1788492427406	OK	 
REQUEST		Spin	1788492427401	1788492427410	OK	 
REQUEST		Spin	1788492427401	1788492427410	OK	 
REQUEST		Spin	1788492427542	1788492427558	OK	 
REQUEST		Spin	1788492427557	1788492427569	OK	 
REQUEST		Spin	1788492427561	1788492427572	OK	 
REQUEST		Spin	1788492427567	1788492427576	OK	 
REQUEST		Spin	1788492427713	1788492427734	OK	 
REQUEST		Spin	1788492427721	1788492427738	OK	 
REQUEST		Spin	1788492427725	1788492427740	OK	 
REQUEST		Spin	1788492427726	1788492427741	OK	 
REQUEST		Spin	1788492427728	1788492427742	OK	 
REQUEST		Spin	1788492427730	1788492427746	OK	 
REQUEST		Spin	1788492427740	1788492427753	OK	 
REQUEST		Spin	1788492427756	1788492427764	OK	 
REQUEST		Spin	1788492427797	1788492427814	OK	 
REQUEST		Spin	1788492427797	1788492427814	OK	 
REQUEST		Spin	1788492427819	1788492427827	OK	 
REQUEST		Spin	1788492427820	1788492427827	OK	 
REQUEST		Spin	1788492428044	1788492428053	OK	 
REQUEST		Spin	1788492428052	1788492428060	OK	 
REQUEST		Spin	1788492428059	1788492428072	OK	 
REQUEST		Spin	1788492428060	1788492428073	OK	 
REQUEST		Spin	1788492428061	1788492428074	OK	 
REQUEST		Spin	1788492428063	1788492428076	OK	 
REQUEST		Spin	1788492428064	1788492428080	OK	 
REQUEST		Spin	1788492428066	1788492428082	OK	 
REQUEST		Spin	1788492428069	1788492428084	OK	 
REQUEST		Spin	1788492428069	1788492428089	OK	 
REQUEST		Spin	1788492428077	1788492428092	OK	 
REQUEST		Spin	1788492428077	1788492428094	OK	 
REQUEST		Spin	1788492428296	1788492428307	OK	 
REQUEST		Spin	1788492428307	1788492428317	OK	 
REQUEST		Spin	1788492428321	1788492428332	OK	 
REQUEST		Spin	1788492428336	1788492428346	OK	 
REQUEST		Spin	1788492428374	1788492428383	OK	 
REQUEST		Spin	1788492428383	1788492428392	OK	 
REQUEST		Spin	1788492428384	1788492428393	OK	 
REQUEST		Spin	1788492428387	1788492428396	OK	 
REQUEST		Spin	1788492428387	1788492428396	OK	 
REQUEST		Spin	1788492428390	1788492428398	OK	 
REQUEST		Spin	1788492428402	1788492428409	OK	 
REQUEST		Spin	1788492428409	1788492428410	OK	 
REQUEST		Spin	1788492428553	1788492428565	OK	 
REQUEST		Spin	1788492428565	1788492428575	OK	 
REQUEST		Spin	1788492428567	1788492428578	OK	 
REQUEST		Spin	1788492428572	1788492428584	OK	 
REQUEST		Spin	1788492428713	1788492428736	OK	 
REQUEST		Spin	1788492428724	1788492428741	OK	 
REQUEST		Spin	1788492428724	1788492428742	OK	 
REQUEST		Spin	1788492428723	1788492428742	OK	 
REQUEST		Spin	1788492428732	1788492428748	OK	 
REQUEST		Spin	1788492428739	1788492428748	OK	 
REQUEST		Spin	1788492428771	1788492428784	OK	 
REQUEST		Spin	1788492428773	1788492428786	OK	 
REQUEST		Spin	1788492428789	1788492428801	OK	 
REQUEST		Spin	1788492428799	1788492428807	OK	 
REQUEST		Spin	1788492428808	1788492428815	OK	 
REQUEST		Spin	1788492428820	1788492428829	OK	 
REQUEST		Spin	1788492429050	1788492429058	OK	 
REQUEST		Spin	1788492429047	1788492429059	OK	 
REQUEST		Spin	1788492429055	1788492429070	OK	 
REQUEST		Spin	1788492429057	1788492429070	OK	 
REQUEST		Spin	1788492429057	1788492429071	OK	 
REQUEST		Spin	1788492429061	1788492429077	OK	 
REQUEST		Spin	1788492429063	1788492429077	OK	 
REQUEST		Spin	1788492429064	1788492429080	OK	 
REQUEST		Spin	1788492429069	1788492429085	OK	 
REQUEST		Spin	1788492429074	1788492429087	OK	 
REQUEST		Spin	1788492429077	1788492429088	OK	 
REQUEST		Spin	1788492429088	1788492429097	OK	 
REQUEST		Spin	1788492429315	1788492429336	OK	 
REQUEST		Spin	1788492429310	1788492429337	OK	 
REQUEST		Spin	1788492429319	1788492429338	OK	 
REQUEST		Spin	1788492429310	1788492429338	OK	 
REQUEST		Spin	1788492429378	1788492429390	OK	 
REQUEST		Spin	1788492429377	1788492429390	OK	 
REQUEST		Spin	1788492429388	1788492429401	OK	 
REQUEST		Spin	1788492429388	1788492429401	OK	 
REQUEST		Spin	1788492429390	1788492429406	OK	 
REQUEST		Spin	1788492429396	1788492429412	OK	 
REQUEST		Spin	1788492429400	1788492429413	OK	 
REQUEST		Spin	1788492429400	1788492429414	OK	 
REQUEST		Spin	1788492429546	1788492429558	OK	 
REQUEST		Spin	1788492429575	1788492429585	OK	 
REQUEST		Spin	1788492429574	1788492429585	OK	 
REQUEST		Spin	1788492429590	1788492429592	OK	 
REQUEST		Spin	1788492429712	1788492429730	OK	 
REQUEST		Spin	1788492429716	1788492429730	OK	 
REQUEST		Spin	1788492429716	1788492429731	OK	 
REQUEST		Spin	1788492429724	1788492429737	OK	 
REQUEST		Spin	1788492429732	1788492429743	OK	 
REQUEST		Spin	1788492429734	1788492429744	OK	 
REQUEST		Spin	1788492429737	1788492429746	OK	 
REQUEST		Spin	1788492429747	1788492429757	OK	 
REQUEST		Spin	1788492429799	1788492429810	OK	 
REQUEST		Spin	1788492429803	1788492429813	OK	 
REQUEST		Spin	1788492429812	1788492429821	OK	 
REQUEST		Spin	1788492429829	1788492429838	OK	 
REQUEST		Spin	1788492430052	1788492430080	OK	 
REQUEST		Spin	1788492430053	1788492430080	OK	 
REQUEST		Spin	1788492430056	1788492430086	OK	 
REQUEST		Spin	1788492430062	1788492430087	OK	 
REQUEST		Spin	1788492430054	1788492430089	OK	 
REQUEST		Spin	1788492430052	1788492430090	OK	 
REQUEST		Spin	1788492430060	1788492430090	OK	 
REQUEST		Spin	1788492430060	1788492430090	OK	 
REQUEST		Spin	1788492430065	1788492430092	OK	 
REQUEST		Spin	1788492430068	1788492430092	OK	 
REQUEST		Spin	1788492430069	1788492430094	OK	 
REQUEST		Spin	1788492430074	1788492430094	OK	 
REQUEST		Spin	1788492430307	1788492430331	OK	 
REQUEST		Spin	1788492430305	1788492430331	OK	 
REQUEST		Spin	1788492430310	1788492430331	OK	 
REQUEST		Spin	1788492430306	1788492430332	OK	 
REQUEST		Spin	1788492430377	1788492430391	OK	 
REQUEST		Spin	1788492430381	1788492430395	OK	 
REQUEST		Spin	1788492430384	1788492430396	OK	 
REQUEST		Spin	1788492430385	1788492430397	OK	 
REQUEST		Spin	1788492430393	1788492430404	OK	 
REQUEST		Spin	1788492430402	1788492430411	OK	 
REQUEST		Spin	1788492430402	1788492430412	OK	 
REQUEST		Spin	1788492430401	1788492430412	OK	 
REQUEST		Spin	1788492430543	1788492430556	OK	 
REQUEST		Spin	1788492430560	1788492430570	OK	 
REQUEST		Spin	1788492430570	1788492430579	OK	 
REQUEST		Spin	1788492430577	1788492430585	OK	 
REQUEST		Spin	1788492430711	1788492430754	OK	 
REQUEST		Spin	1788492430716	1788492430756	OK	 
REQUEST		Spin	1788492430716	1788492430758	OK	 
REQUEST		Spin	1788492430727	1788492430764	OK	 
REQUEST		Spin	1788492430724	1788492430764	OK	 
REQUEST		Spin	1788492430751	1788492430770	OK	 
REQUEST		Spin	1788492430751	1788492430771	OK	 
REQUEST		Spin	1788492430751	1788492430774	OK	 
REQUEST		Spin	1788492430793	1788492430802	OK	 
REQUEST		Spin	1788492430801	1788492430809	OK	 
REQUEST		Spin	1788492430809	1788492430819	OK	 
REQUEST		Spin	1788492430820	1788492430829	OK	 
REQUEST		Spin	1788492431046	1788492431067	OK	 
REQUEST		Spin	1788492431056	1788492431067	OK	 
REQUEST		Spin	1788492431051	1788492431069	OK	 
REQUEST		Spin	1788492431058	1788492431072	OK	 
REQUEST		Spin	1788492431060	1788492431072	OK	 
REQUEST		Spin	1788492431073	1788492431074	OK	 
REQUEST		Spin	1788492431064	1788492431080	OK	 
REQUEST		Spin	1788492431064	1788492431080	OK	 
REQUEST		Spin	1788492431070	1788492431085	OK	 
REQUEST		Spin	1788492431074	1788492431086	OK	 
REQUEST		Spin	1788492431079	1788492431088	OK	 
REQUEST		Spin	1788492431078	1788492431088	OK	 
REQUEST		Spin	1788492431301	1788492431322	OK	 
REQUEST		Spin	1788492431301	1788492431323	OK	 
REQUEST		Spin	1788492431318	1788492431331	OK	 
REQUEST		Spin	1788492431322	1788492431332	OK	 
REQUEST		Spin	1788492431378	1788492431390	OK	 
REQUEST		Spin	1788492431389	1788492431401	OK	 
REQUEST		Spin	1788492431390	1788492431401	OK	 
REQUEST		Spin	1788492431390	1788492431401	OK	 
REQUEST		Spin	1788492431408	1788492431416	OK	 
REQUEST		Spin	1788492431407	1788492431419	OK	 
REQUEST		Spin	1788492431410	1788492431420	OK	 
REQUEST		Spin	1788492431420	1788492431427	OK	 
REQUEST		Spin	1788492431545	1788492431558	OK	 
REQUEST		Spin	1788492431552	1788492431563	OK	 
REQUEST		Spin	1788492431576	1788492431586	OK	 
REQUEST		Spin	1788492431578	1788492431588	OK	 
REQUEST		Spin	1788492431714	1788492431743	OK	 
REQUEST		Spin	1788492431721	1788492431743	OK	 
REQUEST		Spin	1788492431728	1788492431744	OK	 
REQUEST		Spin	1788492431726	1788492431744	OK	 
REQUEST		Spin	1788492431738	1788492431752	OK	 
REQUEST		Spin	1788492431739	1788492431752	OK	 
REQUEST		Spin	1788492431741	1788492431754	OK	 
REQUEST		Spin	1788492431748	1788492431757	OK	 
REQUEST		Spin	1788492431791	1788492431800	OK	 
REQUEST		Spin	1788492431804	1788492431812	OK	 
REQUEST		Spin	1788492431807	1788492431815	OK	 
REQUEST		Spin	1788492431814	1788492431823	OK	 
REQUEST		Spin	1788492432058	1788492432063	OK	 
REQUEST		Spin	1788492432044	1788492432071	OK	 
REQUEST		Spin	1788492432056	1788492432079	OK	 
REQUEST		Spin	1788492432058	1788492432079	OK	 
REQUEST		Spin	1788492432056	1788492432080	OK	 
REQUEST		Spin	1788492432059	1788492432084	OK	 
REQUEST		Spin	1788492432074	1788492432090	OK	 
REQUEST		Spin	1788492432073	1788492432090	OK	 
REQUEST		Spin	1788492432073	1788492432090	OK	 
REQUEST		Spin	1788492432074	1788492432091	OK	 
REQUEST		Spin	1788492432079	1788492432093	OK	 
REQUEST		Spin	1788492432078	1788492432093	OK	 
REQUEST		Spin	1788492432303	1788492432312	OK	 
REQUEST		Spin	1788492432315	1788492432320	OK	 
REQUEST		Spin	1788492432325	1788492432331	OK	 
REQUEST		Spin	1788492432328	1788492432334	OK	 
REQUEST		Spin	1788492432384	1788492432386	OK	 
REQUEST		Spin	1788492432381	1788492432391	OK	 
REQUEST		Spin	1788492432382	1788492432391	OK	 
REQUEST		Spin	1788492432388	1788492432397	OK	 
REQUEST		Spin	1788492432392	1788492432399	OK	 
REQUEST		Spin	1788492432398	1788492432406	OK	 
REQUEST		Spin	1788492432402	1788492432409	OK	 
REQUEST		Spin	1788492432403	1788492432410	OK	 
REQUEST		Spin	1788492432543	1788492432557	OK	 
REQUEST		Spin	1788492432558	1788492432568	OK	 
REQUEST		Spin	1788492432563	1788492432572	OK	 
REQUEST		Spin	1788492432569	1788492432578	OK	 
REQUEST		Spin	1788492432715	1788492432748	OK	 
REQUEST		Spin	1788492432722	1788492432748	OK	 
REQUEST		Spin	1788492432728	1788492432748	OK	 
REQUEST		Spin	1788492432732	1788492432749	OK	 
REQUEST		Spin	1788492432728	1788492432750	OK	 
REQUEST		Spin	1788492432730	1788492432752	OK	 
REQUEST		Spin	1788492432741	1788492432757	OK	 
REQUEST		Spin	1788492432758	1788492432767	OK	 
REQUEST		Spin	1788492432799	1788492432809	OK	 
REQUEST		Spin	1788492432799	1788492432809	OK	 
REQUEST		Spin	1788492432820	1788492432829	OK	 
REQUEST		Spin	1788492432822	1788492432829	OK	 
REQUEST		Spin	1788492433046	1788492433077	OK	 
REQUEST		Spin	1788492433053	1788492433083	OK	 
REQUEST		Spin	1788492433059	1788492433085	OK	 
REQUEST		Spin	1788492433062	1788492433091	OK	 
REQUEST		Spin	1788492433065	1788492433092	OK	 
REQUEST		Spin	1788492433067	1788492433092	OK	 
REQUEST		Spin	1788492433063	1788492433093	OK	 
REQUEST		Spin	1788492433062	1788492433093	OK	 
REQUEST		Spin	1788492433070	1788492433096	OK	 
REQUEST		Spin	1788492433079	1788492433097	OK	 
REQUEST		Spin	1788492433078	1788492433098	OK	 
REQUEST		Spin	1788492433070	1788492433098	OK	 
REQUEST		Spin	1788492433298	1788492433308	OK	 
REQUEST		Spin	1788492433309	1788492433321	OK	 
REQUEST		Spin	1788492433322	1788492433332	OK	 
REQUEST		Spin	1788492433337	1788492433345	OK	 
REQUEST		Spin	1788492433374	1788492433383	OK	 
REQUEST		Spin	1788492433384	1788492433397	OK	 
REQUEST		Spin	1788492433385	1788492433403	OK	 
REQUEST		Spin	1788492433388	1788492433406	OK	 
REQUEST		Spin	1788492433389	1788492433407	OK	 
REQUEST		Spin	1788492433390	1788492433408	OK	 
REQUEST		Spin	1788492433410	1788492433411	OK	 
REQUEST		Spin	1788492433404	1788492433415	OK	 
REQUEST		Spin	1788492433555	1788492433571	OK	 
REQUEST		Spin	1788492433565	1788492433579	OK	 
REQUEST		Spin	1788492433568	1788492433584	OK	 
REQUEST		Spin	1788492433574	1788492433587	OK	 
REQUEST		Spin	1788492433715	1788492433741	OK	 
REQUEST		Spin	1788492433727	1788492433742	OK	 
REQUEST		Spin	1788492433726	1788492433742	OK	 
REQUEST		Spin	1788492433725	1788492433743	OK	 
REQUEST		Spin	1788492433733	1788492433745	OK	 
REQUEST		Spin	1788492433740	1788492433749	OK	 
REQUEST		Spin	1788492433772	1788492433785	OK	 
REQUEST		Spin	1788492433774	1788492433785	OK	 
REQUEST		Spin	1788492433790	1788492433800	OK	 
REQUEST		Spin	1788492433800	1788492433809	OK	 
REQUEST		Spin	1788492433810	1788492433819	OK	 
REQUEST		Spin	1788492433822	1788492433831	OK	 
REQUEST		Spin	1788492434048	1788492434072	OK	 
REQUEST		Spin	1788492434049	1788492434073	OK	 
REQUEST		Spin	1788492434058	1788492434079	OK	 
REQUEST		Spin	1788492434058	1788492434081	OK	 
REQUEST		Spin	1788492434056	1788492434082	OK	 
REQUEST		Spin	1788492434064	1788492434085	OK	 
REQUEST		Spin	1788492434063	1788492434085	OK	 
REQUEST		Spin	1788492434066	1788492434087	OK	 
REQUEST		Spin	1788492434071	1788492434091	OK	 
REQUEST		Spin	1788492434075	1788492434091	OK	 
REQUEST		Spin	1788492434078	1788492434094	OK	 
REQUEST		Spin	1788492434089	1788492434099	OK	 
REQUEST		Spin	1788492434310	1788492434334	OK	 
REQUEST		Spin	1788492434312	1788492434334	OK	 
REQUEST		Spin	1788492434320	1788492434335	OK	 
REQUEST		Spin	1788492434316	1788492434335	OK	 
REQUEST		Spin	1788492434378	1788492434391	OK	 
REQUEST		Spin	1788492434380	1788492434392	OK	 
REQUEST		Spin	1788492434389	1788492434404	OK	 
REQUEST		Spin	1788492434389	1788492434404	OK	 
REQUEST		Spin	1788492434391	1788492434405	OK	 
REQUEST		Spin	1788492434397	1788492434411	OK	 
REQUEST		Spin	1788492434401	1788492434413	OK	 
REQUEST		Spin	1788492434402	1788492434413	OK	 
REQUEST		Spin	1788492434547	1788492434565	OK	 
REQUEST		Spin	1788492434575	1788492434587	OK	 
REQUEST		Spin	1788492434578	1788492434589	OK	 
REQUEST		Spin	1788492434592	1788492434594	OK	 
REQUEST		Spin	1788492434718	1788492434739	OK	 
REQUEST		Spin	1788492434716	1788492434739	OK	 
REQUEST		Spin	1788492434712	1788492434742	OK	 
REQUEST		Spin	1788492434725	1788492434751	OK	 
REQUEST		Spin	1788492434733	1788492434758	OK	 
REQUEST		Spin	1788492434735	1788492434759	OK	 
REQUEST		Spin	1788492434737	1788492434760	OK	 
REQUEST		Spin	1788492434749	1788492434768	OK	 
REQUEST		Spin	1788492434800	1788492434811	OK	 
REQUEST		Spin	1788492434805	1788492434815	OK	 
REQUEST		Spin	1788492434813	1788492434823	OK	 
REQUEST		Spin	1788492434831	1788492434840	OK	 
REQUEST		Spin	1788492435063	1788492435085	OK	 
REQUEST		Spin	1788492435055	1788492435089	OK	 
REQUEST		Spin	1788492435054	1788492435090	OK	 
REQUEST		Spin	1788492435058	1788492435090	OK	 
REQUEST		Spin	1788492435054	1788492435090	OK	 
REQUEST		Spin	1788492435060	1788492435091	OK	 
REQUEST		Spin	1788492435054	1788492435091	OK	 
REQUEST		Spin	1788492435061	1788492435092	OK	 
REQUEST		Spin	1788492435066	1788492435092	OK	 
REQUEST		Spin	1788492435076	1788492435097	OK	 
REQUEST		Spin	1788492435070	1788492435097	OK	 
REQUEST		Spin	1788492435072	1788492435097	OK	 
REQUEST		Spin	1788492435306	1788492435331	OK	 
REQUEST		Spin	1788492435307	1788492435332	OK	 
REQUEST		Spin	1788492435308	1788492435332	OK	 
REQUEST		Spin	1788492435312	1788492435332	OK	 
REQUEST		Spin	1788492435377	1788492435395	OK	 
REQUEST		Spin	1788492435383	1788492435395	OK	 
REQUEST		Spin	1788492435386	1788492435399	OK	 
REQUEST		Spin	1788492435386	1788492435401	OK	 
REQUEST		Spin	1788492435394	1788492435406	OK	 
REQUEST		Spin	1788492435403	1788492435415	OK	 
REQUEST		Spin	1788492435403	1788492435415	OK	 
REQUEST		Spin	1788492435404	1788492435415	OK	 
REQUEST		Spin	1788492435544	1788492435555	OK	 
REQUEST		Spin	1788492435562	1788492435572	OK	 
REQUEST		Spin	1788492435571	1788492435581	OK	 
REQUEST		Spin	1788492435578	1788492435587	OK	 
REQUEST		Spin	1788492435713	1788492435729	OK	 
REQUEST		Spin	1788492435717	1788492435730	OK	 
REQUEST		Spin	1788492435717	1788492435730	OK	 
REQUEST		Spin	1788492435726	1788492435739	OK	 
REQUEST		Spin	1788492435727	1788492435739	OK	 
REQUEST		Spin	1788492435752	1788492435764	OK	 
REQUEST		Spin	1788492435753	1788492435764	OK	 
REQUEST		Spin	1788492435752	1788492435765	OK	 
REQUEST		Spin	1788492435794	1788492435805	OK	 
REQUEST		Spin	1788492435802	1788492435812	OK	 
REQUEST		Spin	1788492435811	1788492435820	OK	 
REQUEST		Spin	1788492435821	1788492435830	OK	 
REQUEST		Spin	1788492436047	1788492436073	OK	 
REQUEST		Spin	1788492436051	1788492436075	OK	 
REQUEST		Spin	1788492436073	1788492436078	OK	 
REQUEST		Spin	1788492436057	1788492436082	OK	 
REQUEST		Spin	1788492436059	1788492436083	OK	 
REQUEST		Spin	1788492436062	1788492436086	OK	 
REQUEST		Spin	1788492436065	1788492436087	OK	 
REQUEST		Spin	1788492436065	1788492436088	OK	 
REQUEST		Spin	1788492436071	1788492436093	OK	 
REQUEST		Spin	1788492436080	1788492436093	OK	 
REQUEST		Spin	1788492436076	1788492436093	OK	 
REQUEST		Spin	1788492436080	1788492436093	OK	 
REQUEST		Spin	1788492436302	1788492436323	OK	 
REQUEST		Spin	1788492436301	1788492436324	OK	 
REQUEST		Spin	1788492436321	1788492436335	OK	 
REQUEST		Spin	1788492436324	1788492436336	OK	 
REQUEST		Spin	1788492436380	1788492436393	OK	 
REQUEST		Spin	1788492436390	1788492436401	OK	 
REQUEST		Spin	1788492436391	1788492436401	OK	 
REQUEST		Spin	1788492436391	1788492436401	OK	 
REQUEST		Spin	1788492436408	1788492436418	OK	 
REQUEST		Spin	1788492436409	1788492436418	OK	 
REQUEST		Spin	1788492436411	1788492436420	OK	 
REQUEST		Spin	1788492436422	1788492436431	OK	 
REQUEST		Spin	1788492436546	1788492436558	OK	 
REQUEST		Spin	1788492436553	1788492436564	OK	 
REQUEST		Spin	1788492436597	1788492436614	OK	 
REQUEST		Spin	1788492436598	1788492436614	OK	 
REQUEST		Spin	1788492436715	1788492436725	OK	 
REQUEST		Spin	1788492436723	1788492436732	OK	 
REQUEST		Spin	1788492436727	1788492436736	OK	 
REQUEST		Spin	1788492436730	1788492436738	OK	 
REQUEST		Spin	1788492436740	1788492436748	OK	 
REQUEST		Spin	1788492436740	1788492436750	OK	 
REQUEST		Spin	1788492436742	1788492436756	OK	 
REQUEST		Spin	1788492436749	1788492436756	OK	 
REQUEST		Spin	1788492436793	1788492436802	OK	 
REQUEST		Spin	1788492436806	1788492436815	OK	 
REQUEST		Spin	1788492436808	1788492436817	OK	 
REQUEST		Spin	1788492436816	1788492436825	OK	 
REQUEST		Spin	1788492437059	1788492437063	OK	 
REQUEST		Spin	1788492437047	1788492437072	OK	 
REQUEST		Spin	1788492437058	1788492437074	OK	 
REQUEST		Spin	1788492437057	1788492437075	OK	 
REQUEST		Spin	1788492437059	1788492437076	OK	 
REQUEST		Spin	1788492437060	1788492437079	OK	 
REQUEST		Spin	1788492437075	1788492437092	OK	 
REQUEST		Spin	1788492437075	1788492437092	OK	 
REQUEST		Spin	1788492437075	1788492437092	OK	 
REQUEST		Spin	1788492437080	1788492437093	OK	 
REQUEST		Spin	1788492437079	1788492437093	OK	 
REQUEST		Spin	1788492437075	1788492437093	OK	 
REQUEST		Spin	1788492437304	1788492437313	OK	 
REQUEST		Spin	1788492437316	1788492437324	OK	 
REQUEST		Spin	1788492437327	1788492437334	OK	 
REQUEST		Spin	1788492437329	1788492437336	OK	 
REQUEST		Spin	1788492437385	1788492437387	OK	 
REQUEST		Spin	1788492437383	1788492437393	OK	 
REQUEST		Spin	1788492437383	1788492437393	OK	 
REQUEST		Spin	1788492437390	1788492437398	OK	 
REQUEST		Spin	1788492437393	1788492437401	OK	 
REQUEST		Spin	1788492437398	1788492437406	OK	 
REQUEST		Spin	1788492437403	1788492437409	OK	 
REQUEST		Spin	1788492437405	1788492437410	OK	 
REQUEST		Spin	1788492437544	1788492437562	OK	 
REQUEST		Spin	1788492437559	1788492437574	OK	 
REQUEST		Spin	1788492437564	1788492437576	OK	 
REQUEST		Spin	1788492437570	1788492437581	OK	 
REQUEST		Spin	1788492437717	1788492437741	OK	 
REQUEST		Spin	1788492437723	1788492437742	OK	 
REQUEST		Spin	1788492437729	1788492437750	OK	 
REQUEST		Spin	1788492437731	1788492437750	OK	 
REQUEST		Spin	1788492437732	1788492437751	OK	 
REQUEST		Spin	1788492437734	1788492437751	OK	 
REQUEST		Spin	1788492437741	1788492437756	OK	 
REQUEST		Spin	1788492437758	1788492437767	OK	 
REQUEST		Spin	1788492437800	1788492437812	OK	 
REQUEST		Spin	1788492437800	1788492437812	OK	 
REQUEST		Spin	1788492437821	1788492437832	OK	 
REQUEST		Spin	1788492437824	1788492437834	OK	 
REQUEST		Spin	1788492438045	1788492438072	OK	 
REQUEST		Spin	1788492438053	1788492438073	OK	 
REQUEST		Spin	1788492438061	1788492438085	OK	 
REQUEST		Spin	1788492438063	1788492438085	OK	 
REQUEST		Spin	1788492438062	1788492438086	OK	 
REQUEST		Spin	1788492438064	1788492438087	OK	 
REQUEST		Spin	1788492438069	1788492438088	OK	 
REQUEST		Spin	1788492438067	1788492438089	OK	 
REQUEST		Spin	1788492438072	1788492438091	OK	 
REQUEST		Spin	1788492438072	1788492438092	OK	 
REQUEST		Spin	1788492438078	1788492438095	OK	 
REQUEST		Spin	1788492438080	1788492438095	OK	 
REQUEST		Spin	1788492438300	1788492438325	OK	 
REQUEST		Spin	1788492438311	1788492438329	OK	 
REQUEST		Spin	1788492438324	1788492438339	OK	 
REQUEST		Spin	1788492438338	1788492438351	OK	 
REQUEST		Spin	1788492438375	1788492438382	OK	 
REQUEST		Spin	1788492438385	1788492438393	OK	 
REQUEST		Spin	1788492438385	1788492438393	OK	 
REQUEST		Spin	1788492438389	1788492438397	OK	 
REQUEST		Spin	1788492438390	1788492438397	OK	 
REQUEST		Spin	1788492438391	1788492438398	OK	 
REQUEST		Spin	1788492438405	1788492438412	OK	 
REQUEST		Spin	1788492438412	1788492438413	OK	 
REQUEST		Spin	1788492438557	1788492438567	OK	 
REQUEST		Spin	1788492438566	1788492438574	OK	 
REQUEST		Spin	1788492438570	1788492438583	OK	 
REQUEST		Spin	1788492438575	1788492438584	OK	 
REQUEST		Spin	1788492438716	1788492438725	OK	 
REQUEST		Spin	1788492438727	1788492438735	OK	 
REQUEST		Spin	1788492438728	1788492438735	OK	 
REQUEST		Spin	1788492438728	1788492438737	OK	 
REQUEST		Spin	1788492438734	1788492438751	OK	 
REQUEST		Spin	1788492438751	1788492438801	OK	 
REQUEST		Spin	1788492438773	1788492438853	OK	 
REQUEST		Spin	1788492438776	1788492438859	OK	 
REQUEST		Spin	1788492438800	1788492438862	OK	 
REQUEST		Spin	1788492438812	1788492438862	OK	 
REQUEST		Spin	1788492438824	1788492438862	OK	 
REQUEST		Spin	1788492438802	1788492438862	OK	 
REQUEST		Spin	1788492439050	1788492439064	OK	 
REQUEST		Spin	1788492439051	1788492439064	OK	 
REQUEST		Spin	1788492439058	1788492439071	OK	 
REQUEST		Spin	1788492439059	1788492439073	OK	 
REQUEST		Spin	1788492439059	1788492439075	OK	 
REQUEST		Spin	1788492439067	1788492439084	OK	 
REQUEST		Spin	1788492439065	1788492439084	OK	 
REQUEST		Spin	1788492439065	1788492439084	OK	 
REQUEST		Spin	1788492439072	1788492439091	OK	 
REQUEST		Spin	1788492439076	1788492439091	OK	 
REQUEST		Spin	1788492439078	1788492439092	OK	 
REQUEST		Spin	1788492439090	1788492439100	OK	 
REQUEST		Spin	1788492439312	1788492439332	OK	 
REQUEST		Spin	1788492439311	1788492439332	OK	 
REQUEST		Spin	1788492439316	1788492439334	OK	 
REQUEST		Spin	1788492439321	1788492439334	OK	 
REQUEST		Spin	1788492439380	1788492439392	OK	 
REQUEST		Spin	1788492439381	1788492439392	OK	 
REQUEST		Spin	1788492439392	1788492439403	OK	 
REQUEST		Spin	1788492439391	1788492439403	OK	 
REQUEST		Spin	1788492439390	1788492439403	OK	 
REQUEST		Spin	1788492439399	1788492439409	OK	 
REQUEST		Spin	1788492439403	1788492439411	OK	 
REQUEST		Spin	1788492439403	1788492439411	OK	 
REQUEST		Spin	1788492439549	1788492439567	OK	 
REQUEST		Spin	1788492439576	1788492439587	OK	 
REQUEST		Spin	1788492439580	1788492439589	OK	 
REQUEST		Spin	1788492439594	1788492439595	OK	 
REQUEST		Spin	1788492439713	1788492439735	OK	 
REQUEST		Spin	1788492439717	1788492439735	OK	 
REQUEST		Spin	1788492439717	1788492439735	OK	 
REQUEST		Spin	1788492439726	1788492439742	OK	 
REQUEST		Spin	1788492439735	1788492439747	OK	 
REQUEST		Spin	1788492439736	1788492439750	OK	 
REQUEST		Spin	1788492439738	1788492439750	OK	 
REQUEST		Spin	1788492439750	1788492439759	OK	 
REQUEST		Spin	1788492439801	1788492439814	OK	 
REQUEST		Spin	1788492439806	1788492439816	OK	 
REQUEST		Spin	1788492439815	1788492439825	OK	 
REQUEST		Spin	1788492439832	1788492439841	OK	 
REQUEST		Spin	1788492440056	1788492440083	OK	 
REQUEST		Spin	1788492440056	1788492440083	OK	 
REQUEST		Spin	1788492440055	1788492440083	OK	 
REQUEST		Spin	1788492440062	1788492440085	OK	 
REQUEST		Spin	1788492440054	1788492440085	OK	 
REQUEST		Spin	1788492440058	1788492440087	OK	 
REQUEST		Spin	1788492440060	1788492440087	OK	 
REQUEST		Spin	1788492440067	1788492440087	OK	 
REQUEST		Spin	1788492440063	1788492440092	OK	 
REQUEST		Spin	1788492440073	1788492440093	OK	 
REQUEST		Spin	1788492440071	1788492440093	OK	 
REQUEST		Spin	1788492440077	1788492440096	OK	 
REQUEST		Spin	1788492440307	1788492440324	OK	 
REQUEST		Spin	1788492440310	1788492440324	OK	 
REQUEST		Spin	1788492440307	1788492440324	OK	 
REQUEST		Spin	1788492440312	1788492440326	OK	 
REQUEST		Spin	1788492440378	1788492440391	OK	 
REQUEST		Spin	1788492440385	1788492440395	OK	 
REQUEST		Spin	1788492440388	1788492440395	OK	 
REQUEST		Spin	1788492440387	1788492440396	OK	 
REQUEST		Spin	1788492440395	1788492440404	OK	 
REQUEST		Spin	1788492440404	1788492440412	OK	 
REQUEST		Spin	1788492440405	1788492440412	OK	 
REQUEST		Spin	1788492440406	1788492440414	OK	 
REQUEST		Spin	1788492440546	1788492440559	OK	 
REQUEST		Spin	1788492440563	1788492440574	OK	 
REQUEST		Spin	1788492440573	1788492440583	OK	 
REQUEST		Spin	1788492440579	1788492440588	OK	 
REQUEST		Spin	1788492440715	1788492440732	OK	 
REQUEST		Spin	1788492440719	1788492440733	OK	 
REQUEST		Spin	1788492440718	1788492440734	OK	 
REQUEST		Spin	1788492440728	1788492440741	OK	 
REQUEST		Spin	1788492440728	1788492440741	OK	 
REQUEST		Spin	1788492440753	1788492440764	OK	 
REQUEST		Spin	1788492440753	1788492440764	OK	 
REQUEST		Spin	1788492440754	1788492440764	OK	 
REQUEST		Spin	1788492440795	1788492440805	OK	 
REQUEST		Spin	1788492440802	1788492440812	OK	 
REQUEST		Spin	1788492440813	1788492440820	OK	 
REQUEST		Spin	1788492440823	1788492440830	OK	 
REQUEST		Spin	1788492441075	1788492441083	OK	 
REQUEST		Spin	1788492441058	1788492441100	OK	 
REQUEST		Spin	1788492441059	1788492441100	OK	 
REQUEST		Spin	1788492441058	1788492441100	OK	 
REQUEST		Spin	1788492441061	1788492441100	OK	 
REQUEST		Spin	1788492441080	1788492441101	OK	 
REQUEST		Spin	1788492441064	1788492441101	OK	 
REQUEST		Spin	1788492441065	1788492441101	OK	 
REQUEST		Spin	1788492441072	1788492441101	OK	 
REQUEST		Spin	1788492441067	1788492441102	OK	 
REQUEST		Spin	1788492441078	1788492441105	OK	 
REQUEST		Spin	1788492441081	1788492441111	OK	 
REQUEST		Spin	1788492441302	1788492441326	OK	 
REQUEST		Spin	1788492441302	1788492441326	OK	 
REQUEST		Spin	1788492441322	1788492441337	OK	 
REQUEST		Spin	1788492441325	1788492441338	OK	 
REQUEST		Spin	1788492441381	1788492441395	OK	 
REQUEST		Spin	1788492441391	1788492441402	OK	 
REQUEST		Spin	1788492441393	1788492441403	OK	 
REQUEST		Spin	1788492441392	1788492441403	OK	 
REQUEST		Spin	1788492441410	1788492441420	OK	 
REQUEST		Spin	1788492441411	1788492441420	OK	 
REQUEST		Spin	1788492441413	1788492441423	OK	 
REQUEST		Spin	1788492441423	1788492441431	OK	 
REQUEST		Spin	1788492441548	1788492441562	OK	 
REQUEST		Spin	1788492441557	1788492441568	OK	 
REQUEST		Spin	1788492441599	1788492441612	OK	 
REQUEST		Spin	1788492441600	1788492441613	OK	 
REQUEST		Spin	1788492441716	1788492441736	OK	 
REQUEST		Spin	1788492441725	1788492441745	OK	 
REQUEST		Spin	1788492441729	1788492441748	OK	 
REQUEST		Spin	1788492441731	1788492441754	OK	 
REQUEST		Spin	1788492441743	1788492441757	OK	 
REQUEST		Spin	1788492441743	1788492441757	OK	 
REQUEST		Spin	1788492441742	1788492441758	OK	 
REQUEST		Spin	1788492441751	1788492441761	OK	 
REQUEST		Spin	1788492441794	1788492441806	OK	 
REQUEST		Spin	1788492441809	1788492441818	OK	 
REQUEST		Spin	1788492441810	1788492441818	OK	 
REQUEST		Spin	1788492441817	1788492441825	OK	 
REQUEST		Spin	1788492442061	1788492442065	OK	 
REQUEST		Spin	1788492442049	1788492442076	OK	 
REQUEST		Spin	1788492442062	1788492442080	OK	 
REQUEST		Spin	1788492442059	1788492442086	OK	 
REQUEST		Spin	1788492442061	1788492442086	OK	 
REQUEST		Spin	1788492442060	1788492442086	OK	 
REQUEST		Spin	1788492442076	1788492442094	OK	 
REQUEST		Spin	1788492442077	1788492442095	OK	 
REQUEST		Spin	1788492442075	1788492442096	OK	 
REQUEST		Spin	1788492442075	1788492442096	OK	 
REQUEST		Spin	1788492442082	1788492442096	OK	 
REQUEST		Spin	1788492442081	1788492442096	OK	 
REQUEST		Spin	1788492442306	1788492442325	OK	 
REQUEST		Spin	1788492442318	1788492442332	OK	 
REQUEST		Spin	1788492442327	1788492442340	OK	 
REQUEST		Spin	1788492442330	1788492442340	OK	 
REQUEST		Spin	1788492442387	1788492442389	OK	 
REQUEST		Spin	1788492442384	1788492442398	OK	 
REQUEST		Spin	1788492442384	1788492442402	OK	 
REQUEST		Spin	1788492442391	1788492442403	OK	 
REQUEST		Spin	1788492442395	1788492442406	OK	 
REQUEST		Spin	1788492442399	1788492442409	OK	 
REQUEST		Spin	1788492442405	1788492442413	OK	 
REQUEST		Spin	1788492442406	1788492442414	OK	 
REQUEST		Spin	1788492442545	1788492442564	OK	 
REQUEST		Spin	1788492442560	1788492442573	OK	 
REQUEST		Spin	1788492442565	1788492442577	OK	 
REQUEST		Spin	1788492442572	1788492442582	OK	 
REQUEST		Spin	1788492442719	1788492442732	OK	 
REQUEST		Spin	1788492442724	1788492442737	OK	 
REQUEST		Spin	1788492442731	1788492442747	OK	 
REQUEST		Spin	1788492442732	1788492442747	OK	 
REQUEST		Spin	1788492442733	1788492442749	OK	 
REQUEST		Spin	1788492442736	1788492442750	OK	 
REQUEST		Spin	1788492442743	1788492442756	OK	 
REQUEST		Spin	1788492442760	1788492442769	OK	 
REQUEST		Spin	1788492442801	1788492442813	OK	 
REQUEST		Spin	1788492442802	1788492442813	OK	 
REQUEST		Spin	1788492442822	1788492442832	OK	 
REQUEST		Spin	1788492442827	1788492442836	OK	 
REQUEST		Spin	1788492443046	1788492443062	OK	 
REQUEST		Spin	1788492443055	1788492443066	OK	 
REQUEST		Spin	1788492443064	1788492443075	OK	 
REQUEST		Spin	1788492443065	1788492443077	OK	 
REQUEST		Spin	1788492443063	1788492443078	OK	 
REQUEST		Spin	1788492443065	1788492443078	OK	 
REQUEST		Spin	1788492443068	1788492443082	OK	 
REQUEST		Spin	1788492443071	1788492443084	OK	 
REQUEST		Spin	1788492443074	1788492443085	OK	 
REQUEST		Spin	1788492443074	1788492443086	OK	 
REQUEST		Spin	1788492443081	1788492443091	OK	 
REQUEST		Spin	1788492443080	1788492443091	OK	 
REQUEST		Spin	1788492443301	1788492443313	OK	 
REQUEST		Spin	1788492443313	1788492443323	OK	 
REQUEST		Spin	1788492443325	1788492443335	OK	 
REQUEST		Spin	1788492443340	1788492443351	OK	 
REQUEST		Spin	1788492443377	1788492443388	OK	 
REQUEST		Spin	1788492443386	1788492443396	OK	 
REQUEST		Spin	1788492443386	1788492443396	OK	 
REQUEST		Spin	1788492443391	1788492443401	OK	 
REQUEST		Spin	1788492443390	1788492443401	OK	 
REQUEST		Spin	1788492443393	1788492443402	OK	 
REQUEST		Spin	1788492443406	1788492443414	OK	 
REQUEST		Spin	1788492443414	1788492443422	OK	 
REQUEST		Spin	1788492443559	1788492443576	OK	 
REQUEST		Spin	1788492443567	1788492443581	OK	 
REQUEST		Spin	1788492443572	1788492443584	OK	 
REQUEST		Spin	1788492443576	1788492443587	OK	 
REQUEST		Spin	1788492443717	1788492443726	OK	 
REQUEST		Spin	1788492443729	1788492443739	OK	 
REQUEST		Spin	1788492443730	1788492443739	OK	 
REQUEST		Spin	1788492443728	1788492443740	OK	 
REQUEST		Spin	1788492443736	1788492443743	OK	 
REQUEST		Spin	1788492443752	1788492443763	OK	 
REQUEST		Spin	1788492443775	1788492443782	OK	 
REQUEST		Spin	1788492443778	1788492443786	OK	 
REQUEST		Spin	1788492443793	1788492443800	OK	 
REQUEST		Spin	1788492443802	1788492443810	OK	 
REQUEST		Spin	1788492443814	1788492443823	OK	 
REQUEST		Spin	1788492443826	1788492443833	OK	 
REQUEST		Spin	1788492444050	1788492444067	OK	 
REQUEST		Spin	1788492444053	1788492444070	OK	 
REQUEST		Spin	1788492444061	1788492444079	OK	 
REQUEST		Spin	1788492444059	1788492444081	OK	 
REQUEST		Spin	1788492444060	1788492444082	OK	 
REQUEST		Spin	1788492444067	1788492444085	OK	 
REQUEST		Spin	1788492444068	1788492444085	OK	 
REQUEST		Spin	1788492444067	1788492444085	OK	 
REQUEST		Spin	1788492444073	1788492444089	OK	 
REQUEST		Spin	1788492444079	1788492444090	OK	 
REQUEST		Spin	1788492444079	1788492444090	OK	 
REQUEST		Spin	1788492444092	1788492444100	OK	 
REQUEST		Spin	1788492444313	1788492444347	OK	 
REQUEST		Spin	1788492444312	1788492444347	OK	 
REQUEST		Spin	1788492444318	1788492444347	OK	 
REQUEST		Spin	1788492444323	1788492444348	OK	 
REQUEST		Spin	1788492444382	1788492444399	OK	 
REQUEST		Spin	1788492444382	1788492444400	OK	 
REQUEST		Spin	1788492444393	1788492444406	OK	 
REQUEST		Spin	1788492444392	1788492444407	OK	 
REQUEST		Spin	1788492444391	1788492444408	OK	 
REQUEST		Spin	1788492444400	1788492444413	OK	 
REQUEST		Spin	1788492444403	1788492444413	OK	 
REQUEST		Spin	1788492444402	1788492444413	OK	 
REQUEST		Spin	1788492444550	1788492444566	OK	 
REQUEST		Spin	1788492444578	1788492444590	OK	 
REQUEST		Spin	1788492444580	1788492444590	OK	 
REQUEST		Spin	1788492444596	1788492444598	OK	 
REQUEST		Spin	1788492444715	1788492444741	OK	 
REQUEST		Spin	1788492444719	1788492444741	OK	 
REQUEST		Spin	1788492444718	1788492444741	OK	 
REQUEST		Spin	1788492444728	1788492444750	OK	 
REQUEST		Spin	1788492444737	1788492444753	OK	 
REQUEST		Spin	1788492444737	1788492444753	OK	 
REQUEST		Spin	1788492444739	1788492444754	OK	 
REQUEST		Spin	1788492444751	1788492444760	OK	 
REQUEST		Spin	1788492444803	1788492444813	OK	 
REQUEST		Spin	1788492444807	1788492444816	OK	 
REQUEST		Spin	1788492444816	1788492444826	OK	 
REQUEST		Spin	1788492444834	1788492444844	OK	 
REQUEST		Spin	1788492445059	1788492445080	OK	 
REQUEST		Spin	1788492445057	1788492445083	OK	 
REQUEST		Spin	1788492445057	1788492445083	OK	 
REQUEST		Spin	1788492445056	1788492445083	OK	 
REQUEST		Spin	1788492445057	1788492445083	OK	 
REQUEST		Spin	1788492445062	1788492445084	OK	 
REQUEST		Spin	1788492445064	1788492445089	OK	 
REQUEST		Spin	1788492445064	1788492445089	OK	 
REQUEST		Spin	1788492445068	1788492445089	OK	 
REQUEST		Spin	1788492445072	1788492445090	OK	 
REQUEST		Spin	1788492445074	1788492445091	OK	 
REQUEST		Spin	1788492445079	1788492445093	OK	 
REQUEST		Spin	1788492445308	1788492445327	OK	 
REQUEST		Spin	1788492445308	1788492445327	OK	 
REQUEST		Spin	1788492445311	1788492445328	OK	 
REQUEST		Spin	1788492445316	1788492445329	OK	 
REQUEST		Spin	1788492445380	1788492445400	OK	 
REQUEST		Spin	1788492445385	1788492445400	OK	 
REQUEST		Spin	1788492445390	1788492445402	OK	 
REQUEST		Spin	1788492445388	1788492445402	OK	 
REQUEST		Spin	1788492445395	1788492445407	OK	 
REQUEST		Spin	1788492445406	1788492445417	OK	 
REQUEST		Spin	1788492445407	1788492445417	OK	 
REQUEST		Spin	1788492445408	1788492445417	OK	 
REQUEST		Spin	1788492445547	1788492445561	OK	 
REQUEST		Spin	1788492445564	1788492445573	OK	 
REQUEST		Spin	1788492445574	1788492445583	OK	 
REQUEST		Spin	1788492445580	1788492445588	OK	 
REQUEST		Spin	1788492445715	1788492445733	OK	 
REQUEST		Spin	1788492445719	1788492445735	OK	 
REQUEST		Spin	1788492445721	1788492445739	OK	 
REQUEST		Spin	1788492445729	1788492445745	OK	 
REQUEST		Spin	1788492445729	1788492445746	OK	 
REQUEST		Spin	1788492445755	1788492445766	OK	 
REQUEST		Spin	1788492445755	1788492445766	OK	 
REQUEST		Spin	1788492445755	1788492445766	OK	 
REQUEST		Spin	1788492445797	1788492445808	OK	 
REQUEST		Spin	1788492445803	1788492445813	OK	 
REQUEST		Spin	1788492445815	1788492445824	OK	 
REQUEST		Spin	1788492445823	1788492445831	OK	 
REQUEST		Spin	1788492446062	1788492446088	OK	 
REQUEST		Spin	1788492446061	1788492446088	OK	 
REQUEST		Spin	1788492446061	1788492446089	OK	 
REQUEST		Spin	1788492446061	1788492446091	OK	 
REQUEST		Spin	1788492446065	1788492446091	OK	 
REQUEST		Spin	1788492446067	1788492446095	OK	 
REQUEST		Spin	1788492446069	1788492446095	OK	 
REQUEST		Spin	1788492446073	1788492446096	OK	 
REQUEST		Spin	1788492446076	1788492446098	OK	 
REQUEST		Spin	1788492446079	1788492446098	OK	 
REQUEST		Spin	1788492446082	1788492446099	OK	 
REQUEST		Spin	1788492446082	1788492446100	OK	 
REQUEST		Spin	1788492446304	1788492446322	OK	 
REQUEST		Spin	1788492446303	1788492446322	OK	 
REQUEST		Spin	1788492446323	1788492446335	OK	 
REQUEST		Spin	1788492446326	1788492446336	OK	 
REQUEST		Spin	1788492446383	1788492446397	OK	 
REQUEST		Spin	1788492446392	1788492446404	OK	 
REQUEST		Spin	1788492446394	1788492446407	OK	 
REQUEST		Spin	1788492446394	1788492446407	OK	 
REQUEST		Spin	1788492446412	1788492446422	OK	 
REQUEST		Spin	1788492446411	1788492446422	OK	 
REQUEST		Spin	1788492446415	1788492446425	OK	 
REQUEST		Spin	1788492446424	1788492446432	OK	 
REQUEST		Spin	1788492446550	1788492446563	OK	 
REQUEST		Spin	1788492446558	1788492446569	OK	 
REQUEST		Spin	1788492446600	1788492446612	OK	 
REQUEST		Spin	1788492446601	1788492446612	OK	 
REQUEST		Spin	1788492446717	1788492446730	OK	 
REQUEST		Spin	1788492446726	1788492446738	OK	 
REQUEST		Spin	1788492446731	1788492446741	OK	 
REQUEST		Spin	1788492446733	1788492446742	OK	 
REQUEST		Spin	1788492446743	1788492446751	OK	 
REQUEST		Spin	1788492446744	1788492446753	OK	 
REQUEST		Spin	1788492446744	1788492446754	OK	 
REQUEST		Spin	1788492446752	1788492446760	OK	 
REQUEST		Spin	1788492446796	1788492446806	OK	 
REQUEST		Spin	1788492446810	1788492446820	OK	 
REQUEST		Spin	1788492446811	1788492446820	OK	 
REQUEST		Spin	1788492446818	1788492446828	OK	 
REQUEST		Spin	1788492447063	1788492447066	OK	 
REQUEST		Spin	1788492447050	1788492447076	OK	 
REQUEST		Spin	1788492447063	1788492447076	OK	 
REQUEST		Spin	1788492447060	1788492447078	OK	 
REQUEST		Spin	1788492447063	1788492447080	OK	 
REQUEST		Spin	1788492447062	1788492447090	OK	 
REQUEST		Spin	1788492447079	1788492447091	OK	 
REQUEST		Spin	1788492447077	1788492447096	OK	 
REQUEST		Spin	1788492447078	1788492447097	OK	 
REQUEST		Spin	1788492447078	1788492447098	OK	 
REQUEST		Spin	1788492447083	1788492447098	OK	 
REQUEST		Spin	1788492447083	1788492447101	OK	 
REQUEST		Spin	1788492447307	1788492447325	OK	 
REQUEST		Spin	1788492447321	1788492447332	OK	 
REQUEST		Spin	1788492447328	1788492447340	OK	 
REQUEST		Spin	1788492447332	1788492447342	OK	 
REQUEST		Spin	1788492447388	1788492447390	OK	 
REQUEST		Spin	1788492447385	1788492447394	OK	 
REQUEST		Spin	1788492447385	1788492447394	OK	 
REQUEST		Spin	1788492447391	1788492447399	OK	 
REQUEST		Spin	1788492447396	1788492447405	OK	 
REQUEST		Spin	1788492447400	1788492447408	OK	 
REQUEST		Spin	1788492447407	1788492447414	OK	 
REQUEST		Spin	1788492447407	1788492447414	OK	 
REQUEST		Spin	1788492447547	1788492447566	OK	 
REQUEST		Spin	1788492447567	1788492447576	OK	 
REQUEST		Spin	1788492447566	1788492447576	OK	 
REQUEST		Spin	1788492447574	1788492447583	OK	 
REQUEST		Spin	1788492447721	1788492447739	OK	 
REQUEST		Spin	1788492447726	1788492447742	OK	 
REQUEST		Spin	1788492447733	1788492447745	OK	 
REQUEST		Spin	1788492447732	1788492447746	OK	 
REQUEST		Spin	1788492447735	1788492447750	OK	 
REQUEST		Spin	1788492447737	1788492447750	OK	 
REQUEST		Spin	1788492447744	1788492447754	OK	 
REQUEST		Spin	1788492447762	1788492447770	OK	 
REQUEST		Spin	1788492447802	1788492447810	OK	 
REQUEST		Spin	1788492447803	1788492447810	OK	 
REQUEST		Spin	1788492447823	1788492447831	OK	 
REQUEST		Spin	1788492447829	1788492447836	OK	 
REQUEST		Spin	1788492448047	1788492448057	OK	 
REQUEST		Spin	1788492448057	1788492448065	OK	 
REQUEST		Spin	1788492448067	1788492448081	OK	 
REQUEST		Spin	1788492448066	1788492448081	OK	 
REQUEST		Spin	1788492448066	1788492448081	OK	 
REQUEST		Spin	1788492448065	1788492448081	OK	 
REQUEST		Spin	1788492448068	1788492448088	OK	 
REQUEST		Spin	1788492448072	1788492448088	OK	 
REQUEST		Spin	1788492448074	1788492448091	OK	 
REQUEST		Spin	1788492448075	1788492448091	OK	 
REQUEST		Spin	1788492448082	1788492448093	OK	 
REQUEST		Spin	1788492448082	1788492448097	OK	 
REQUEST		Spin	1788492448303	1788492448314	OK	 
REQUEST		Spin	1788492448315	1788492448324	OK	 
REQUEST		Spin	1788492448326	1788492448334	OK	 
REQUEST		Spin	1788492448340	1788492448350	OK	 
REQUEST		Spin	1788492448379	1788492448388	OK	 
REQUEST		Spin	1788492448387	1788492448397	OK	 
REQUEST		Spin	1788492448388	1788492448397	OK	 
REQUEST		Spin	1788492448392	1788492448402	OK	 
REQUEST		Spin	1788492448392	1788492448402	OK	 
REQUEST		Spin	1788492448395	1788492448405	OK	 
REQUEST		Spin	1788492448407	1788492448414	OK	 
REQUEST		Spin	1788492448416	1788492448423	OK	 
REQUEST		Spin	1788492448561	1788492448570	OK	 
REQUEST		Spin	1788492448567	1788492448575	OK	 
REQUEST		Spin	1788492448574	1788492448583	OK	 
REQUEST		Spin	1788492448576	1788492448585	OK	 
REQUEST		Spin	1788492448719	1788492448742	OK	 
REQUEST		Spin	1788492448729	1788492448745	OK	 
REQUEST		Spin	1788492448730	1788492448746	OK	 
REQUEST		Spin	1788492448732	1788492448748	OK	 
REQUEST		Spin	1788492448736	1788492448750	OK	 
REQUEST		Spin	1788492448753	1788492448766	OK	 
REQUEST		Spin	1788492448779	1788492448789	OK	 
REQUEST		Spin	1788492448777	1788492448789	OK	 
REQUEST		Spin	1788492448794	1788492448803	OK	 
REQUEST		Spin	1788492448803	1788492448811	OK	 
REQUEST		Spin	1788492448815	1788492448823	OK	 
REQUEST		Spin	1788492448828	1788492448835	OK	 
REQUEST		Spin	1788492449051	1788492449062	OK	 
REQUEST		Spin	1788492449054	1788492449063	OK	 
REQUEST		Spin	1788492449062	1788492449070	OK	 
REQUEST		Spin	1788492449062	1788492449070	OK	 
REQUEST		Spin	1788492449063	1788492449072	OK	 
REQUEST		Spin	1788492449068	1788492449078	OK	 
REQUEST		Spin	1788492449069	1788492449078	OK	 
REQUEST		Spin	1788492449069	1788492449079	OK	 
REQUEST		Spin	1788492449073	1788492449081	OK	 
REQUEST		Spin	1788492449080	1788492449087	OK	 
REQUEST		Spin	1788492449080	1788492449087	OK	 
REQUEST		Spin	1788492449094	1788492449101	OK	 
REQUEST		Spin	1788492449315	1788492449330	OK	 
REQUEST		Spin	1788492449314	1788492449330	OK	 
REQUEST		Spin	1788492449320	1788492449335	OK	 
REQUEST		Spin	1788492449324	1788492449337	OK	 
REQUEST		Spin	1788492449384	1788492449396	OK	 
REQUEST		Spin	1788492449383	1788492449397	OK	 
REQUEST		Spin	1788492449393	1788492449404	OK	 
REQUEST		Spin	1788492449393	1788492449404	OK	 
REQUEST		Spin	1788492449395	1788492449408	OK	 
REQUEST		Spin	1788492449402	1788492449413	OK	 
REQUEST		Spin	1788492449404	1788492449413	OK	 
REQUEST		Spin	1788492449403	1788492449413	OK	 
REQUEST		Spin	1788492449552	1788492449573	OK	 
REQUEST		Spin	1788492449579	1788492449591	OK	 
REQUEST		Spin	1788492449582	1788492449591	OK	 
REQUEST		Spin	1788492449597	1788492449599	OK	 
REQUEST		Spin	1788492449721	1788492449741	OK	 
REQUEST		Spin	1788492449720	1788492449741	OK	 
REQUEST		Spin	1788492449717	1788492449743	OK	 
REQUEST		Spin	1788492449730	1788492449743	OK	 
REQUEST		Spin	1788492449739	1788492449749	OK	 
REQUEST		Spin	1788492449738	1788492449750	OK	 
REQUEST		Spin	1788492449741	1788492449750	OK	 
REQUEST		Spin	1788492449752	1788492449761	OK	 
REQUEST		Spin	1788492449805	1788492449815	OK	 
REQUEST		Spin	1788492449809	1788492449818	OK	 
REQUEST		Spin	1788492449817	1788492449824	OK	 
REQUEST		Spin	1788492449835	1788492449844	OK	 
REQUEST		Spin	1788492450065	1788492450096	OK	 
REQUEST		Spin	1788492450074	1788492450096	OK	 
REQUEST		Spin	1788492450059	1788492450097	OK	 
REQUEST		Spin	1788492450059	1788492450098	OK	 
REQUEST		Spin	1788492450059	1788492450098	OK	 
REQUEST		Spin	1788492450070	1788492450098	OK	 
REQUEST		Spin	1788492450059	1788492450098	OK	 
REQUEST		Spin	1788492450075	1788492450099	OK	 
REQUEST		Spin	1788492450065	1788492450099	OK	 
REQUEST		Spin	1788492450059	1788492450099	OK	 
REQUEST		Spin	1788492450064	1788492450099	OK	 
REQUEST		Spin	1788492450080	1788492450101	OK	 
REQUEST		Spin	1788492450310	1788492450330	OK	 
REQUEST		Spin	1788492450309	1788492450330	OK	 
REQUEST		Spin	1788492450313	1788492450331	OK	 
REQUEST		Spin	1788492450316	1788492450332	OK	 
REQUEST		Spin	1788492450381	1788492450400	OK	 
REQUEST		Spin	1788492450386	1788492450401	OK	 
REQUEST		Spin	1788492450390	1788492450405	OK	 
REQUEST		Spin	1788492450391	1788492450405	OK	 
REQUEST		Spin	1788492450396	1788492450409	OK	 
REQUEST		Spin	1788492450407	1788492450418	OK	 
REQUEST		Spin	1788492450410	1788492450419	OK	 
REQUEST		Spin	1788492450409	1788492450420	OK	 
REQUEST		Spin	1788492450549	1788492450570	OK	 
REQUEST		Spin	1788492450566	1788492450582	OK	 
REQUEST		Spin	1788492450575	1788492450587	OK	 
REQUEST		Spin	1788492450581	1788492450589	OK	 
REQUEST		Spin	1788492450716	1788492450739	OK	 
REQUEST		Spin	1788492450720	1788492450739	OK	 
REQUEST		Spin	1788492450722	1788492450743	OK	 
REQUEST		Spin	1788492450729	1788492450745	OK	 
REQUEST		Spin	1788492450729	1788492450745	OK	 
REQUEST		Spin	1788492450757	1788492450771	OK	 
REQUEST		Spin	1788492450757	1788492450771	OK	 
REQUEST		Spin	1788492450757	1788492450771	OK	 
REQUEST		Spin	1788492450797	1788492450809	OK	 
REQUEST		Spin	1788492450804	1788492450814	OK	 
REQUEST		Spin	1788492450816	1788492450827	OK	 
REQUEST		Spin	1788492450823	1788492450832	OK	 
REQUEST		Spin	1788492451063	1788492451100	OK	 
REQUEST		Spin	1788492451064	1788492451100	OK	 
REQUEST		Spin	1788492451062	1788492451102	OK	 
REQUEST		Spin	1788492451074	1788492451106	OK	 
REQUEST		Spin	1788492451077	1788492451106	OK	 
REQUEST		Spin	1788492451064	1788492451107	OK	 
REQUEST		Spin	1788492451068	1788492451108	OK	 
REQUEST		Spin	1788492451063	1788492451108	OK	 
REQUEST		Spin	1788492451084	1788492451108	OK	 
REQUEST		Spin	1788492451080	1788492451109	OK	 
REQUEST		Spin	1788492451070	1788492451109	OK	 
REQUEST		Spin	1788492451085	1788492451112	OK	 
REQUEST		Spin	1788492451304	1788492451319	OK	 
REQUEST		Spin	1788492451306	1788492451319	OK	 
REQUEST		Spin	1788492451324	1788492451335	OK	 
REQUEST		Spin	1788492451327	1788492451336	OK	 
REQUEST		Spin	1788492451383	1788492451393	OK	 
REQUEST		Spin	1788492451395	1788492451402	OK	 
REQUEST		Spin	1788492451394	1788492451402	OK	 
REQUEST		Spin	1788492451395	1788492451402	OK	 
REQUEST		Spin	1788492451413	1788492451422	OK	 
REQUEST		Spin	1788492451413	1788492451422	OK	 
REQUEST		Spin	1788492451416	1788492451425	OK	 
REQUEST		Spin	1788492451425	1788492451431	OK	 
REQUEST		Spin	1788492451550	1788492451563	OK	 
REQUEST		Spin	1788492451559	1788492451569	OK	 
REQUEST		Spin	1788492451601	1788492451615	OK	 
REQUEST		Spin	1788492451601	1788492451615	OK	 
REQUEST		Spin	1788492451718	1788492451752	OK	 
REQUEST		Spin	1788492451734	1788492451752	OK	 
REQUEST		Spin	1788492451733	1788492451752	OK	 
REQUEST		Spin	1788492451728	1788492451752	OK	 
REQUEST		Spin	1788492451744	1788492451758	OK	 
REQUEST		Spin	1788492451746	1788492451758	OK	 
REQUEST		Spin	1788492451746	1788492451759	OK	 
REQUEST		Spin	1788492451753	1788492451763	OK	 
REQUEST		Spin	1788492451798	1788492451808	OK	 
REQUEST		Spin	1788492451815	1788492451826	OK	 
REQUEST		Spin	1788492451815	1788492451826	OK	 
REQUEST		Spin	1788492451819	1788492451828	OK	 
REQUEST		Spin	1788492452066	1788492452071	OK	 
REQUEST		Spin	1788492452051	1788492452072	OK	 
REQUEST		Spin	1788492452061	1788492452077	OK	 
REQUEST		Spin	1788492452066	1788492452079	OK	 
REQUEST		Spin	1788492452066	1788492452079	OK	 
REQUEST		Spin	1788492452066	1788492452081	OK	 
USER	naga777-grpc-player-journey	END	1788492452090
USER	naga777-grpc-player-journey	START	1788492452090
REQUEST		Spin	1788492452078	1788492452091	OK	 
REQUEST		Spin	1788492452079	1788492452091	OK	 
REQUEST		Spin	1788492452079	1788492452091	OK	 
REQUEST		Spin	1788492452081	1788492452091	OK	 
REQUEST		Spin	1788492452084	1788492452095	OK	 
REQUEST		Join	1788492452091	1788492452096	OK	 
REQUEST		Spin	1788492452096	1788492452103	OK	 
REQUEST		Spin	1788492452104	1788492452113	OK	 
REQUEST		Spin	1788492452309	1788492452326	OK	 
REQUEST		Spin	1788492452324	1788492452337	OK	 
REQUEST		Spin	1788492452329	1788492452341	OK	 
REQUEST		Spin	1788492452334	1788492452344	OK	 
REQUEST		Spin	1788492452389	1788492452392	OK	 
REQUEST		Spin	1788492452388	1788492452399	OK	 
REQUEST		Spin	1788492452386	1788492452399	OK	 
USER	naga777-grpc-player-journey	END	1788492452402
USER	naga777-grpc-player-journey	START	1788492452402
REQUEST		Spin	1788492452393	1788492452404	OK	 
REQUEST		Spin	1788492452397	1788492452406	OK	 
REQUEST		Join	1788492452403	1788492452408	OK	 
REQUEST		Spin	1788492452409	1788492452416	OK	 
REQUEST		Spin	1788492452409	1788492452416	OK	 
REQUEST		Spin	1788492452408	1788492452416	OK	 
REQUEST		Spin	1788492452416	1788492452423	OK	 
REQUEST		Spin	1788492452549	1788492452558	OK	 
REQUEST		Spin	1788492452567	1788492452576	OK	 
REQUEST		Spin	1788492452569	1788492452576	OK	 
REQUEST		Spin	1788492452577	1788492452583	OK	 
USER	naga777-grpc-player-journey	END	1788492452734
USER	naga777-grpc-player-journey	START	1788492452734
REQUEST		Join	1788492452734	1788492452745	OK	 
REQUEST		Spin	1788492452728	1788492452746	OK	 
REQUEST		Spin	1788492452723	1788492452746	OK	 
REQUEST		Spin	1788492452734	1788492452749	OK	 
REQUEST		Spin	1788492452738	1788492452751	OK	 
REQUEST		Spin	1788492452738	1788492452751	OK	 
REQUEST		Spin	1788492452747	1788492452758	OK	 
REQUEST		Spin	1788492452746	1788492452759	OK	 
REQUEST		Spin	1788492452759	1788492452768	OK	 
REQUEST		Spin	1788492452763	1788492452773	OK	 
REQUEST		Spin	1788492452804	1788492452816	OK	 
REQUEST		Spin	1788492452804	1788492452816	OK	 
REQUEST		Spin	1788492452824	1788492452835	OK	 
REQUEST		Spin	1788492452830	1788492452842	OK	 
REQUEST		Spin	1788492453048	1788492453068	OK	 
REQUEST		Spin	1788492453058	1788492453072	OK	 
REQUEST		Spin	1788492453065	1788492453078	OK	 
REQUEST		Spin	1788492453067	1788492453081	OK	 
REQUEST		Spin	1788492453068	1788492453081	OK	 
REQUEST		Spin	1788492453068	1788492453084	OK	 
USER	naga777-grpc-player-journey	END	1788492453084
USER	naga777-grpc-player-journey	START	1788492453084
REQUEST		Spin	1788492453072	1788492453088	OK	 
REQUEST		Spin	1788492453074	1788492453088	OK	 
REQUEST		Spin	1788492453075	1788492453090	OK	 
REQUEST		Spin	1788492453075	1788492453090	OK	 
REQUEST		Join	1788492453084	1788492453092	OK	 
REQUEST		Spin	1788492453083	1788492453096	OK	 
REQUEST		Spin	1788492453093	1788492453101	OK	 
REQUEST		Spin	1788492453101	1788492453109	OK	 
REQUEST		Spin	1788492453305	1788492453330	OK	 
REQUEST		Spin	1788492453316	1788492453330	OK	 
REQUEST		Spin	1788492453327	1788492453340	OK	 
REQUEST		Spin	1788492453341	1788492453353	OK	 
REQUEST		Spin	1788492453380	1788492453391	OK	 
REQUEST		Spin	1788492453388	1788492453397	OK	 
REQUEST		Spin	1788492453390	1788492453401	OK	 
REQUEST		Spin	1788492453393	1788492453403	OK	 
REQUEST		Spin	1788492453393	1788492453403	OK	 
REQUEST		Spin	1788492453397	1788492453406	OK	 
USER	naga777-grpc-player-journey	END	1788492453409
USER	naga777-grpc-player-journey	START	1788492453409
REQUEST		Join	1788492453409	1788492453415	OK	 
REQUEST		Spin	1788492453417	1788492453424	OK	 
REQUEST		Spin	1788492453416	1788492453424	OK	 
REQUEST		Spin	1788492453424	1788492453430	OK	 
REQUEST		Spin	1788492453562	1788492453579	OK	 
REQUEST		Spin	1788492453567	1788492453581	OK	 
REQUEST		Spin	1788492453577	1788492453591	OK	 
REQUEST		Spin	1788492453578	1788492453591	OK	 
REQUEST		Spin	1788492453720	1788492453746	OK	 
REQUEST		Spin	1788492453733	1788492453748	OK	 
REQUEST		Spin	1788492453730	1788492453748	OK	 
REQUEST		Spin	1788492453731	1788492453749	OK	 
REQUEST		Spin	1788492453736	1788492453750	OK	 
REQUEST		Spin	1788492453755	1788492453765	OK	 
USER	naga777-grpc-player-journey	END	1788492453779
USER	naga777-grpc-player-journey	START	1788492453779
REQUEST		Join	1788492453779	1788492453786	OK	 
REQUEST		Spin	1788492453780	1788492453790	OK	 
REQUEST		Spin	1788492453786	1788492453795	OK	 
REQUEST		Spin	1788492453796	1788492453804	OK	 
REQUEST		Spin	1788492453796	1788492453804	OK	 
REQUEST		Spin	1788492453805	1788492453812	OK	 
REQUEST		Spin	1788492453817	1788492453823	OK	 
REQUEST		Spin	1788492453829	1788492453836	OK	 
USER	naga777-grpc-player-journey	END	1788492454071
USER	naga777-grpc-player-journey	START	1788492454072
REQUEST		Spin	1788492454055	1788492454085	OK	 
REQUEST		Spin	1788492454063	1788492454085	OK	 
REQUEST		Spin	1788492454053	1788492454087	OK	 
REQUEST		Spin	1788492454064	1788492454087	OK	 
REQUEST		Spin	1788492454064	1788492454090	OK	 
REQUEST		Join	1788492454072	1788492454090	OK	 
REQUEST		Spin	1788492454071	1788492454097	OK	 
REQUEST		Spin	1788492454070	1788492454097	OK	 
REQUEST		Spin	1788492454082	1788492454102	OK	 
REQUEST		Spin	1788492454075	1788492454105	OK	 
REQUEST		Spin	1788492454091	1788492454109	OK	 
REQUEST		Spin	1788492454094	1788492454109	OK	 
REQUEST		Spin	1788492454082	1788492454114	OK	 
REQUEST		Spin	1788492454109	1788492454118	OK	 
REQUEST		Spin	1788492454317	1788492454325	OK	 
USER	naga777-grpc-player-journey	END	1788492454325
USER	naga777-grpc-player-journey	START	1788492454325
REQUEST		Spin	1788492454317	1788492454326	OK	 
REQUEST		Join	1788492454325	1788492454330	OK	 
REQUEST		Spin	1788492454323	1788492454332	OK	 
REQUEST		Spin	1788492454330	1788492454339	OK	 
REQUEST		Spin	1788492454339	1788492454345	OK	 
REQUEST		Spin	1788492454385	1788492454395	OK	 
REQUEST		Spin	1788492454385	1788492454395	OK	 
REQUEST		Spin	1788492454394	1788492454403	OK	 
REQUEST		Spin	1788492454394	1788492454403	OK	 
REQUEST		Spin	1788492454396	1788492454405	OK	 
REQUEST		Spin	1788492454403	1788492454412	OK	 
REQUEST		Spin	1788492454404	1788492454412	OK	 
REQUEST		Spin	1788492454405	1788492454413	OK	 
REQUEST		Spin	1788492454553	1788492454565	OK	 
REQUEST		Spin	1788492454580	1788492454593	OK	 
REQUEST		Spin	1788492454584	1788492454594	OK	 
USER	naga777-grpc-player-journey	END	1788492454606
USER	naga777-grpc-player-journey	START	1788492454607
REQUEST		Join	1788492454607	1788492454615	OK	 
REQUEST		Spin	1788492454615	1788492454627	OK	 
REQUEST		Spin	1788492454627	1788492454636	OK	 
REQUEST		Spin	1788492454718	1788492454732	OK	 
REQUEST		Spin	1788492454722	1788492454733	OK	 
REQUEST		Spin	1788492454722	1788492454734	OK	 
REQUEST		Spin	1788492454731	1788492454742	OK	 
REQUEST		Spin	1788492454741	1788492454750	OK	 
REQUEST		Spin	1788492454739	1788492454750	OK	 
REQUEST		Spin	1788492454742	1788492454753	OK	 
REQUEST		Spin	1788492454753	1788492454761	OK	 
REQUEST		Spin	1788492454805	1788492454814	OK	 
REQUEST		Spin	1788492454810	1788492454819	OK	 
REQUEST		Spin	1788492454818	1788492454826	OK	 
USER	naga777-grpc-player-journey	END	1788492454837
USER	naga777-grpc-player-journey	START	1788492454837
REQUEST		Join	1788492454837	1788492454842	OK	 
REQUEST		Spin	1788492454842	1788492454850	OK	 
REQUEST		Spin	1788492454850	1788492454858	OK	 
USER	naga777-grpc-player-journey	END	1788492455076
USER	naga777-grpc-player-journey	START	1788492455076
REQUEST		Join	1788492455077	1788492455098	OK	 
REQUEST		Spin	1788492455060	1788492455098	OK	 
REQUEST		Spin	1788492455060	1788492455098	OK	 
REQUEST		Spin	1788492455060	1788492455098	OK	 
REQUEST		Spin	1788492455060	1788492455099	OK	 
REQUEST		Spin	1788492455067	1788492455100	OK	 
REQUEST		Spin	1788492455067	1788492455100	OK	 
REQUEST		Spin	1788492455072	1788492455100	OK	 
REQUEST		Spin	1788492455065	1788492455101	OK	 
REQUEST		Spin	1788492455060	1788492455105	OK	 
REQUEST		Spin	1788492455080	1788492455106	OK	 
REQUEST		Spin	1788492455076	1788492455106	OK	 
REQUEST		Spin	1788492455098	1788492455110	OK	 
REQUEST		Spin	1788492455110	1788492455117	OK	 
REQUEST		Spin	1788492455312	1788492455340	OK	 
REQUEST		Spin	1788492455311	1788492455340	OK	 
REQUEST		Spin	1788492455316	1788492455341	OK	 
REQUEST		Spin	1788492455315	1788492455341	OK	 
REQUEST		Spin	1788492455382	1788492455398	OK	 
REQUEST		Spin	1788492455387	1788492455401	OK	 
REQUEST		Spin	1788492455392	1788492455404	OK	 
REQUEST		Spin	1788492455391	1788492455405	OK	 
REQUEST		Spin	1788492455397	1788492455406	OK	 
USER	naga777-grpc-player-journey	END	1788492455410
USER	naga777-grpc-player-journey	START	1788492455410
REQUEST		Join	1788492455410	1788492455417	OK	 
REQUEST		Spin	1788492455409	1788492455420	OK	 
REQUEST		Spin	1788492455410	1788492455420	OK	 
REQUEST		Spin	1788492455418	1788492455426	OK	 
REQUEST		Spin	1788492455426	1788492455433	OK	 
REQUEST		Spin	1788492455551	1788492455564	OK	 
REQUEST		Spin	1788492455569	1788492455582	OK	 
REQUEST		Spin	1788492455575	1788492455589	OK	 
REQUEST		Spin	1788492455582	1788492455595	OK	 
REQUEST		Spin	1788492455723	1788492455738	OK	 
REQUEST		Spin	1788492455718	1788492455738	OK	 
REQUEST		Spin	1788492455722	1788492455738	OK	 
REQUEST		Spin	1788492455730	1788492455746	OK	 
REQUEST		Spin	1788492455732	1788492455746	OK	 
USER	naga777-grpc-player-journey	END	1788492455761
USER	naga777-grpc-player-journey	START	1788492455761
REQUEST		Join	1788492455761	1788492455769	OK	 
REQUEST		Spin	1788492455759	1788492455772	OK	 
REQUEST		Spin	1788492455760	1788492455772	OK	 
REQUEST		Spin	1788492455769	1788492455779	OK	 
REQUEST		Spin	1788492455779	1788492455787	OK	 
REQUEST		Spin	1788492455798	1788492455806	OK	 
REQUEST		Spin	1788492455805	1788492455812	OK	 
REQUEST		Spin	1788492455817	1788492455824	OK	 
REQUEST		Spin	1788492455825	1788492455830	OK	 
USER	naga777-grpc-player-journey	END	1788492456077
USER	naga777-grpc-player-journey	START	1788492456078
REQUEST		Join	1788492456078	1788492456100	OK	 
REQUEST		Spin	1788492456066	1788492456101	OK	 
REQUEST		Spin	1788492456065	1788492456102	OK	 
REQUEST		Spin	1788492456076	1788492456103	OK	 
REQUEST		Spin	1788492456066	1788492456103	OK	 
REQUEST		Spin	1788492456065	1788492456105	OK	 
REQUEST		Spin	1788492456065	1788492456107	OK	 
REQUEST		Spin	1788492456081	1788492456108	OK	 
REQUEST		Spin	1788492456086	1788492456109	OK	 
REQUEST		Spin	1788492456079	1788492456111	OK	 
REQUEST		Spin	1788492456086	1788492456113	OK	 
REQUEST		Spin	1788492456076	1788492456113	OK	 
REQUEST		Spin	1788492456100	1788492456113	OK	 
REQUEST		Spin	1788492456113	1788492456123	OK	 
REQUEST		Spin	1788492456308	1788492456335	OK	 
REQUEST		Spin	1788492456306	1788492456339	OK	 
REQUEST		Spin	1788492456326	1788492456347	OK	 
REQUEST		Spin	1788492456329	1788492456350	OK	 
REQUEST		Spin	1788492456384	1788492456396	OK	 
REQUEST		Spin	1788492456396	1788492456405	OK	 
REQUEST		Spin	1788492456396	1788492456405	OK	 
REQUEST		Spin	1788492456395	1788492456405	OK	 
USER	naga777-grpc-player-journey	END	1788492456414
USER	naga777-grpc-player-journey	START	1788492456414
REQUEST		Join	1788492456415	1788492456421	OK	 
REQUEST		Spin	1788492456414	1788492456424	OK	 
REQUEST		Spin	1788492456417	1788492456427	OK	 
REQUEST		Spin	1788492456422	1788492456430	OK	 
REQUEST		Spin	1788492456427	1788492456437	OK	 
REQUEST		Spin	1788492456430	1788492456437	OK	 
REQUEST		Spin	1788492456550	1788492456560	OK	 
REQUEST		Spin	1788492456559	1788492456568	OK	 
REQUEST		Spin	1788492456601	1788492456610	OK	 
REQUEST		Spin	1788492456603	1788492456610	OK	 
REQUEST		Spin	1788492456720	1788492456734	OK	 
REQUEST		Spin	1788492456729	1788492456740	OK	 
REQUEST		Spin	1788492456734	1788492456744	OK	 
REQUEST		Spin	1788492456736	1788492456745	OK	 
USER	naga777-grpc-player-journey	END	1788492456747
USER	naga777-grpc-player-journey	START	1788492456747
REQUEST		Join	1788492456747	1788492456754	OK	 
REQUEST		Spin	1788492456745	1788492456755	OK	 
REQUEST		Spin	1788492456747	1788492456760	OK	 
REQUEST		Spin	1788492456754	1788492456765	OK	 
REQUEST		Spin	1788492456755	1788492456765	OK	 
REQUEST		Spin	1788492456765	1788492456772	OK	 
REQUEST		Spin	1788492456800	1788492456806	OK	 
REQUEST		Spin	1788492456816	1788492456827	OK	 
REQUEST		Spin	1788492456816	1788492456827	OK	 
REQUEST		Spin	1788492456821	1788492456831	OK	 
REQUEST		Spin	1788492457068	1788492457072	OK	 
REQUEST		Spin	1788492457052	1788492457078	OK	 
REQUEST		Spin	1788492457062	1788492457078	OK	 
USER	naga777-grpc-player-journey	END	1788492457080
USER	naga777-grpc-player-journey	START	1788492457080
REQUEST		Spin	1788492457068	1788492457085	OK	 
REQUEST		Spin	1788492457067	1788492457085	OK	 
REQUEST		Spin	1788492457067	1788492457086	OK	 
REQUEST		Join	1788492457081	1788492457093	OK	 
REQUEST		Spin	1788492457078	1788492457096	OK	 
REQUEST		Spin	1788492457082	1788492457097	OK	 
REQUEST		Spin	1788492457080	1788492457098	OK	 
REQUEST		Spin	1788492457085	1788492457100	OK	 
REQUEST		Spin	1788492457093	1788492457105	OK	 
REQUEST		Spin	1788492457105	1788492457112	OK	 
REQUEST		Spin	1788492457105	1788492457112	OK	 
USER	naga777-grpc-player-journey	END	1788492457331
USER	naga777-grpc-player-journey	START	1788492457331
REQUEST		Spin	1788492457311	1788492457336	OK	 
REQUEST		Join	1788492457331	1788492457341	OK	 
REQUEST		Spin	1788492457325	1788492457343	OK	 
REQUEST		Spin	1788492457335	1788492457349	OK	 
REQUEST		Spin	1788492457341	1788492457352	OK	 
REQUEST		Spin	1788492457352	1788492457361	OK	 
REQUEST		Spin	1788492457390	1788492457392	OK	 
REQUEST		Spin	1788492457389	1788492457401	OK	 
REQUEST		Spin	1788492457387	1788492457401	OK	 
REQUEST		Spin	1788492457394	1788492457406	OK	 
REQUEST		Spin	1788492457398	1788492457408	OK	 
REQUEST		Spin	1788492457410	1788492457421	OK	 
REQUEST		Spin	1788492457410	1788492457424	OK	 
REQUEST		Spin	1788492457418	1788492457426	OK	 
USER	naga777-grpc-player-journey	END	1788492457570
USER	naga777-grpc-player-journey	START	1788492457570
REQUEST		Spin	1788492457550	1788492457574	OK	 
REQUEST		Join	1788492457570	1788492457581	OK	 
REQUEST		Spin	1788492457569	1788492457587	OK	 
REQUEST		Spin	1788492457578	1788492457592	OK	 
REQUEST		Spin	1788492457581	1788492457595	OK	 
REQUEST		Spin	1788492457595	1788492457603	OK	 
REQUEST		Spin	1788492457725	1788492457740	OK	 
REQUEST		Spin	1788492457729	1788492457740	OK	 
REQUEST		Spin	1788492457734	1788492457746	OK	 
REQUEST		Spin	1788492457740	1788492457751	OK	 
REQUEST		Spin	1788492457740	1788492457751	OK	 
REQUEST		Spin	1788492457748	1788492457757	OK	 
REQUEST		Spin	1788492457760	1788492457768	OK	 
REQUEST		Spin	1788492457764	1788492457772	OK	 
REQUEST		Spin	1788492457805	1788492457817	OK	 
REQUEST		Spin	1788492457805	1788492457817	OK	 
USER	naga777-grpc-player-journey	END	1788492457832
USER	naga777-grpc-player-journey	START	1788492457832
REQUEST		Spin	1788492457825	1788492457833	OK	 
REQUEST		Join	1788492457833	1788492457837	OK	 
REQUEST		Spin	1788492457838	1788492457845	OK	 
REQUEST		Spin	1788492457845	1788492457851	OK	 
REQUEST		Spin	1788492458048	1788492458065	OK	 
USER	naga777-grpc-player-journey	END	1788492458070
REQUEST		Spin	1788492458059	1788492458072	OK	 
USER	naga777-grpc-player-journey	START	1788492458074
REQUEST		Spin	1788492458067	1788492458077	OK	 
REQUEST		Spin	1788492458069	1788492458086	OK	 
REQUEST		Spin	1788492458074	1788492458088	OK	 
REQUEST		Spin	1788492458074	1788492458089	OK	 
REQUEST		Spin	1788492458076	1788492458090	OK	 
REQUEST		Spin	1788492458077	1788492458091	OK	 
REQUEST		Join	1788492458075	1788492458091	OK	 
REQUEST		Spin	1788492458077	1788492458091	OK	 
REQUEST		Spin	1788492458085	1788492458098	OK	 
REQUEST		Spin	1788492458091	1788492458099	OK	 
REQUEST		Spin	1788492458099	1788492458109	OK	 
REQUEST		Spin	1788492458103	1788492458116	OK	 
REQUEST		Spin	1788492458306	1788492458329	OK	 
REQUEST		Spin	1788492458318	1788492458331	OK	 
REQUEST		Spin	1788492458328	1788492458339	OK	 
REQUEST		Spin	1788492458342	1788492458352	OK	 
REQUEST		Spin	1788492458382	1788492458391	OK	 
REQUEST		Spin	1788492458389	1788492458399	OK	 
REQUEST		Spin	1788492458391	1788492458399	OK	 
REQUEST		Spin	1788492458396	1788492458403	OK	 
REQUEST		Spin	1788492458395	1788492458403	OK	 
REQUEST		Spin	1788492458398	1788492458406	OK	 
USER	naga777-grpc-player-journey	END	1788492458419
USER	naga777-grpc-player-journey	START	1788492458419
REQUEST		Join	1788492458420	1788492458427	OK	 
REQUEST		Spin	1788492458426	1788492458434	OK	 
REQUEST		Spin	1788492458427	1788492458435	OK	 
REQUEST		Spin	1788492458435	1788492458442	OK	 
REQUEST		Spin	1788492458563	1788492458573	OK	 
REQUEST		Spin	1788492458569	1788492458577	OK	 
REQUEST		Spin	1788492458577	1788492458586	OK	 
REQUEST		Spin	1788492458579	1788492458586	OK	 
REQUEST		Spin	1788492458722	1788492458740	OK	 
REQUEST		Spin	1788492458732	1788492458747	OK	 
REQUEST		Spin	1788492458733	1788492458747	OK	 
REQUEST		Spin	1788492458735	1788492458747	OK	 
REQUEST		Spin	1788492458737	1788492458748	OK	 
REQUEST		Spin	1788492458756	1788492458766	OK	 
USER	naga777-grpc-player-journey	END	1788492458782
USER	naga777-grpc-player-journey	START	1788492458782
REQUEST		Join	1788492458782	1788492458791	OK	 
REQUEST		Spin	1788492458791	1788492458803	OK	 
REQUEST		Spin	1788492458796	1788492458805	OK	 
REQUEST		Spin	1788492458797	1788492458807	OK	 
REQUEST		Spin	1788492458804	1788492458812	OK	 
REQUEST		Spin	1788492458807	1788492458817	OK	 
REQUEST		Spin	1788492458819	1788492458827	OK	 
REQUEST		Spin	1788492458831	1788492458839	OK	 
USER	naga777-grpc-player-journey	END	1788492459064
USER	naga777-grpc-player-journey	START	1788492459064
REQUEST		Spin	1788492459057	1788492459074	OK	 
REQUEST		Join	1788492459064	1788492459074	OK	 
REQUEST		Spin	1788492459055	1788492459075	OK	 
REQUEST		Spin	1788492459065	1788492459080	OK	 
REQUEST		Spin	1788492459066	1788492459080	OK	 
REQUEST		Spin	1788492459072	1788492459086	OK	 
REQUEST		Spin	1788492459073	1788492459086	OK	 
REQUEST		Spin	1788492459074	1788492459086	OK	 
REQUEST		Spin	1788492459076	1788492459089	OK	 
REQUEST		Spin	1788492459085	1788492459095	OK	 
REQUEST		Spin	1788492459086	1788492459095	OK	 
REQUEST		Spin	1788492459087	1788492459095	OK	 
REQUEST		Spin	1788492459096	1788492459106	OK	 
REQUEST		Spin	1788492459111	1788492459121	OK	 
REQUEST		Spin	1788492459317	1788492459330	OK	 
REQUEST		Spin	1788492459319	1788492459330	OK	 
REQUEST		Spin	1788492459325	1788492459337	OK	 
REQUEST		Spin	1788492459340	1788492459347	OK	 
REQUEST		Spin	1788492459385	1788492459393	OK	 
REQUEST		Spin	1788492459385	1788492459393	OK	 
REQUEST		Spin	1788492459395	1788492459402	OK	 
USER	naga777-grpc-player-journey	END	1788492459405
USER	naga777-grpc-player-journey	START	1788492459405
REQUEST		Spin	1788492459396	1788492459414	OK	 
REQUEST		Join	1788492459405	1788492459416	OK	 
REQUEST		Spin	1788492459396	1788492459418	OK	 
REQUEST		Spin	1788492459406	1788492459422	OK	 
REQUEST		Spin	1788492459407	1788492459423	OK	 
REQUEST		Spin	1788492459416	1788492459426	OK	 
REQUEST		Spin	1788492459426	1788492459435	OK	 
REQUEST		Spin	1788492459555	1788492459563	OK	 
REQUEST		Spin	1788492459582	1788492459597	OK	 
REQUEST		Spin	1788492459588	1788492459597	OK	 
REQUEST		Spin	1788492459628	1788492459637	OK	 
REQUEST		Spin	1788492459719	1788492459731	OK	 
REQUEST		Spin	1788492459723	1788492459733	OK	 
REQUEST		Spin	1788492459723	1788492459734	OK	 
REQUEST		Spin	1788492459733	1788492459741	OK	 
USER	naga777-grpc-player-journey	END	1788492459743
USER	naga777-grpc-player-journey	START	1788492459743
REQUEST		Join	1788492459744	1788492459749	OK	 
REQUEST		Spin	1788492459741	1788492459750	OK	 
REQUEST		Spin	1788492459743	1788492459751	OK	 
REQUEST		Spin	1788492459749	1788492459757	OK	 
REQUEST		Spin	1788492459755	1788492459762	OK	 
REQUEST		Spin	1788492459757	1788492459767	OK	 
REQUEST		Spin	1788492459807	1788492459817	OK	 
REQUEST		Spin	1788492459810	1788492459819	OK	 
REQUEST		Spin	1788492459819	1788492459838	OK	 
REQUEST		Spin	1788492459851	1788492459860	OK	 
USER	naga777-grpc-player-journey	END	1788492460082
USER	naga777-grpc-player-journey	START	1788492460082
REQUEST		Spin	1788492460073	1788492460102	OK	 
REQUEST		Join	1788492460082	1788492460104	OK	 
REQUEST		Spin	1788492460062	1788492460105	OK	 
REQUEST		Spin	1788492460069	1788492460105	OK	 
REQUEST		Spin	1788492460061	1788492460107	OK	 
REQUEST		Spin	1788492460061	1788492460109	OK	 
REQUEST		Spin	1788492460069	1788492460109	OK	 
REQUEST		Spin	1788492460061	1788492460109	OK	 
REQUEST		Spin	1788492460078	1788492460111	OK	 
REQUEST		Spin	1788492460062	1788492460111	OK	 
REQUEST		Spin	1788492460067	1788492460114	OK	 
REQUEST		Spin	1788492460105	1788492460119	OK	 
REQUEST		Spin	1788492460112	1788492460122	OK	 
REQUEST		Spin	1788492460119	1788492460126	OK	 
USER	naga777-grpc-player-journey	END	1788492460317
USER	naga777-grpc-player-journey	START	1788492460317
REQUEST		Join	1788492460318	1788492460336	OK	 
REQUEST		Spin	1788492460317	1788492460343	OK	 
REQUEST		Spin	1788492460313	1788492460343	OK	 
REQUEST		Spin	1788492460313	1788492460343	OK	 
REQUEST		Spin	1788492460337	1788492460347	OK	 
REQUEST		Spin	1788492460347	1788492460356	OK	 
REQUEST		Spin	1788492460383	1788492460392	OK	 
REQUEST		Spin	1788492460388	1788492460396	OK	 
REQUEST		Spin	1788492460393	1788492460400	OK	 
REQUEST		Spin	1788492460393	1788492460400	OK	 
REQUEST		Spin	1788492460399	1788492460407	OK	 
REQUEST		Spin	1788492460412	1788492460419	OK	 
REQUEST		Spin	1788492460411	1788492460419	OK	 
REQUEST		Spin	1788492460428	1788492460439	OK	 
REQUEST		Spin	1788492460553	1788492460571	OK	 
USER	naga777-grpc-player-journey	END	1788492460576
USER	naga777-grpc-player-journey	START	1788492460576
REQUEST		Spin	1788492460570	1788492460581	OK	 
REQUEST		Join	1788492460576	1788492460582	OK	 
REQUEST		Spin	1788492460582	1788492460591	OK	 
REQUEST		Spin	1788492460584	1788492460592	OK	 
REQUEST		Spin	1788492460591	1788492460599	OK	 
REQUEST		Spin	1788492460720	1788492460734	OK	 
REQUEST		Spin	1788492460725	1788492460737	OK	 
REQUEST		Spin	1788492460724	1788492460737	OK	 
REQUEST		Spin	1788492460731	1788492460747	OK	 
REQUEST		Spin	1788492460734	1788492460748	OK	 
REQUEST		Spin	1788492460760	1788492460769	OK	 
REQUEST		Spin	1788492460760	1788492460769	OK	 
REQUEST		Spin	1788492460781	1788492460792	OK	 
REQUEST		Spin	1788492460799	1788492460809	OK	 
REQUEST		Spin	1788492460807	1788492460818	OK	 
REQUEST		Spin	1788492460818	1788492460826	OK	 
USER	naga777-grpc-player-journey	END	1788492460827
USER	naga777-grpc-player-journey	START	1788492460827
REQUEST		Join	1788492460827	1788492460833	OK	 
REQUEST		Spin	1788492460833	1788492460843	OK	 
REQUEST		Spin	1788492460843	1788492460850	OK	 
USER	naga777-grpc-player-journey	END	1788492461077
USER	naga777-grpc-player-journey	START	1788492461077
REQUEST		Spin	1788492461066	1788492461086	OK	 
REQUEST		Spin	1788492461067	1788492461086	OK	 
REQUEST		Join	1788492461078	1788492461089	OK	 
REQUEST		Spin	1788492461066	1788492461089	OK	 
REQUEST		Spin	1788492461068	1788492461090	OK	 
REQUEST		Spin	1788492461066	1788492461092	OK	 
REQUEST		Spin	1788492461077	1788492461095	OK	 
REQUEST		Spin	1788492461080	1788492461097	OK	 
REQUEST		Spin	1788492461086	1788492461100	OK	 
REQUEST		Spin	1788492461082	1788492461103	OK	 
REQUEST		Spin	1788492461087	1788492461105	OK	 
REQUEST		Spin	1788492461090	1788492461106	OK	 
REQUEST		Spin	1788492461106	1788492461115	OK	 
REQUEST		Spin	1788492461114	1788492461123	OK	 
REQUEST		Spin	1788492461309	1788492461321	OK	 
REQUEST		Spin	1788492461308	1788492461321	OK	 
REQUEST		Spin	1788492461327	1788492461338	OK	 
REQUEST		Spin	1788492461329	1788492461338	OK	 
REQUEST		Spin	1788492461385	1788492461398	OK	 
REQUEST		Spin	1788492461397	1788492461408	OK	 
REQUEST		Spin	1788492461397	1788492461408	OK	 
REQUEST		Spin	1788492461397	1788492461408	OK	 
USER	naga777-grpc-player-journey	END	1788492461428
USER	naga777-grpc-player-journey	START	1788492461428
REQUEST		Spin	1788492461417	1788492461428	OK	 
REQUEST		Spin	1788492461417	1788492461428	OK	 
REQUEST		Join	1788492461428	1788492461434	OK	 
REQUEST		Spin	1788492461431	1788492461441	OK	 
REQUEST		Spin	1788492461434	1788492461443	OK	 
REQUEST		Spin	1788492461443	1788492461450	OK	 
REQUEST		Spin	1788492461551	1788492461564	OK	 
REQUEST		Spin	1788492461560	1788492461571	OK	 
REQUEST		Spin	1788492461602	1788492461613	OK	 
REQUEST		Spin	1788492461604	1788492461615	OK	 
REQUEST		Spin	1788492461721	1788492461736	OK	 
USER	naga777-grpc-player-journey	END	1788492461748
USER	naga777-grpc-player-journey	START	1788492461748
REQUEST		Spin	1788492461730	1788492461748	OK	 
REQUEST		Spin	1788492461735	1788492461752	OK	 
REQUEST		Spin	1788492461738	1788492461752	OK	 
REQUEST		Join	1788492461748	1788492461757	OK	 
REQUEST		Spin	1788492461752	1788492461764	OK	 
REQUEST		Spin	1788492461757	1788492461766	OK	 
REQUEST		Spin	1788492461756	1788492461767	OK	 
REQUEST		Spin	1788492461765	1788492461773	OK	 
REQUEST		Spin	1788492461767	1788492461773	OK	 
REQUEST		Spin	1788492461802	1788492461810	OK	 
REQUEST		Spin	1788492461818	1788492461826	OK	 
REQUEST		Spin	1788492461818	1788492461826	OK	 
REQUEST		Spin	1788492461822	1788492461829	OK	 
REQUEST		Spin	1788492462069	1788492462078	OK	 
REQUEST		Spin	1788492462053	1788492462078	OK	 
USER	naga777-grpc-player-journey	END	1788492462082
USER	naga777-grpc-player-journey	START	1788492462082
REQUEST		Spin	1788492462063	1788492462084	OK	 
REQUEST		Spin	1788492462068	1788492462087	OK	 
REQUEST		Spin	1788492462071	1788492462093	OK	 
REQUEST		Spin	1788492462071	1788492462094	OK	 
REQUEST		Join	1788492462082	1788492462094	OK	 
REQUEST		Spin	1788492462079	1788492462101	OK	 
REQUEST		Spin	1788492462084	1788492462105	OK	 
REQUEST		Spin	1788492462087	1788492462105	OK	 
REQUEST		Spin	1788492462094	1788492462106	OK	 
REQUEST		Spin	1788492462107	1788492462114	OK	 
REQUEST		Spin	1788492462106	1788492462114	OK	 
REQUEST		Spin	1788492462107	1788492462114	OK	 
REQUEST		Spin	1788492462311	1788492462335	OK	 
REQUEST		Spin	1788492462327	1788492462340	OK	 
REQUEST		Spin	1788492462336	1788492462348	OK	 
REQUEST		Spin	1788492462354	1788492462363	OK	 
REQUEST		Spin	1788492462391	1788492462393	OK	 
REQUEST		Spin	1788492462389	1788492462400	OK	 
REQUEST		Spin	1788492462391	1788492462400	OK	 
REQUEST		Spin	1788492462395	1788492462404	OK	 
REQUEST		Spin	1788492462400	1788492462408	OK	 
USER	naga777-grpc-player-journey	END	1788492462412
USER	naga777-grpc-player-journey	START	1788492462412
REQUEST		Join	1788492462412	1788492462417	OK	 
REQUEST		Spin	1788492462411	1788492462419	OK	 
REQUEST		Spin	1788492462417	1788492462425	OK	 
REQUEST		Spin	1788492462419	1788492462426	OK	 
REQUEST		Spin	1788492462425	1788492462431	OK	 
REQUEST		Spin	1788492462550	1788492462575	OK	 
REQUEST		Spin	1788492462571	1788492462585	OK	 
REQUEST		Spin	1788492462579	1788492462593	OK	 
REQUEST		Spin	1788492462597	1788492462608	OK	 
REQUEST		Spin	1788492462730	1788492462745	OK	 
REQUEST		Spin	1788492462727	1788492462745	OK	 
REQUEST		Spin	1788492462735	1788492462748	OK	 
USER	naga777-grpc-player-journey	END	1788492462751
USER	naga777-grpc-player-journey	START	1788492462751
REQUEST		Spin	1788492462742	1788492462753	OK	 
REQUEST		Spin	1788492462742	1788492462753	OK	 
REQUEST		Join	1788492462751	1788492462758	OK	 
REQUEST		Spin	1788492462758	1788492462770	OK	 
REQUEST		Spin	1788492462762	1788492462774	OK	 
REQUEST		Spin	1788492462766	1788492462777	OK	 
REQUEST		Spin	1788492462771	1788492462779	OK	 
REQUEST		Spin	1788492462806	1788492462813	OK	 
REQUEST		Spin	1788492462806	1788492462813	OK	 
REQUEST		Spin	1788492462828	1788492462835	OK	 
REQUEST		Spin	1788492462847	1788492462855	OK	 
REQUEST		Spin	1788492463049	1788492463070	OK	 
REQUEST		Spin	1788492463060	1788492463073	OK	 
USER	naga777-grpc-player-journey	END	1788492463075
USER	naga777-grpc-player-journey	START	1788492463075
REQUEST		Spin	1788492463069	1788492463083	OK	 
REQUEST		Spin	1788492463070	1788492463084	OK	 
REQUEST		Join	1788492463076	1788492463086	OK	 
REQUEST		Spin	1788492463078	1788492463093	OK	 
REQUEST		Spin	1788492463078	1788492463093	OK	 
REQUEST		Spin	1788492463078	1788492463095	OK	 
REQUEST		Spin	1788492463075	1788492463095	OK	 
REQUEST		Spin	1788492463086	1788492463098	OK	 
REQUEST		Spin	1788492463086	1788492463098	OK	 
REQUEST		Spin	1788492463098	1788492463105	OK	 
REQUEST		Spin	1788492463100	1788492463107	OK	 
REQUEST		Spin	1788492463105	1788492463111	OK	 
REQUEST		Spin	1788492463307	1788492463322	OK	 
REQUEST		Spin	1788492463321	1788492463335	OK	 
REQUEST		Spin	1788492463329	1788492463341	OK	 
USER	naga777-grpc-player-journey	END	1788492463343
USER	naga777-grpc-player-journey	START	1788492463343
REQUEST		Join	1788492463344	1788492463351	OK	 
REQUEST		Spin	1788492463351	1788492463363	OK	 
REQUEST		Spin	1788492463363	1788492463373	OK	 
REQUEST		Spin	1788492463384	1788492463395	OK	 
REQUEST		Spin	1788492463390	1788492463402	OK	 
REQUEST		Spin	1788492463391	1788492463403	OK	 
REQUEST		Spin	1788492463397	1788492463408	OK	 
REQUEST		Spin	1788492463396	1788492463408	OK	 
REQUEST		Spin	1788492463400	1788492463410	OK	 
REQUEST		Spin	1788492463428	1788492463437	OK	 
REQUEST		Spin	1788492463437	1788492463445	OK	 
REQUEST		Spin	1788492463565	1788492463579	OK	 
USER	naga777-grpc-player-journey	END	1788492463580
USER	naga777-grpc-player-journey	START	1788492463580
REQUEST		Spin	1788492463572	1788492463585	OK	 
REQUEST		Join	1788492463580	1788492463587	OK	 
REQUEST		Spin	1788492463579	1788492463589	OK	 
REQUEST		Spin	1788492463587	1788492463596	OK	 
REQUEST		Spin	1788492463596	1788492463603	OK	 
REQUEST		Spin	1788492463723	1788492463738	OK	 
REQUEST		Spin	1788492463734	1788492463748	OK	 
REQUEST		Spin	1788492463733	1788492463748	OK	 
REQUEST		Spin	1788492463737	1788492463751	OK	 
REQUEST		Spin	1788492463738	1788492463751	OK	 
REQUEST		Spin	1788492463757	1788492463766	OK	 
REQUEST		Spin	1788492463797	1788492463813	OK	 
REQUEST		Spin	1788492463799	1788492463813	OK	 
REQUEST		Spin	1788492463804	1788492463814	OK	 
REQUEST		Spin	1788492463813	1788492463822	OK	 
REQUEST		Spin	1788492463819	1788492463826	OK	 
USER	naga777-grpc-player-journey	END	1788492463832
USER	naga777-grpc-player-journey	START	1788492463832
REQUEST		Join	1788492463832	1788492463838	OK	 
REQUEST		Spin	1788492463838	1788492463845	OK	 
REQUEST		Spin	1788492463846	1788492463852	OK	 
REQUEST		Spin	1788492464057	1788492464077	OK	 
REQUEST		Spin	1788492464059	1788492464078	OK	 
REQUEST		Spin	1788492464067	1788492464080	OK	 
REQUEST		Spin	1788492464066	1788492464081	OK	 
REQUEST		Spin	1788492464074	1788492464091	OK	 
REQUEST		Spin	1788492464075	1788492464091	OK	 
REQUEST		Spin	1788492464077	1788492464091	OK	 
REQUEST		Spin	1788492464088	1788492464097	OK	 
REQUEST		Spin	1788492464087	1788492464097	OK	 
USER	naga777-grpc-player-journey	END	1788492464098
USER	naga777-grpc-player-journey	START	1788492464098
REQUEST		Join	1788492464098	1788492464106	OK	 
REQUEST		Spin	1788492464106	1788492464115	OK	 
REQUEST		Spin	1788492464114	1788492464121	OK	 
REQUEST		Spin	1788492464115	1788492464121	OK	 
REQUEST		Spin	1788492464086	1788492464140	OK	 
REQUEST		Spin	1788492464318	1788492464341	OK	 
REQUEST		Spin	1788492464321	1788492464341	OK	 
REQUEST		Spin	1788492464326	1788492464343	OK	 
REQUEST		Spin	1788492464340	1788492464352	OK	 
REQUEST		Spin	1788492464386	1788492464403	OK	 
REQUEST		Spin	1788492464387	1788492464404	OK	 
USER	naga777-grpc-player-journey	END	1788492464408
USER	naga777-grpc-player-journey	START	1788492464408
REQUEST		Spin	1788492464396	1788492464410	OK	 
REQUEST		Spin	1788492464395	1788492464410	OK	 
REQUEST		Spin	1788492464398	1788492464411	OK	 
REQUEST		Join	1788492464408	1788492464414	OK	 
REQUEST		Spin	1788492464408	1788492464419	OK	 
REQUEST		Spin	1788492464414	1788492464423	OK	 
REQUEST		Spin	1788492464423	1788492464431	OK	 
REQUEST		Spin	1788492464427	1788492464435	OK	 
REQUEST		Spin	1788492464557	1788492464566	OK	 
REQUEST		Spin	1788492464583	1788492464592	OK	 
REQUEST		Spin	1788492464589	1788492464596	OK	 
REQUEST		Spin	1788492464630	1788492464638	OK	 
REQUEST		Spin	1788492464720	1788492464728	OK	 
REQUEST		Spin	1788492464725	1788492464733	OK	 
REQUEST		Spin	1788492464725	1788492464733	OK	 
USER	naga777-grpc-player-journey	END	1788492464742
USER	naga777-grpc-player-journey	START	1788492464742
REQUEST		Spin	1788492464735	1788492464743	OK	 
REQUEST		Join	1788492464742	1788492464746	OK	 
REQUEST		Spin	1788492464743	1788492464749	OK	 
REQUEST		Spin	1788492464747	1788492464753	OK	 
REQUEST		Spin	1788492464753	1788492464759	OK	 
REQUEST		Spin	1788492464756	1788492464762	OK	 
REQUEST		Spin	1788492464758	1788492464764	OK	 
REQUEST		Spin	1788492464809	1788492464819	OK	 
REQUEST		Spin	1788492464811	1788492464820	OK	 
REQUEST		Spin	1788492464821	1788492464829	OK	 
REQUEST		Spin	1788492464853	1788492464863	OK	 
USER	naga777-grpc-player-journey	END	1788492465080
USER	naga777-grpc-player-journey	START	1788492465080
REQUEST		Join	1788492465080	1788492465098	OK	 
REQUEST		Spin	1788492465063	1788492465101	OK	 
REQUEST		Spin	1788492465071	1788492465102	OK	 
REQUEST		Spin	1788492465063	1788492465102	OK	 
REQUEST		Spin	1788492465062	1788492465103	OK	 
REQUEST		Spin	1788492465064	1788492465104	OK	 
REQUEST		Spin	1788492465071	1788492465105	OK	 
REQUEST		Spin	1788492465068	1788492465106	OK	 
REQUEST		Spin	1788492465063	1788492465106	OK	 
REQUEST		Spin	1788492465076	1788492465106	OK	 
REQUEST		Spin	1788492465098	1788492465112	OK	 
REQUEST		Spin	1788492465114	1788492465123	OK	 
REQUEST		Spin	1788492465112	1788492465123	OK	 
REQUEST		Spin	1788492465120	1788492465129	OK	 
REQUEST		Spin	1788492465314	1788492465334	OK	 
REQUEST		Spin	1788492465315	1788492465334	OK	 
REQUEST		Spin	1788492465319	1788492465338	OK	 
REQUEST		Spin	1788492465348	1788492465359	OK	 
REQUEST		Spin	1788492465385	1788492465404	OK	 
REQUEST		Spin	1788492465390	1788492465409	OK	 
REQUEST		Spin	1788492465396	1788492465409	OK	 
REQUEST		Spin	1788492465395	1788492465410	OK	 
USER	naga777-grpc-player-journey	END	1788492465412
REQUEST		Spin	1788492465401	1788492465412	OK	 
USER	naga777-grpc-player-journey	START	1788492465412
REQUEST		Join	1788492465413	1788492465418	OK	 
REQUEST		Spin	1788492465414	1788492465422	OK	 
REQUEST		Spin	1788492465418	1788492465426	OK	 
REQUEST		Spin	1788492465426	1788492465434	OK	 
REQUEST		Spin	1788492465430	1788492465437	OK	 
REQUEST		Spin	1788492465555	1788492465564	OK	 
REQUEST		Spin	1788492465571	1788492465580	OK	 
REQUEST		Spin	1788492465586	1788492465594	OK	 
REQUEST		Spin	1788492465592	1788492465601	OK	 
REQUEST		Spin	1788492465722	1788492465736	OK	 
REQUEST		Spin	1788492465726	1788492465737	OK	 
REQUEST		Spin	1788492465729	1788492465742	OK	 
REQUEST		Spin	1788492465732	1788492465744	OK	 
REQUEST		Spin	1788492465735	1788492465744	OK	 
USER	naga777-grpc-player-journey	END	1788492465762
USER	naga777-grpc-player-journey	START	1788492465762
REQUEST		Join	1788492465762	1788492465769	OK	 
REQUEST		Spin	1788492465762	1788492465771	OK	 
REQUEST		Spin	1788492465769	1788492465777	OK	 
REQUEST		Spin	1788492465777	1788492465784	OK	 
REQUEST		Spin	1788492465782	1788492465790	OK	 
REQUEST		Spin	1788492465800	1788492465808	OK	 
REQUEST		Spin	1788492465808	1788492465815	OK	 
REQUEST		Spin	1788492465822	1788492465829	OK	 
REQUEST		Spin	1788492465845	1788492465854	OK	 
USER	naga777-grpc-player-journey	END	1788492466088
USER	naga777-grpc-player-journey	START	1788492466088
REQUEST		Spin	1788492466067	1788492466105	OK	 
REQUEST		Spin	1788492466069	1788492466105	OK	 
REQUEST		Spin	1788492466067	1788492466106	OK	 
REQUEST		Spin	1788492466068	1788492466106	OK	 
REQUEST		Spin	1788492466068	1788492466107	OK	 
REQUEST		Spin	1788492466079	1788492466109	OK	 
REQUEST		Join	1788492466088	1788492466109	OK	 
REQUEST		Spin	1788492466082	1788492466112	OK	 
REQUEST		Spin	1788492466083	1788492466112	OK	 
REQUEST		Spin	1788492466089	1788492466112	OK	 
REQUEST		Spin	1788492466108	1788492466117	OK	 
REQUEST		Spin	1788492466109	1788492466117	OK	 
REQUEST		Spin	1788492466115	1788492466123	OK	 
REQUEST		Spin	1788492466117	1788492466124	OK	 
USER	naga777-grpc-player-journey	END	1788492466329
USER	naga777-grpc-player-journey	START	1788492466329
REQUEST		Spin	1788492466309	1788492466331	OK	 
REQUEST		Spin	1788492466310	1788492466331	OK	 
REQUEST		Join	1788492466329	1788492466339	OK	 
REQUEST		Spin	1788492466331	1788492466344	OK	 
REQUEST		Spin	1788492466339	1788492466350	OK	 
REQUEST		Spin	1788492466350	1788492466358	OK	 
REQUEST		Spin	1788492466387	1788492466395	OK	 
REQUEST		Spin	1788492466398	1788492466407	OK	 
REQUEST		Spin	1788492466398	1788492466407	OK	 
REQUEST		Spin	1788492466399	1788492466408	OK	 
REQUEST		Spin	1788492466418	1788492466427	OK	 
REQUEST		Spin	1788492466419	1788492466427	OK	 
REQUEST		Spin	1788492466432	1788492466441	OK	 
REQUEST		Spin	1788492466445	1788492466453	OK	 
REQUEST		Spin	1788492466553	1788492466566	OK	 
REQUEST		Spin	1788492466560	1788492466573	OK	 
USER	naga777-grpc-player-journey	END	1788492466607
USER	naga777-grpc-player-journey	START	1788492466607
REQUEST		Join	1788492466608	1788492466621	OK	 
REQUEST		Spin	1788492466604	1788492466621	OK	 
REQUEST		Spin	1788492466621	1788492466635	OK	 
REQUEST		Spin	1788492466635	1788492466644	OK	 
REQUEST		Spin	1788492466722	1788492466735	OK	 
REQUEST		Spin	1788492466731	1788492466745	OK	 
REQUEST		Spin	1788492466739	1788492466751	OK	 
REQUEST		Spin	1788492466735	1788492466751	OK	 
REQUEST		Spin	1788492466752	1788492466762	OK	 
REQUEST		Spin	1788492466757	1788492466766	OK	 
REQUEST		Spin	1788492466766	1788492466775	OK	 
REQUEST		Spin	1788492466769	1788492466778	OK	 
REQUEST		Spin	1788492466803	1788492466813	OK	 
USER	naga777-grpc-player-journey	END	1788492466823
USER	naga777-grpc-player-journey	START	1788492466823
REQUEST		Spin	1788492466820	1788492466829	OK	 
REQUEST		Spin	1788492466820	1788492466829	OK	 
REQUEST		Join	1788492466823	1788492466830	OK	 
REQUEST		Spin	1788492466830	1788492466839	OK	 
REQUEST		Spin	1788492466839	1788492466846	OK	 
REQUEST		Spin	1788492467071	1788492467073	OK	 
REQUEST		Spin	1788492467055	1788492467075	OK	 
REQUEST		Spin	1788492467064	1788492467091	OK	 
REQUEST		Spin	1788492467068	1788492467091	OK	 
REQUEST		Spin	1788492467070	1788492467091	OK	 
REQUEST		Spin	1788492467072	1788492467091	OK	 
USER	naga777-grpc-player-journey	END	1788492467091
USER	naga777-grpc-player-journey	START	1788492467091
REQUEST		Join	1788492467091	1788492467101	OK	 
REQUEST		Spin	1788492467090	1788492467103	OK	 
REQUEST		Spin	1788492467091	1788492467103	OK	 
REQUEST		Spin	1788492467101	1788492467111	OK	 
REQUEST		Spin	1788492467107	1788492467119	OK	 
REQUEST		Spin	1788492467108	1788492467119	OK	 
REQUEST		Spin	1788492467109	1788492467119	OK	 
REQUEST		Spin	1788492467112	1788492467120	OK	 
REQUEST		Spin	1788492467312	1788492467332	OK	 
REQUEST		Spin	1788492467329	1788492467341	OK	 
REQUEST		Spin	1788492467338	1788492467347	OK	 
REQUEST		Spin	1788492467355	1788492467365	OK	 
REQUEST		Spin	1788492467391	1788492467393	OK	 
REQUEST		Spin	1788492467389	1788492467397	OK	 
REQUEST		Spin	1788492467391	1788492467398	OK	 
REQUEST		Spin	1788492467396	1788492467404	OK	 
REQUEST		Spin	1788492467402	1788492467409	OK	 
USER	naga777-grpc-player-journey	END	1788492467414
USER	naga777-grpc-player-journey	START	1788492467414
REQUEST		Join	1788492467414	1788492467419	OK	 
REQUEST		Spin	1788492467421	1788492467428	OK	 
REQUEST		Spin	1788492467419	1788492467428	OK	 
REQUEST		Spin	1788492467428	1788492467435	OK	 
REQUEST		Spin	1788492467427	1788492467435	OK	 
REQUEST		Spin	1788492467551	1788492467570	OK	 
REQUEST		Spin	1788492467572	1788492467583	OK	 
REQUEST		Spin	1788492467581	1788492467592	OK	 
REQUEST		Spin	1788492467599	1788492467607	OK	 
REQUEST		Spin	1788492467729	1788492467744	OK	 
REQUEST		Spin	1788492467731	1788492467744	OK	 
REQUEST		Spin	1788492467737	1788492467749	OK	 
REQUEST		Spin	1788492467743	1788492467752	OK	 
REQUEST		Spin	1788492467744	1788492467752	OK	 
USER	naga777-grpc-player-journey	END	1788492467770
USER	naga777-grpc-player-journey	START	1788492467770
REQUEST		Spin	1788492467763	1788492467772	OK	 
REQUEST		Join	1788492467771	1788492467778	OK	 
REQUEST		Spin	1788492467772	1788492467781	OK	 
REQUEST		Spin	1788492467778	1788492467789	OK	 
REQUEST		Spin	1788492467789	1788492467796	OK	 
REQUEST		Spin	1788492467807	1788492467815	OK	 
REQUEST		Spin	1788492467810	1788492467819	OK	 
REQUEST		Spin	1788492467828	1788492467839	OK	 
REQUEST		Spin	1788492467847	1788492467855	OK	 
REQUEST		Spin	1788492468050	1788492468071	OK	 
USER	naga777-grpc-player-journey	END	1788492468080
USER	naga777-grpc-player-journey	START	1788492468080
REQUEST		Spin	1788492468062	1788492468085	OK	 
REQUEST		Spin	1788492468072	1788492468093	OK	 
REQUEST		Spin	1788492468071	1788492468093	OK	 
REQUEST		Join	1788492468080	1788492468093	OK	 
REQUEST		Spin	1788492468079	1788492468096	OK	 
REQUEST		Spin	1788492468077	1788492468096	OK	 
REQUEST		Spin	1788492468080	1788492468097	OK	 
REQUEST		Spin	1788492468087	1788492468101	OK	 
REQUEST		Spin	1788492468093	1788492468103	OK	 
REQUEST		Spin	1788492468099	1788492468108	OK	 
REQUEST		Spin	1788492468103	1788492468110	OK	 
REQUEST		Spin	1788492468102	1788492468110	OK	 
REQUEST		Spin	1788492468106	1788492468113	OK	 
REQUEST		Spin	1788492468309	1788492468330	OK	 
REQUEST		Spin	1788492468322	1788492468337	OK	 
REQUEST		Spin	1788492468331	1788492468344	OK	 
REQUEST		Spin	1788492468365	1788492468377	OK	 
REQUEST		Spin	1788492468386	1788492468398	OK	 
REQUEST		Spin	1788492468391	1788492468402	OK	 
USER	naga777-grpc-player-journey	END	1788492468402
USER	naga777-grpc-player-journey	START	1788492468402
REQUEST		Spin	1788492468394	1788492468405	OK	 
REQUEST		Join	1788492468403	1788492468410	OK	 
REQUEST		Spin	1788492468400	1788492468410	OK	 
REQUEST		Spin	1788492468398	1788492468410	OK	 
REQUEST		Spin	1788492468410	1788492468418	OK	 
REQUEST		Spin	1788492468418	1788492468426	OK	 
REQUEST		Spin	1788492468429	1788492468436	OK	 
REQUEST		Spin	1788492468437	1788492468443	OK	 
REQUEST		Spin	1788492468567	1788492468579	OK	 
REQUEST		Spin	1788492468574	1788492468585	OK	 
REQUEST		Spin	1788492468579	1788492468589	OK	 
REQUEST		Spin	1788492468598	1788492468607	OK	 
REQUEST		Spin	1788492468724	1788492468733	OK	 
USER	naga777-grpc-player-journey	END	1788492468735
USER	naga777-grpc-player-journey	START	1788492468735
REQUEST		Join	1788492468735	1788492468741	OK	 
REQUEST		Spin	1788492468735	1788492468745	OK	 
REQUEST		Spin	1788492468737	1788492468746	OK	 
REQUEST		Spin	1788492468739	1788492468748	OK	 
REQUEST		Spin	1788492468741	1788492468749	OK	 
REQUEST		Spin	1788492468749	1788492468757	OK	 
REQUEST		Spin	1788492468758	1788492468766	OK	 
REQUEST		Spin	1788492468798	1788492468808	OK	 
REQUEST		Spin	1788492468801	1788492468810	OK	 
REQUEST		Spin	1788492468805	1788492468812	OK	 
REQUEST		Spin	1788492468815	1788492468822	OK	 
REQUEST		Spin	1788492468821	1788492468830	OK	 
REQUEST		Spin	1788492468848	1788492468857	OK	 
REQUEST		Spin	1788492469059	1788492469073	OK	 
REQUEST		Spin	1788492469059	1788492469073	OK	 
REQUEST		Spin	1788492469068	1788492469084	OK	 
REQUEST		Spin	1788492469069	1788492469084	OK	 
USER	naga777-grpc-player-journey	END	1788492469088
USER	naga777-grpc-player-journey	START	1788492469088
REQUEST		Spin	1788492469076	1788492469091	OK	 
REQUEST		Spin	1788492469076	1788492469091	OK	 
REQUEST		Spin	1788492469079	1788492469091	OK	 
REQUEST		Join	1788492469088	1788492469098	OK	 
REQUEST		Spin	1788492469088	1788492469100	OK	 
REQUEST		Spin	1788492469088	1788492469100	OK	 
REQUEST		Spin	1788492469098	1788492469116	OK	 
REQUEST		Spin	1788492469116	1788492469132	OK	 
REQUEST		Spin	1788492469117	1788492469132	OK	 
REQUEST		Spin	1788492469117	1788492469132	OK	 
USER	naga777-grpc-player-journey	END	1788492469328
USER	naga777-grpc-player-journey	START	1788492469329
REQUEST		Join	1788492469329	1788492469343	OK	 
REQUEST		Spin	1788492469323	1788492469346	OK	 
REQUEST		Spin	1788492469320	1788492469346	OK	 
REQUEST		Spin	1788492469341	1788492469351	OK	 
REQUEST		Spin	1788492469343	1788492469351	OK	 
REQUEST		Spin	1788492469352	1788492469360	OK	 
REQUEST		Spin	1788492469387	1788492469399	OK	 
REQUEST		Spin	1788492469387	1788492469399	OK	 
REQUEST		Spin	1788492469396	1788492469406	OK	 
REQUEST		Spin	1788492469398	1788492469408	OK	 
REQUEST		Spin	1788492469400	1788492469409	OK	 
REQUEST		Spin	1788492469410	1788492469418	OK	 
REQUEST		Spin	1788492469424	1788492469432	OK	 
REQUEST		Spin	1788492469427	1788492469435	OK	 
REQUEST		Spin	1788492469558	1788492469573	OK	 
USER	naga777-grpc-player-journey	END	1788492469592
USER	naga777-grpc-player-journey	START	1788492469592
REQUEST		Spin	1788492469584	1788492469595	OK	 
REQUEST		Join	1788492469592	1788492469598	OK	 
REQUEST		Spin	1788492469599	1788492469610	OK	 
REQUEST		Spin	1788492469610	1788492469619	OK	 
REQUEST		Spin	1788492469631	1788492469642	OK	 
REQUEST		Spin	1788492469721	1788492469738	OK	 
REQUEST		Spin	1788492469726	1788492469741	OK	 
REQUEST		Spin	1788492469726	1788492469746	OK	 
REQUEST		Spin	1788492469736	1788492469748	OK	 
REQUEST		Spin	1788492469744	1788492469753	OK	 
REQUEST		Spin	1788492469755	1788492469764	OK	 
REQUEST		Spin	1788492469758	1788492469770	OK	 
REQUEST		Spin	1788492469759	1788492469773	OK	 
REQUEST		Spin	1788492469811	1788492469822	OK	 
REQUEST		Spin	1788492469812	1788492469822	OK	 
USER	naga777-grpc-player-journey	END	1788492469824
USER	naga777-grpc-player-journey	START	1788492469824
REQUEST		Join	1788492469824	1788492469836	OK	 
REQUEST		Spin	1788492469836	1788492469846	OK	 
REQUEST		Spin	1788492469846	1788492469854	OK	 
REQUEST		Spin	1788492469854	1788492469862	OK	 
USER	naga777-grpc-player-journey	END	1788492470073
USER	naga777-grpc-player-journey	START	1788492470073
REQUEST		Spin	1788492470065	1788492470085	OK	 
REQUEST		Spin	1788492470066	1788492470085	OK	 
REQUEST		Spin	1788492470066	1788492470085	OK	 
REQUEST		Spin	1788492470066	1788492470085	OK	 
REQUEST		Spin	1788492470064	1788492470085	OK	 
REQUEST		Join	1788492470073	1788492470087	OK	 
REQUEST		Spin	1788492470071	1788492470088	OK	 
REQUEST		Spin	1788492470073	1788492470090	OK	 
REQUEST		Spin	1788492470078	1788492470094	OK	 
REQUEST		Spin	1788492470088	1788492470097	OK	 
REQUEST		Spin	1788492470097	1788492470105	OK	 
REQUEST		Spin	1788492470113	1788492470121	OK	 
REQUEST		Spin	1788492470116	1788492470123	OK	 
REQUEST		Spin	1788492470121	1788492470127	OK	 
REQUEST		Spin	1788492470316	1788492470339	OK	 
REQUEST		Spin	1788492470315	1788492470339	OK	 
REQUEST		Spin	1788492470320	1788492470342	OK	 
REQUEST		Spin	1788492470350	1788492470362	OK	 
REQUEST		Spin	1788492470387	1788492470401	OK	 
REQUEST		Spin	1788492470392	1788492470405	OK	 
REQUEST		Spin	1788492470398	1788492470412	OK	 
REQUEST		Spin	1788492470396	1788492470412	OK	 
USER	naga777-grpc-player-journey	END	1788492470415
USER	naga777-grpc-player-journey	START	1788492470415
REQUEST		Spin	1788492470403	1788492470417	OK	 
REQUEST		Join	1788492470415	1788492470420	OK	 
REQUEST		Spin	1788492470420	1788492470427	OK	 
REQUEST		Spin	1788492470428	1788492470435	OK	 
REQUEST		Spin	1788492470428	1788492470437	OK	 
REQUEST		Spin	1788492470434	1788492470442	OK	 
REQUEST		Spin	1788492470557	1788492470564	OK	 
REQUEST		Spin	1788492470571	1788492470580	OK	 
REQUEST		Spin	1788492470588	1788492470596	OK	 
REQUEST		Spin	1788492470594	1788492470603	OK	 
USER	naga777-grpc-player-journey	END	1788492470736
USER	naga777-grpc-player-journey	START	1788492470736
REQUEST		Spin	1788492470725	1788492470743	OK	 
REQUEST		Spin	1788492470728	1788492470748	OK	 
REQUEST		Join	1788492470737	1788492470748	OK	 
REQUEST		Spin	1788492470731	1788492470752	OK	 
REQUEST		Spin	1788492470732	1788492470752	OK	 
REQUEST		Spin	1788492470749	1788492470760	OK	 
REQUEST		Spin	1788492470760	1788492470766	OK	 
REQUEST		Spin	1788492470764	1788492470770	OK	 
REQUEST		Spin	1788492470778	1788492470788	OK	 
REQUEST		Spin	1788492470784	1788492470792	OK	 
REQUEST		Spin	1788492470801	1788492470810	OK	 
REQUEST		Spin	1788492470810	1788492470817	OK	 
REQUEST		Spin	1788492470823	1788492470830	OK	 
REQUEST		Spin	1788492470847	1788492470855	OK	 
REQUEST		Spin	1788492471070	1788492471091	OK	 
USER	naga777-grpc-player-journey	END	1788492471091
REQUEST		Spin	1788492471069	1788492471091	OK	 
USER	naga777-grpc-player-journey	START	1788492471091
REQUEST		Spin	1788492471070	1788492471091	OK	 
REQUEST		Spin	1788492471069	1788492471092	OK	 
REQUEST		Spin	1788492471070	1788492471098	OK	 
REQUEST		Spin	1788492471080	1788492471104	OK	 
REQUEST		Join	1788492471091	1788492471104	OK	 
REQUEST		Spin	1788492471082	1788492471105	OK	 
REQUEST		Spin	1788492471084	1788492471107	OK	 
REQUEST		Spin	1788492471104	1788492471113	OK	 
REQUEST		Spin	1788492471109	1788492471118	OK	 
REQUEST		Spin	1788492471113	1788492471122	OK	 
REQUEST		Spin	1788492471117	1788492471125	OK	 
REQUEST		Spin	1788492471118	1788492471125	OK	 
REQUEST		Spin	1788492471311	1788492471327	OK	 
REQUEST		Spin	1788492471311	1788492471327	OK	 
REQUEST		Spin	1788492471332	1788492471342	OK	 
REQUEST		Spin	1788492471351	1788492471361	OK	 
REQUEST		Spin	1788492471389	1788492471399	OK	 
REQUEST		Spin	1788492471400	1788492471410	OK	 
REQUEST		Spin	1788492471399	1788492471410	OK	 
REQUEST		Spin	1788492471400	1788492471410	OK	 
USER	naga777-grpc-player-journey	END	1788492471420
USER	naga777-grpc-player-journey	START	1788492471420
REQUEST		Join	1788492471420	1788492471428	OK	 
REQUEST		Spin	1788492471420	1788492471431	OK	 
REQUEST		Spin	1788492471428	1788492471438	OK	 
REQUEST		Spin	1788492471433	1788492471443	OK	 
REQUEST		Spin	1788492471438	1788492471446	OK	 
REQUEST		Spin	1788492471447	1788492471455	OK	 
REQUEST		Spin	1788492471556	1788492471566	OK	 
REQUEST		Spin	1788492471562	1788492471571	OK	 
REQUEST		Spin	1788492471606	1788492471618	OK	 
REQUEST		Spin	1788492471636	1788492471648	OK	 
REQUEST		Spin	1788492471724	1788492471739	OK	 
REQUEST		Spin	1788492471733	1788492471749	OK	 
USER	naga777-grpc-player-journey	END	1788492471753
USER	naga777-grpc-player-journey	START	1788492471753
REQUEST		Spin	1788492471737	1788492471754	OK	 
REQUEST		Spin	1788492471741	1788492471756	OK	 
REQUEST		Join	1788492471754	1788492471761	OK	 
REQUEST		Spin	1788492471757	1788492471771	OK	 
REQUEST		Spin	1788492471761	1788492471771	OK	 
REQUEST		Spin	1788492471769	1788492471778	OK	 
REQUEST		Spin	1788492471767	1788492471778	OK	 
REQUEST		Spin	1788492471771	1788492471779	OK	 
REQUEST		Spin	1788492471804	1788492471813	OK	 
REQUEST		Spin	1788492471821	1788492471829	OK	 
REQUEST		Spin	1788492471821	1788492471829	OK	 
REQUEST		Spin	1788492471841	1788492471849	OK	 
REQUEST		Spin	1788492472072	1788492472081	OK	 
REQUEST		Spin	1788492472066	1788492472088	OK	 
REQUEST		Spin	1788492472057	1788492472088	OK	 
REQUEST		Spin	1788492472072	1788492472089	OK	 
REQUEST		Spin	1788492472070	1788492472089	OK	 
REQUEST		Spin	1788492472073	1788492472090	OK	 
USER	naga777-grpc-player-journey	END	1788492472092
USER	naga777-grpc-player-journey	START	1788492472092
REQUEST		Join	1788492472092	1788492472098	OK	 
REQUEST		Spin	1788492472091	1788492472102	OK	 
REQUEST		Spin	1788492472098	1788492472109	OK	 
REQUEST		Spin	1788492472108	1788492472119	OK	 
REQUEST		Spin	1788492472109	1788492472119	OK	 
REQUEST		Spin	1788492472109	1788492472119	OK	 
REQUEST		Spin	1788492472111	1788492472120	OK	 
REQUEST		Spin	1788492472113	1788492472122	OK	 
USER	naga777-grpc-player-journey	END	1788492472339
REQUEST		Spin	1788492472314	1788492472338	OK	 
USER	naga777-grpc-player-journey	START	1788492472339
REQUEST		Spin	1788492472330	1788492472346	OK	 
REQUEST		Join	1788492472339	1788492472347	OK	 
REQUEST		Spin	1788492472347	1788492472357	OK	 
REQUEST		Spin	1788492472357	1788492472367	OK	 
REQUEST		Spin	1788492472357	1788492472367	OK	 
REQUEST		Spin	1788492472393	1788492472403	OK	 
REQUEST		Spin	1788492472393	1788492472403	OK	 
REQUEST		Spin	1788492472391	1788492472404	OK	 
REQUEST		Spin	1788492472398	1788492472410	OK	 
REQUEST		Spin	1788492472403	1788492472414	OK	 
REQUEST		Spin	1788492472422	1788492472428	OK	 
REQUEST		Spin	1788492472428	1788492472435	OK	 
REQUEST		Spin	1788492472430	1788492472435	OK	 
REQUEST		Spin	1788492472553	1788492472570	OK	 
USER	naga777-grpc-player-journey	END	1788492472582
USER	naga777-grpc-player-journey	START	1788492472582
REQUEST		Spin	1788492472574	1788492472592	OK	 
REQUEST		Join	1788492472582	1788492472592	OK	 
REQUEST		Spin	1788492472592	1788492472603	OK	 
REQUEST		Spin	1788492472600	1788492472610	OK	 
REQUEST		Spin	1788492472604	1788492472615	OK	 
REQUEST		Spin	1788492472730	1788492472747	OK	 
REQUEST		Spin	1788492472732	1788492472747	OK	 
REQUEST		Spin	1788492472738	1788492472753	OK	 
REQUEST		Spin	1788492472744	1788492472759	OK	 
REQUEST		Spin	1788492472745	1788492472759	OK	 
REQUEST		Spin	1788492472765	1788492472777	OK	 
REQUEST		Spin	1788492472774	1788492472787	OK	 
REQUEST		Spin	1788492472790	1788492472800	OK	 
REQUEST		Spin	1788492472808	1788492472816	OK	 
REQUEST		Spin	1788492472814	1788492472823	OK	 
USER	naga777-grpc-player-journey	END	1788492472829
USER	naga777-grpc-player-journey	START	1788492472829
REQUEST		Join	1788492472829	1788492472835	OK	 
REQUEST		Spin	1788492472835	1788492472845	OK	 
REQUEST		Spin	1788492472845	1788492472852	OK	 
REQUEST		Spin	1788492472848	1788492472855	OK	 
REQUEST		Spin	1788492473052	1788492473069	OK	 
REQUEST		Spin	1788492473063	1788492473074	OK	 
REQUEST		Spin	1788492473073	1788492473080	OK	 
REQUEST		Spin	1788492473071	1788492473080	OK	 
USER	naga777-grpc-player-journey	END	1788492473088
USER	naga777-grpc-player-journey	START	1788492473088
REQUEST		Spin	1788492473079	1788492473089	OK	 
REQUEST		Spin	1788492473082	1788492473091	OK	 
REQUEST		Spin	1788492473081	1788492473091	OK	 
REQUEST		Join	1788492473088	1788492473093	OK	 
REQUEST		Spin	1788492473093	1788492473101	OK	 
REQUEST		Spin	1788492473101	1788492473110	OK	 
REQUEST		Spin	1788492473101	1788492473111	OK	 
REQUEST		Spin	1788492473102	1788492473112	OK	 
REQUEST		Spin	1788492473103	1788492473114	OK	 
REQUEST		Spin	1788492473107	1788492473117	OK	 
REQUEST		Spin	1788492473310	1788492473330	OK	 
REQUEST		Spin	1788492473325	1788492473338	OK	 
REQUEST		Spin	1788492473332	1788492473341	OK	 
REQUEST		Spin	1788492473365	1788492473377	OK	 
USER	naga777-grpc-player-journey	END	1788492473392
USER	naga777-grpc-player-journey	START	1788492473392
REQUEST		Spin	1788492473388	1788492473399	OK	 
REQUEST		Join	1788492473392	1788492473399	OK	 
REQUEST		Spin	1788492473395	1788492473407	OK	 
REQUEST		Spin	1788492473398	1788492473409	OK	 
REQUEST		Spin	1788492473399	1788492473409	OK	 
REQUEST		Spin	1788492473401	1788492473412	OK	 
REQUEST		Spin	1788492473410	1788492473418	OK	 
REQUEST		Spin	1788492473419	1788492473427	OK	 
REQUEST		Spin	1788492473430	1788492473440	OK	 
REQUEST		Spin	1788492473439	1788492473451	OK	 
REQUEST		Spin	1788492473568	1788492473581	OK	 
REQUEST		Spin	1788492473574	1788492473587	OK	 
REQUEST		Spin	1788492473580	1788492473592	OK	 
REQUEST		Spin	1788492473600	1788492473610	OK	 
REQUEST		Spin	1788492473726	1788492473740	OK	 
USER	naga777-grpc-player-journey	END	1788492473741
USER	naga777-grpc-player-journey	START	1788492473741
REQUEST		Spin	1788492473736	1788492473748	OK	 
REQUEST		Spin	1788492473737	1788492473748	OK	 
REQUEST		Join	1788492473741	1788492473752	OK	 
REQUEST		Spin	1788492473750	1788492473760	OK	 
REQUEST		Spin	1788492473752	1788492473763	OK	 
REQUEST		Spin	1788492473763	1788492473772	OK	 
REQUEST		Spin	1788492473760	1788492473772	OK	 
REQUEST		Spin	1788492473799	1788492473809	OK	 
REQUEST		Spin	1788492473802	1788492473810	OK	 
REQUEST		Spin	1788492473806	1788492473814	OK	 
REQUEST		Spin	1788492473816	1788492473822	OK	 
REQUEST		Spin	1788492473822	1788492473830	OK	 
REQUEST		Spin	1788492473848	1788492473856	OK	 
REQUEST		Spin	1788492474060	1788492474075	OK	 
REQUEST		Spin	1788492474060	1788492474075	OK	 
REQUEST		Spin	1788492474067	1788492474079	OK	 
REQUEST		Spin	1788492474070	1788492474082	OK	 
REQUEST		Spin	1788492474077	1788492474086	OK	 
REQUEST		Spin	1788492474079	1788492474089	OK	 
REQUEST		Spin	1788492474081	1788492474089	OK	 
USER	naga777-grpc-player-journey	END	1788492474090
USER	naga777-grpc-player-journey	START	1788492474090
REQUEST		Join	1788492474090	1788492474096	OK	 
REQUEST		Spin	1788492474090	1788492474099	OK	 
REQUEST		Spin	1788492474096	1788492474104	OK	 
REQUEST		Spin	1788492474104	1788492474110	OK	 
REQUEST		Spin	1788492474117	1788492474124	OK	 
REQUEST		Spin	1788492474119	1788492474126	OK	 
REQUEST		Spin	1788492474119	1788492474126	OK	 
REQUEST		Spin	1788492474325	1788492474340	OK	 
REQUEST		Spin	1788492474320	1788492474340	OK	 
REQUEST		Spin	1788492474343	1788492474353	OK	 
REQUEST		Spin	1788492474353	1788492474361	OK	 
REQUEST		Spin	1788492474388	1788492474398	OK	 
REQUEST		Spin	1788492474388	1788492474398	OK	 
REQUEST		Spin	1788492474397	1788492474407	OK	 
REQUEST		Spin	1788492474399	1788492474409	OK	 
REQUEST		Spin	1788492474400	1788492474409	OK	 
USER	naga777-grpc-player-journey	END	1788492474412
USER	naga777-grpc-player-journey	START	1788492474413
REQUEST		Join	1788492474413	1788492474418	OK	 
REQUEST		Spin	1788492474418	1788492474425	OK	 
REQUEST		Spin	1788492474424	1788492474431	OK	 
REQUEST		Spin	1788492474425	1788492474431	OK	 
REQUEST		Spin	1788492474428	1788492474435	OK	 
REQUEST		Spin	1788492474559	1788492474569	OK	 
REQUEST		Spin	1788492474585	1788492474596	OK	 
REQUEST		Spin	1788492474610	1788492474622	OK	 
REQUEST		Spin	1788492474632	1788492474641	OK	 
REQUEST		Spin	1788492474723	1788492474740	OK	 
REQUEST		Spin	1788492474728	1788492474741	OK	 
REQUEST		Spin	1788492474727	1788492474741	OK	 
REQUEST		Spin	1788492474738	1788492474749	OK	 
REQUEST		Spin	1788492474745	1788492474756	OK	 
USER	naga777-grpc-player-journey	END	1788492474759
USER	naga777-grpc-player-journey	START	1788492474759
REQUEST		Join	1788492474759	1788492474765	OK	 
REQUEST		Spin	1788492474756	1788492474766	OK	 
REQUEST		Spin	1788492474761	1788492474770	OK	 
REQUEST		Spin	1788492474765	1788492474775	OK	 
REQUEST		Spin	1788492474775	1788492474782	OK	 
REQUEST		Spin	1788492474813	1788492474825	OK	 
REQUEST		Spin	1788492474813	1788492474825	OK	 
REQUEST		Spin	1788492474848	1788492474858	OK	 
REQUEST		Spin	1788492474856	1788492474864	OK	 
USER	naga777-grpc-player-journey	END	1788492475067
USER	naga777-grpc-player-journey	START	1788492475067
REQUEST		Join	1788492475067	1788492475073	OK	 
REQUEST		Spin	1788492475067	1788492475077	OK	 
REQUEST		Spin	1788492475067	1788492475077	OK	 
REQUEST		Spin	1788492475068	1788492475077	OK	 
REQUEST		Spin	1788492475066	1788492475078	OK	 
REQUEST		Spin	1788492475073	1788492475082	OK	 
REQUEST		Spin	1788492475073	1788492475083	OK	 
REQUEST		Spin	1788492475075	1788492475084	OK	 
REQUEST		Spin	1788492475080	1788492475088	OK	 
REQUEST		Spin	1788492475083	1788492475091	OK	 
REQUEST		Spin	1788492475099	1788492475106	OK	 
REQUEST		Spin	1788492475114	1788492475121	OK	 
REQUEST		Spin	1788492475117	1788492475124	OK	 
REQUEST		Spin	1788492475123	1788492475129	OK	 
USER	naga777-grpc-player-journey	END	1788492475322
USER	naga777-grpc-player-journey	START	1788492475322
REQUEST		Join	1788492475322	1788492475330	OK	 
REQUEST		Spin	1788492475316	1788492475330	OK	 
REQUEST		Spin	1788492475316	1788492475331	OK	 
REQUEST		Spin	1788492475330	1788492475339	OK	 
REQUEST		Spin	1788492475339	1788492475346	OK	 
REQUEST		Spin	1788492475351	1788492475358	OK	 
REQUEST		Spin	1788492475389	1788492475397	OK	 
REQUEST		Spin	1788492475393	1788492475401	OK	 
REQUEST		Spin	1788492475398	1788492475405	OK	 
REQUEST		Spin	1788492475399	1788492475406	OK	 
REQUEST		Spin	1788492475405	1788492475412	OK	 
REQUEST		Spin	1788492475429	1788492475438	OK	 
REQUEST		Spin	1788492475428	1788492475438	OK	 
REQUEST		Spin	1788492475435	1788492475443	OK	 
REQUEST		Spin	1788492475557	1788492475567	OK	 
REQUEST		Spin	1788492475572	1788492475580	OK	 
USER	naga777-grpc-player-journey	END	1788492475590
USER	naga777-grpc-player-journey	START	1788492475590
REQUEST		Join	1788492475590	1788492475595	OK	 
REQUEST		Spin	1788492475595	1788492475606	OK	 
REQUEST		Spin	1788492475595	1788492475606	OK	 
REQUEST		Spin	1788492475606	1788492475612	OK	 
REQUEST		Spin	1788492475729	1788492475742	OK	 
REQUEST		Spin	1788492475727	1788492475742	OK	 
REQUEST		Spin	1788492475733	1788492475744	OK	 
REQUEST		Spin	1788492475733	1788492475744	OK	 
REQUEST		Spin	1788492475762	1788492475772	OK	 
REQUEST		Spin	1788492475764	1788492475772	OK	 
REQUEST		Spin	1788492475779	1788492475789	OK	 
REQUEST		Spin	1788492475786	1788492475795	OK	 
REQUEST		Spin	1788492475802	1788492475812	OK	 
REQUEST		Spin	1788492475812	1788492475820	OK	 
USER	naga777-grpc-player-journey	END	1788492475825
USER	naga777-grpc-player-journey	START	1788492475826
REQUEST		Join	1788492475826	1788492475832	OK	 
REQUEST		Spin	1788492475832	1788492475841	OK	 
REQUEST		Spin	1788492475841	1788492475847	OK	 
REQUEST		Spin	1788492475848	1788492475856	OK	 
USER	naga777-grpc-player-journey	END	1788492476086
USER	naga777-grpc-player-journey	START	1788492476086
REQUEST		Spin	1788492476070	1788492476088	OK	 
REQUEST		Spin	1788492476071	1788492476091	OK	 
REQUEST		Spin	1788492476072	1788492476091	OK	 
REQUEST		Spin	1788492476070	1788492476091	OK	 
REQUEST		Spin	1788492476070	1788492476096	OK	 
REQUEST		Join	1788492476086	1788492476100	OK	 
REQUEST		Spin	1788492476083	1788492476104	OK	 
REQUEST		Spin	1788492476084	1788492476104	OK	 
REQUEST		Spin	1788492476100	1788492476116	OK	 
REQUEST		Spin	1788492476110	1788492476126	OK	 
REQUEST		Spin	1788492476113	1788492476128	OK	 
REQUEST		Spin	1788492476116	1788492476129	OK	 
REQUEST		Spin	1788492476118	1788492476130	OK	 
REQUEST		Spin	1788492476119	1788492476132	OK	 
REQUEST		Spin	1788492476312	1788492476331	OK	 
REQUEST		Spin	1788492476312	1788492476331	OK	 
REQUEST		Spin	1788492476333	1788492476342	OK	 
REQUEST		Spin	1788492476353	1788492476361	OK	 
REQUEST		Spin	1788492476390	1788492476398	OK	 
REQUEST		Spin	1788492476401	1788492476409	OK	 
REQUEST		Spin	1788492476401	1788492476409	OK	 
REQUEST		Spin	1788492476401	1788492476409	OK	 
USER	naga777-grpc-player-journey	END	1788492476421
USER	naga777-grpc-player-journey	START	1788492476421
REQUEST		Join	1788492476421	1788492476427	OK	 
REQUEST		Spin	1788492476428	1788492476435	OK	 
REQUEST		Spin	1788492476434	1788492476443	OK	 
REQUEST		Spin	1788492476435	1788492476443	OK	 
REQUEST		Spin	1788492476440	1788492476447	OK	 
REQUEST		Spin	1788492476449	1788492476456	OK	 
REQUEST		Spin	1788492476556	1788492476565	OK	 
REQUEST		Spin	1788492476563	1788492476571	OK	 
REQUEST		Spin	1788492476609	1788492476617	OK	 
REQUEST		Spin	1788492476637	1788492476645	OK	 
REQUEST		Spin	1788492476725	1788492476735	OK	 
REQUEST		Spin	1788492476734	1788492476746	OK	 
REQUEST		Spin	1788492476737	1788492476746	OK	 
REQUEST		Spin	1788492476743	1788492476751	OK	 
USER	naga777-grpc-player-journey	END	1788492476759
USER	naga777-grpc-player-journey	START	1788492476759
REQUEST		Join	1788492476759	1788492476766	OK	 
REQUEST		Spin	1788492476766	1788492476775	OK	 
REQUEST		Spin	1788492476769	1788492476777	OK	 
REQUEST		Spin	1788492476770	1788492476778	OK	 
REQUEST		Spin	1788492476772	1788492476780	OK	 
REQUEST		Spin	1788492476775	1788492476783	OK	 
REQUEST		Spin	1788492476805	1788492476814	OK	 
REQUEST		Spin	1788492476822	1788492476830	OK	 
REQUEST		Spin	1788492476822	1788492476830	OK	 
REQUEST		Spin	1788492476844	1788492476852	OK	 
REQUEST		Spin	1788492477059	1788492477071	OK	 
REQUEST		Spin	1788492477073	1788492477075	OK	 
REQUEST		Spin	1788492477067	1788492477080	OK	 
REQUEST		Spin	1788492477071	1788492477082	OK	 
REQUEST		Spin	1788492477073	1788492477084	OK	 
REQUEST		Spin	1788492477074	1788492477085	OK	 
USER	naga777-grpc-player-journey	END	1788492477092
USER	naga777-grpc-player-journey	START	1788492477092
REQUEST		Join	1788492477093	1788492477098	OK	 
REQUEST		Spin	1788492477099	1788492477107	OK	 
REQUEST		Spin	1788492477108	1788492477116	OK	 
REQUEST		Spin	1788492477110	1788492477119	OK	 
REQUEST		Spin	1788492477109	1788492477119	OK	 
REQUEST		Spin	1788492477111	1788492477119	OK	 
REQUEST		Spin	1788492477112	1788492477122	OK	 
REQUEST		Spin	1788492477114	1788492477122	OK	 
REQUEST		Spin	1788492477316	1788492477336	OK	 
REQUEST		Spin	1788492477331	1788492477340	OK	 
REQUEST		Spin	1788492477359	1788492477369	OK	 
REQUEST		Spin	1788492477357	1788492477369	OK	 
REQUEST		Spin	1788492477394	1788492477404	OK	 
REQUEST		Spin	1788492477392	1788492477404	OK	 
REQUEST		Spin	1788492477394	1788492477404	OK	 
USER	naga777-grpc-player-journey	END	1788492477405
USER	naga777-grpc-player-journey	START	1788492477406
REQUEST		Spin	1788492477400	1788492477410	OK	 
REQUEST		Join	1788492477406	1788492477411	OK	 
REQUEST		Spin	1788492477411	1788492477419	OK	 
REQUEST		Spin	1788492477419	1788492477426	OK	 
REQUEST		Spin	1788492477423	1788492477431	OK	 
REQUEST		Spin	1788492477429	1788492477436	OK	 
REQUEST		Spin	1788492477431	1788492477438	OK	 
REQUEST		Spin	1788492477554	1788492477566	OK	 
REQUEST		Spin	1788492477575	1788492477588	OK	 
REQUEST		Spin	1788492477600	1788492477612	OK	 
REQUEST		Spin	1788492477606	1788492477616	OK	 
REQUEST		Spin	1788492477732	1788492477743	OK	 
REQUEST		Spin	1788492477734	1788492477743	OK	 
USER	naga777-grpc-player-journey	END	1788492477744
USER	naga777-grpc-player-journey	START	1788492477744
REQUEST		Spin	1788492477740	1788492477750	OK	 
REQUEST		Join	1788492477745	1788492477751	OK	 
REQUEST		Spin	1788492477747	1788492477758	OK	 
REQUEST		Spin	1788492477751	1788492477762	OK	 
REQUEST		Spin	1788492477762	1788492477771	OK	 
REQUEST		Spin	1788492477766	1788492477774	OK	 
REQUEST		Spin	1788492477776	1788492477783	OK	 
REQUEST		Spin	1788492477791	1788492477798	OK	 
REQUEST		Spin	1788492477810	1788492477819	OK	 
REQUEST		Spin	1788492477816	1788492477824	OK	 
REQUEST		Spin	1788492477847	1788492477856	OK	 
REQUEST		Spin	1788492477850	1788492477857	OK	 
REQUEST		Spin	1788492478054	1788492478076	OK	 
USER	naga777-grpc-player-journey	END	1788492478081
USER	naga777-grpc-player-journey	START	1788492478081
REQUEST		Spin	1788492478063	1788492478083	OK	 
REQUEST		Spin	1788492478072	1788492478093	OK	 
REQUEST		Spin	1788492478074	1788492478095	OK	 
REQUEST		Join	1788492478082	1788492478097	OK	 
REQUEST		Spin	1788492478080	1788492478099	OK	 
REQUEST		Spin	1788492478083	1788492478102	OK	 
REQUEST		Spin	1788492478098	1788492478109	OK	 
REQUEST		Spin	1788492478101	1788492478113	OK	 
REQUEST		Spin	1788492478103	1788492478114	OK	 
REQUEST		Spin	1788492478103	1788492478114	OK	 
REQUEST		Spin	1788492478104	1788492478116	OK	 
REQUEST		Spin	1788492478109	1788492478118	OK	 
REQUEST		Spin	1788492478107	1788492478118	OK	 
REQUEST		Spin	1788492478312	1788492478324	OK	 
USER	naga777-grpc-player-journey	END	1788492478333
USER	naga777-grpc-player-journey	START	1788492478333
REQUEST		Spin	1788492478327	1788492478336	OK	 
REQUEST		Join	1788492478333	1788492478339	OK	 
REQUEST		Spin	1788492478339	1788492478347	OK	 
REQUEST		Spin	1788492478347	1788492478356	OK	 
REQUEST		Spin	1788492478366	1788492478375	OK	 
REQUEST		Spin	1788492478390	1788492478399	OK	 
REQUEST		Spin	1788492478397	1788492478406	OK	 
REQUEST		Spin	1788492478400	1788492478410	OK	 
REQUEST		Spin	1788492478403	1788492478410	OK	 
REQUEST		Spin	1788492478412	1788492478419	OK	 
REQUEST		Spin	1788492478419	1788492478426	OK	 
REQUEST		Spin	1788492478432	1788492478438	OK	 
REQUEST		Spin	1788492478441	1788492478448	OK	 
USER	naga777-grpc-player-journey	END	1788492478577
USER	naga777-grpc-player-journey	START	1788492478578
REQUEST		Spin	1788492478570	1788492478582	OK	 
REQUEST		Join	1788492478578	1788492478585	OK	 
REQUEST		Spin	1788492478582	1788492478591	OK	 
REQUEST		Spin	1788492478585	1788492478593	OK	 
REQUEST		Spin	1788492478593	1788492478602	OK	 
REQUEST		Spin	1788492478604	1788492478614	OK	 
REQUEST		Spin	1788492478727	1788492478737	OK	 
REQUEST		Spin	1788492478737	1788492478746	OK	 
REQUEST		Spin	1788492478738	1788492478747	OK	 
REQUEST		Spin	1788492478751	1788492478763	OK	 
REQUEST		Spin	1788492478762	1788492478772	OK	 
REQUEST		Spin	1788492478765	1788492478774	OK	 
REQUEST		Spin	1788492478800	1788492478810	OK	 
REQUEST		Spin	1788492478803	1788492478812	OK	 
REQUEST		Spin	1788492478807	1788492478818	OK	 
USER	naga777-grpc-player-journey	END	1788492478822
USER	naga777-grpc-player-journey	START	1788492478823
REQUEST		Spin	1788492478818	1788492478827	OK	 
REQUEST		Join	1788492478823	1788492478829	OK	 
REQUEST		Spin	1788492478829	1788492478839	OK	 
REQUEST		Spin	1788492478839	1788492478849	OK	 
REQUEST		Spin	1788492478849	1788492478858	OK	 
REQUEST		Spin	1788492479061	1788492479075	OK	 
REQUEST		Spin	1788492479061	1788492479078	OK	 
USER	naga777-grpc-player-journey	END	1788492479080
USER	naga777-grpc-player-journey	START	1788492479080
REQUEST		Spin	1788492479068	1788492479081	OK	 
REQUEST		Spin	1788492479071	1788492479084	OK	 
REQUEST		Join	1788492479080	1788492479087	OK	 
REQUEST		Spin	1788492479077	1788492479088	OK	 
REQUEST		Spin	1788492479084	1788492479095	OK	 
REQUEST		Spin	1788492479088	1788492479098	OK	 
REQUEST		Spin	1788492479091	1788492479102	OK	 
REQUEST		Spin	1788492479098	1788492479106	OK	 
REQUEST		Spin	1788492479105	1788492479111	OK	 
REQUEST		Spin	1788492479121	1788492479129	OK	 
REQUEST		Spin	1788492479119	1788492479129	OK	 
REQUEST		Spin	1788492479121	1788492479129	OK	 
REQUEST		Spin	1788492479327	1788492479342	OK	 
REQUEST		Spin	1788492479323	1788492479342	OK	 
REQUEST		Spin	1788492479344	1788492479354	OK	 
REQUEST		Spin	1788492479355	1788492479365	OK	 
USER	naga777-grpc-player-journey	END	1788492479402
USER	naga777-grpc-player-journey	START	1788492479402
REQUEST		Spin	1788492479390	1788492479402	OK	 
REQUEST		Spin	1788492479389	1788492479402	OK	 
REQUEST		Spin	1788492479397	1788492479410	OK	 
REQUEST		Join	1788492479402	1788492479410	OK	 
REQUEST		Spin	1788492479398	1788492479412	OK	 
REQUEST		Spin	1788492479411	1788492479419	OK	 
REQUEST		Spin	1788492479419	1788492479429	OK	 
REQUEST		Spin	1788492479426	1788492479435	OK	 
REQUEST		Spin	1788492479426	1788492479436	OK	 
REQUEST		Spin	1788492479429	1788492479437	OK	 
REQUEST		Spin	1788492479560	1788492479571	OK	 
REQUEST		Spin	1788492479586	1788492479595	OK	 
REQUEST		Spin	1788492479612	1788492479622	OK	 
REQUEST		Spin	1788492479633	1788492479643	OK	 
USER	naga777-grpc-player-journey	END	1788492479746
USER	naga777-grpc-player-journey	START	1788492479746
REQUEST		Spin	1788492479724	1788492479746	OK	 
REQUEST		Spin	1788492479729	1788492479746	OK	 
REQUEST		Spin	1788492479729	1788492479746	OK	 
REQUEST		Join	1788492479746	1788492479753	OK	 
REQUEST		Spin	1788492479740	1788492479754	OK	 
REQUEST		Spin	1788492479754	1788492479764	OK	 
REQUEST		Spin	1788492479758	1788492479770	OK	 
REQUEST		Spin	1788492479762	1788492479771	OK	 
REQUEST		Spin	1788492479764	1788492479774	OK	 
REQUEST		Spin	1788492479776	1788492479785	OK	 
REQUEST		Spin	1788492479815	1788492479827	OK	 
REQUEST		Spin	1788492479815	1788492479827	OK	 
REQUEST		Spin	1788492479850	1788492479859	OK	 
REQUEST		Spin	1788492479858	1788492479865	OK	 
USER	naga777-grpc-player-journey	END	1788492480075
USER	naga777-grpc-player-journey	START	1788492480075
REQUEST		Join	1788492480076	1788492480096	OK	 
REQUEST		Spin	1788492480072	1788492480102	OK	 
REQUEST		Spin	1788492480072	1788492480102	OK	 
REQUEST		Spin	1788492480072	1788492480102	OK	 
REQUEST		Spin	1788492480077	1788492480102	OK	 
REQUEST		Spin	1788492480081	1788492480102	OK	 
REQUEST		Spin	1788492480073	1788492480103	OK	 
REQUEST		Spin	1788492480085	1788492480108	OK	 
REQUEST		Spin	1788492480096	1788492480110	OK	 
REQUEST		Spin	1788492480101	1788492480114	OK	 
REQUEST		Spin	1788492480110	1788492480119	OK	 
REQUEST		Spin	1788492480115	1788492480124	OK	 
REQUEST		Spin	1788492480117	1788492480125	OK	 
REQUEST		Spin	1788492480124	1788492480132	OK	 
REQUEST		Spin	1788492480318	1788492480327	OK	 
REQUEST		Spin	1788492480317	1788492480327	OK	 
REQUEST		Spin	1788492480341	1788492480348	OK	 
REQUEST		Spin	1788492480352	1788492480359	OK	 
REQUEST		Spin	1788492480394	1788492480400	OK	 
REQUEST		Spin	1788492480391	1788492480401	OK	 
USER	naga777-grpc-player-journey	END	1788492480407
USER	naga777-grpc-player-journey	START	1788492480407
REQUEST		Spin	1788492480401	1788492480407	OK	 
REQUEST		Spin	1788492480400	1788492480407	OK	 
REQUEST		Join	1788492480408	1788492480413	OK	 
REQUEST		Spin	1788492480413	1788492480420	OK	 
REQUEST		Spin	1788492480421	1788492480428	OK	 
REQUEST		Spin	1788492480430	1788492480439	OK	 
REQUEST		Spin	1788492480431	1788492480439	OK	 
REQUEST		Spin	1788492480439	1788492480445	OK	 
REQUEST		Spin	1788492480558	1788492480572	OK	 
REQUEST		Spin	1788492480574	1788492480585	OK	 
REQUEST		Spin	1788492480596	1788492480606	OK	 
REQUEST		Spin	1788492480608	1788492480616	OK	 
USER	naga777-grpc-player-journey	END	1788492480735
USER	naga777-grpc-player-journey	START	1788492480735
REQUEST		Join	1788492480735	1788492480743	OK	 
REQUEST		Spin	1788492480729	1788492480743	OK	 
REQUEST		Spin	1788492480731	1788492480744	OK	 
REQUEST		Spin	1788492480735	1788492480746	OK	 
REQUEST		Spin	1788492480743	1788492480753	OK	 
REQUEST		Spin	1788492480753	1788492480761	OK	 
REQUEST		Spin	1788492480762	1788492480770	OK	 
REQUEST		Spin	1788492480765	1788492480773	OK	 
REQUEST		Spin	1788492480780	1788492480788	OK	 
REQUEST		Spin	1788492480787	1788492480794	OK	 
REQUEST		Spin	1788492480803	1788492480812	OK	 
REQUEST		Spin	1788492480813	1788492480820	OK	 
REQUEST		Spin	1788492480842	1788492480851	OK	 
REQUEST		Spin	1788492480849	1788492480857	OK	 
USER	naga777-grpc-player-journey	END	1788492481071
USER	naga777-grpc-player-journey	START	1788492481071
REQUEST		Join	1788492481071	1788492481097	OK	 
REQUEST		Spin	1788492481071	1788492481100	OK	 
REQUEST		Spin	1788492481072	1788492481102	OK	 
REQUEST		Spin	1788492481071	1788492481103	OK	 
REQUEST		Spin	1788492481073	1788492481103	OK	 
REQUEST		Spin	1788492481086	1788492481108	OK	 
REQUEST		Spin	1788492481086	1788492481108	OK	 
REQUEST		Spin	1788492481097	1788492481112	OK	 
REQUEST		Spin	1788492481112	1788492481127	OK	 
REQUEST		Spin	1788492481112	1788492481127	OK	 
REQUEST		Spin	1788492481113	1788492481128	OK	 
REQUEST		Spin	1788492481117	1788492481131	OK	 
REQUEST		Spin	1788492481119	1788492481132	OK	 
REQUEST		Spin	1788492481120	1788492481132	OK	 
USER	naga777-grpc-player-journey	END	1788492481334
USER	naga777-grpc-player-journey	START	1788492481334
REQUEST		Spin	1788492481314	1788492481337	OK	 
REQUEST		Spin	1788492481314	1788492481337	OK	 
REQUEST		Join	1788492481335	1788492481343	OK	 
REQUEST		Spin	1788492481344	1788492481357	OK	 
REQUEST		Spin	1788492481356	1788492481366	OK	 
REQUEST		Spin	1788492481357	1788492481369	OK	 
REQUEST		Spin	1788492481394	1788492481409	OK	 
REQUEST		Spin	1788492481403	1788492481418	OK	 
REQUEST		Spin	1788492481404	1788492481418	OK	 
REQUEST		Spin	1788492481402	1788492481418	OK	 
REQUEST		Spin	1788492481437	1788492481455	OK	 
REQUEST		Spin	1788492481436	1788492481455	OK	 
REQUEST		Spin	1788492481455	1788492481464	OK	 
REQUEST		Spin	1788492481455	1788492481464	OK	 
REQUEST		Spin	1788492481557	1788492481569	OK	 
REQUEST		Spin	1788492481564	1788492481573	OK	 
USER	naga777-grpc-player-journey	END	1788492481610
USER	naga777-grpc-player-journey	START	1788492481610
REQUEST		Join	1788492481610	1788492481618	OK	 
REQUEST		Spin	1788492481619	1788492481629	OK	 
REQUEST		Spin	1788492481629	1788492481639	OK	 
REQUEST		Spin	1788492481638	1788492481645	OK	 
REQUEST		Spin	1788492481727	1788492481741	OK	 
REQUEST		Spin	1788492481735	1788492481748	OK	 
REQUEST		Spin	1788492481738	1788492481749	OK	 
REQUEST		Spin	1788492481745	1788492481755	OK	 
REQUEST		Spin	1788492481773	1788492481786	OK	 
REQUEST		Spin	1788492481772	1788492481786	OK	 
REQUEST		Spin	1788492481774	1788492481788	OK	 
REQUEST		Spin	1788492481777	1788492481788	OK	 
REQUEST		Spin	1788492481806	1788492481819	OK	 
USER	naga777-grpc-player-journey	END	1788492481824
USER	naga777-grpc-player-journey	START	1788492481824
REQUEST		Join	1788492481824	1788492481831	OK	 
REQUEST		Spin	1788492481824	1788492481836	OK	 
REQUEST		Spin	1788492481832	1788492481843	OK	 
REQUEST		Spin	1788492481843	1788492481851	OK	 
REQUEST		Spin	1788492481844	1788492481851	OK	 
USER	naga777-grpc-player-journey	END	1788492482074
USER	naga777-grpc-player-journey	START	1788492482074
REQUEST		Spin	1788492482060	1788492482077	OK	 
REQUEST		Spin	1788492482076	1788492482077	OK	 
REQUEST		Spin	1788492482068	1788492482080	OK	 
REQUEST		Join	1788492482075	1788492482085	OK	 
REQUEST		Spin	1788492482072	1788492482085	OK	 
REQUEST		Spin	1788492482076	1788492482089	OK	 
REQUEST		Spin	1788492482085	1788492482095	OK	 
REQUEST		Spin	1788492482095	1788492482104	OK	 
REQUEST		Spin	1788492482109	1788492482122	OK	 
REQUEST		Spin	1788492482112	1788492482122	OK	 
REQUEST		Spin	1788492482111	1788492482123	OK	 
REQUEST		Spin	1788492482112	1788492482123	OK	 
REQUEST		Spin	1788492482112	1788492482124	OK	 
REQUEST		Spin	1788492482116	1788492482127	OK	 
REQUEST		Spin	1788492482316	1788492482333	OK	 
REQUEST		Spin	1788492482332	1788492482342	OK	 
REQUEST		Spin	1788492482358	1788492482368	OK	 
REQUEST		Spin	1788492482360	1788492482371	OK	 
USER	naga777-grpc-player-journey	END	1788492482400
USER	naga777-grpc-player-journey	START	1788492482400
REQUEST		Spin	1788492482394	1788492482406	OK	 
REQUEST		Spin	1788492482394	1788492482406	OK	 
REQUEST		Spin	1788492482395	1788492482408	OK	 
REQUEST		Join	1788492482400	1788492482408	OK	 
REQUEST		Spin	1788492482408	1788492482421	OK	 
REQUEST		Spin	1788492482421	1788492482437	OK	 
REQUEST		Spin	1788492482420	1788492482438	OK	 
REQUEST		Spin	1788492482423	1788492482443	OK	 
REQUEST		Spin	1788492482431	1788492482448	OK	 
REQUEST		Spin	1788492482431	1788492482448	OK	 
REQUEST		Spin	1788492482556	1788492482566	OK	 
REQUEST		Spin	1788492482577	1788492482585	OK	 
REQUEST		Spin	1788492482601	1788492482610	OK	 
REQUEST		Spin	1788492482608	1788492482616	OK	 
USER	naga777-grpc-player-journey	END	1788492482741
USER	naga777-grpc-player-journey	START	1788492482741
REQUEST		Spin	1788492482735	1788492482746	OK	 
REQUEST		Spin	1788492482734	1788492482746	OK	 
REQUEST		Join	1788492482741	1788492482749	OK	 
REQUEST		Spin	1788492482748	1788492482758	OK	 
REQUEST		Spin	1788492482749	1788492482761	OK	 
REQUEST		Spin	1788492482762	1788492482780	OK	 
REQUEST		Spin	1788492482764	1788492482781	OK	 
REQUEST		Spin	1788492482768	1788492482783	OK	 
REQUEST		Spin	1788492482778	1788492482788	OK	 
REQUEST		Spin	1788492482792	1788492482801	OK	 
REQUEST		Spin	1788492482811	1788492482820	OK	 
REQUEST		Spin	1788492482818	1788492482826	OK	 
REQUEST		Spin	1788492482848	1788492482856	OK	 
REQUEST		Spin	1788492482850	1788492482858	OK	 
USER	naga777-grpc-player-journey	END	1788492483075
USER	naga777-grpc-player-journey	START	1788492483075
REQUEST		Spin	1788492483054	1788492483079	OK	 
REQUEST		Spin	1788492483065	1788492483086	OK	 
REQUEST		Join	1788492483075	1788492483089	OK	 
REQUEST		Spin	1788492483074	1788492483096	OK	 
REQUEST		Spin	1788492483085	1788492483099	OK	 
REQUEST		Spin	1788492483081	1788492483099	OK	 
REQUEST		Spin	1788492483089	1788492483102	OK	 
REQUEST		Spin	1788492483102	1788492483113	OK	 
REQUEST		Spin	1788492483103	1788492483114	OK	 
REQUEST		Spin	1788492483105	1788492483114	OK	 
REQUEST		Spin	1788492483105	1788492483116	OK	 
REQUEST		Spin	1788492483104	1788492483116	OK	 
REQUEST		Spin	1788492483108	1788492483119	OK	 
REQUEST		Spin	1788492483110	1788492483119	OK	 
REQUEST		Spin	1788492483314	1788492483336	OK	 
REQUEST		Spin	1788492483327	1788492483343	OK	 
REQUEST		Spin	1788492483348	1788492483364	OK	 
REQUEST		Spin	1788492483367	1788492483378	OK	 
USER	naga777-grpc-player-journey	END	1788492483401
USER	naga777-grpc-player-journey	START	1788492483401
REQUEST		Spin	1788492483392	1788492483407	OK	 
REQUEST		Join	1788492483401	1788492483409	OK	 
REQUEST		Spin	1788492483398	1788492483411	OK	 
REQUEST		Spin	1788492483405	1788492483415	OK	 
REQUEST		Spin	1788492483409	1788492483418	OK	 
REQUEST		Spin	1788492483414	1788492483425	OK	 
REQUEST		Spin	1788492483418	1788492483426	OK	 
REQUEST		Spin	1788492483420	1788492483428	OK	 
REQUEST		Spin	1788492483433	1788492483442	OK	 
REQUEST		Spin	1788492483442	1788492483450	OK	 
REQUEST		Spin	1788492483571	1788492483584	OK	 
REQUEST		Spin	1788492483583	1788492483596	OK	 
REQUEST		Spin	1788492483595	1788492483611	OK	 
REQUEST		Spin	1788492483605	1788492483619	OK	 
REQUEST		Spin	1788492483728	1788492483739	OK	 
REQUEST		Spin	1788492483738	1788492483748	OK	 
REQUEST		Spin	1788492483740	1788492483749	OK	 
REQUEST		Spin	1788492483752	1788492483761	OK	 
USER	naga777-grpc-player-journey	END	1788492483764
USER	naga777-grpc-player-journey	START	1788492483765
REQUEST		Join	1788492483765	1788492483772	OK	 
REQUEST		Spin	1788492483766	1788492483775	OK	 
REQUEST		Spin	1788492483773	1788492483780	OK	 
REQUEST		Spin	1788492483780	1788492483787	OK	 
REQUEST		Spin	1788492483801	1788492483811	OK	 
REQUEST		Spin	1788492483805	1788492483814	OK	 
REQUEST		Spin	1788492483809	1788492483817	OK	 
REQUEST		Spin	1788492483818	1788492483826	OK	 
REQUEST		Spin	1788492483840	1788492483849	OK	 
REQUEST		Spin	1788492483850	1788492483857	OK	 
USER	naga777-grpc-player-journey	END	1788492484072
USER	naga777-grpc-player-journey	START	1788492484072
REQUEST		Spin	1788492484062	1788492484082	OK	 
REQUEST		Join	1788492484072	1788492484083	OK	 
REQUEST		Spin	1788492484063	1788492484083	OK	 
REQUEST		Spin	1788492484069	1788492484087	OK	 
REQUEST		Spin	1788492484079	1788492484092	OK	 
REQUEST		Spin	1788492484083	1788492484094	OK	 
REQUEST		Spin	1788492484085	1788492484096	OK	 
REQUEST		Spin	1788492484093	1788492484104	OK	 
REQUEST		Spin	1788492484095	1788492484105	OK	 
REQUEST		Spin	1788492484100	1788492484109	OK	 
REQUEST		Spin	1788492484106	1788492484114	OK	 
REQUEST		Spin	1788492484120	1788492484129	OK	 
REQUEST		Spin	1788492484122	1788492484136	OK	 
REQUEST		Spin	1788492484123	1788492484136	OK	 
USER	naga777-grpc-player-journey	END	1788492484324
USER	naga777-grpc-player-journey	START	1788492484324
REQUEST		Join	1788492484325	1788492484336	OK	 
REQUEST		Spin	1788492484329	1788492484344	OK	 
REQUEST		Spin	1788492484336	1788492484349	OK	 
REQUEST		Spin	1788492484345	1788492484355	OK	 
REQUEST		Spin	1788492484349	1788492484358	OK	 
REQUEST		Spin	1788492484357	1788492484365	OK	 
REQUEST		Spin	1788492484391	1788492484399	OK	 
REQUEST		Spin	1788492484391	1788492484400	OK	 
REQUEST		Spin	1788492484397	1788492484404	OK	 
REQUEST		Spin	1788492484399	1788492484407	OK	 
REQUEST		Spin	1788492484420	1788492484427	OK	 
REQUEST		Spin	1788492484428	1788492484435	OK	 
REQUEST		Spin	1788492484428	1788492484435	OK	 
REQUEST		Spin	1788492484431	1788492484438	OK	 
REQUEST		Spin	1788492484561	1788492484574	OK	 
USER	naga777-grpc-player-journey	END	1788492484588
USER	naga777-grpc-player-journey	START	1788492484588
REQUEST		Join	1788492484589	1788492484597	OK	 
REQUEST		Spin	1788492484597	1788492484606	OK	 
REQUEST		Spin	1788492484606	1788492484614	OK	 
REQUEST		Spin	1788492484614	1788492484622	OK	 
REQUEST		Spin	1788492484635	1788492484643	OK	 
REQUEST		Spin	1788492484725	1788492484735	OK	 
REQUEST		Spin	1788492484730	1788492484740	OK	 
REQUEST		Spin	1788492484731	1788492484740	OK	 
REQUEST		Spin	1788492484742	1788492484750	OK	 
REQUEST		Spin	1788492484758	1788492484766	OK	 
REQUEST		Spin	1788492484764	1788492484772	OK	 
REQUEST		Spin	1788492484766	1788492484773	OK	 
REQUEST		Spin	1788492484777	1788492484787	OK	 
USER	naga777-grpc-player-journey	END	1788492484816
USER	naga777-grpc-player-journey	START	1788492484816
REQUEST		Join	1788492484816	1788492484823	OK	 
REQUEST		Spin	1788492484816	1788492484826	OK	 
REQUEST		Spin	1788492484823	1788492484831	OK	 
REQUEST		Spin	1788492484831	1788492484839	OK	 
REQUEST		Spin	1788492484852	1788492484860	OK	 
REQUEST		Spin	1788492484859	1788492484867	OK	 
USER	naga777-grpc-player-journey	END	1788492485083
USER	naga777-grpc-player-journey	START	1788492485083
REQUEST		Spin	1788492485073	1788492485104	OK	 
REQUEST		Spin	1788492485073	1788492485104	OK	 
REQUEST		Spin	1788492485073	1788492485104	OK	 
REQUEST		Join	1788492485083	1788492485104	OK	 
REQUEST		Spin	1788492485085	1788492485106	OK	 
REQUEST		Spin	1788492485079	1788492485107	OK	 
REQUEST		Spin	1788492485074	1788492485108	OK	 
REQUEST		Spin	1788492485101	1788492485113	OK	 
REQUEST		Spin	1788492485104	1788492485115	OK	 
REQUEST		Spin	1788492485111	1788492485120	OK	 
REQUEST		Spin	1788492485115	1788492485123	OK	 
REQUEST		Spin	1788492485117	1788492485125	OK	 
REQUEST		Spin	1788492485118	1788492485127	OK	 
REQUEST		Spin	1788492485125	1788492485132	OK	 
REQUEST		Spin	1788492485319	1788492485338	OK	 
REQUEST		Spin	1788492485319	1788492485347	OK	 
REQUEST		Spin	1788492485343	1788492485357	OK	 
REQUEST		Spin	1788492485354	1788492485363	OK	 
REQUEST		Spin	1788492485392	1788492485401	OK	 
USER	naga777-grpc-player-journey	END	1788492485402
USER	naga777-grpc-player-journey	START	1788492485402
REQUEST		Spin	1788492485396	1788492485404	OK	 
REQUEST		Join	1788492485402	1788492485410	OK	 
REQUEST		Spin	1788492485402	1788492485413	OK	 
REQUEST		Spin	1788492485410	1788492485417	OK	 
REQUEST		Spin	1788492485417	1788492485422	OK	 
REQUEST		Spin	1788492485422	1788492485426	OK	 
REQUEST		Spin	1788492485432	1788492485440	OK	 
REQUEST		Spin	1788492485433	1788492485440	OK	 
REQUEST		Spin	1788492485436	1788492485443	OK	 
REQUEST		Spin	1788492485560	1788492485567	OK	 
REQUEST		Spin	1788492485575	1788492485583	OK	 
REQUEST		Spin	1788492485598	1788492485605	OK	 
REQUEST		Spin	1788492485609	1788492485613	OK	 
REQUEST		Spin	1788492485733	1788492485740	OK	 
REQUEST		Spin	1788492485731	1788492485740	OK	 
REQUEST		Spin	1788492485735	1788492485743	OK	 
REQUEST		Spin	1788492485754	1788492485763	OK	 
USER	naga777-grpc-player-journey	END	1788492485766
USER	naga777-grpc-player-journey	START	1788492485766
REQUEST		Join	1788492485766	1788492485772	OK	 
REQUEST		Spin	1788492485763	1788492485772	OK	 
REQUEST		Spin	1788492485772	1788492485779	OK	 
REQUEST		Spin	1788492485780	1788492485785	OK	 
REQUEST		Spin	1788492485782	1788492485788	OK	 
REQUEST		Spin	1788492485789	1788492485794	OK	 
REQUEST		Spin	1788492485804	1788492485810	OK	 
REQUEST		Spin	1788492485815	1788492485819	OK	 
REQUEST		Spin	1788492485844	1788492485851	OK	 
REQUEST		Spin	1788492485849	1788492485857	OK	 
USER	naga777-grpc-player-journey	END	1788492486087
USER	naga777-grpc-player-journey	START	1788492486087
REQUEST		Join	1788492486088	1788492486099	OK	 
REQUEST		Spin	1788492486078	1788492486104	OK	 
REQUEST		Spin	1788492486078	1788492486104	OK	 
REQUEST		Spin	1788492486078	1788492486104	OK	 
REQUEST		Spin	1788492486075	1788492486104	OK	 
REQUEST		Spin	1788492486088	1788492486106	OK	 
REQUEST		Spin	1788492486099	1788492486111	OK	 
REQUEST		Spin	1788492486112	1788492486123	OK	 
REQUEST		Spin	1788492486113	1788492486123	OK	 
REQUEST		Spin	1788492486113	1788492486124	OK	 
REQUEST		Spin	1788492486113	1788492486124	OK	 
REQUEST		Spin	1788492486120	1788492486129	OK	 
REQUEST		Spin	1788492486119	1788492486130	OK	 
REQUEST		Spin	1788492486120	1788492486130	OK	 
REQUEST		Spin	1788492486316	1788492486336	OK	 
REQUEST		Spin	1788492486316	1788492486336	OK	 
REQUEST		Spin	1788492486356	1788492486369	OK	 
REQUEST		Spin	1788492486359	1788492486370	OK	 
USER	naga777-grpc-player-journey	END	1788492486403
USER	naga777-grpc-player-journey	START	1788492486403
REQUEST		Spin	1788492486397	1788492486409	OK	 
REQUEST		Join	1788492486403	1788492486411	OK	 
REQUEST		Spin	1788492486404	1788492486416	OK	 
REQUEST		Spin	1788492486406	1788492486419	OK	 
REQUEST		Spin	1788492486411	1788492486423	OK	 
REQUEST		Spin	1788492486423	1788492486432	OK	 
REQUEST		Spin	1788492486438	1788492486444	OK	 
REQUEST		Spin	1788492486437	1788492486444	OK	 
REQUEST		Spin	1788492486457	1788492486465	OK	 
REQUEST		Spin	1788492486457	1788492486465	OK	 
REQUEST		Spin	1788492486558	1788492486570	OK	 
REQUEST		Spin	1788492486566	1788492486576	OK	 
REQUEST		Spin	1788492486630	1788492486639	OK	 
REQUEST		Spin	1788492486639	1788492486647	OK	 
REQUEST		Spin	1788492486729	1788492486742	OK	 
USER	naga777-grpc-player-journey	END	1788492486747
REQUEST		Spin	1788492486736	1788492486747	OK	 
USER	naga777-grpc-player-journey	START	1788492486747
REQUEST		Spin	1788492486740	1788492486749	OK	 
REQUEST		Join	1788492486747	1788492486755	OK	 
REQUEST		Spin	1788492486756	1788492486764	OK	 
REQUEST		Spin	1788492486764	1788492486771	OK	 
REQUEST		Spin	1788492486772	1788492486780	OK	 
REQUEST		Spin	1788492486774	1788492486782	OK	 
REQUEST		Spin	1788492486775	1788492486783	OK	 
REQUEST		Spin	1788492486777	1788492486785	OK	 
REQUEST		Spin	1788492486807	1788492486814	OK	 
REQUEST		Spin	1788492486826	1788492486833	OK	 
REQUEST		Spin	1788492486844	1788492486852	OK	 
REQUEST		Spin	1788492486845	1788492486852	OK	 
USER	naga777-grpc-player-journey	END	1788492487077
USER	naga777-grpc-player-journey	START	1788492487077
REQUEST		Spin	1788492487060	1788492487082	OK	 
REQUEST		Spin	1788492487070	1788492487084	OK	 
REQUEST		Join	1788492487077	1788492487086	OK	 
REQUEST		Spin	1788492487073	1788492487088	OK	 
REQUEST		Spin	1788492487077	1788492487090	OK	 
REQUEST		Spin	1788492487086	1788492487096	OK	 
REQUEST		Spin	1788492487096	1788492487105	OK	 
REQUEST		Spin	1788492487096	1788492487105	OK	 
REQUEST		Spin	1788492487110	1788492487119	OK	 
REQUEST		Spin	1788492487112	1788492487120	OK	 
REQUEST		Spin	1788492487113	1788492487122	OK	 
REQUEST		Spin	1788492487114	1788492487123	OK	 
REQUEST		Spin	1788492487114	1788492487123	OK	 
REQUEST		Spin	1788492487117	1788492487126	OK	 
USER	naga777-grpc-player-journey	END	1788492487334
USER	naga777-grpc-player-journey	START	1788492487334
REQUEST		Spin	1788492487317	1788492487337	OK	 
REQUEST		Join	1788492487335	1788492487342	OK	 
REQUEST		Spin	1788492487343	1788492487353	OK	 
REQUEST		Spin	1788492487353	1788492487360	OK	 
REQUEST		Spin	1788492487359	1788492487369	OK	 
REQUEST		Spin	1788492487362	1788492487371	OK	 
REQUEST		Spin	1788492487396	1788492487404	OK	 
REQUEST		Spin	1788492487396	1788492487405	OK	 
REQUEST		Spin	1788492487395	1788492487405	OK	 
REQUEST		Spin	1788492487422	1788492487431	OK	 
REQUEST		Spin	1788492487423	1788492487431	OK	 
REQUEST		Spin	1788492487424	1788492487432	OK	 
REQUEST		Spin	1788492487432	1788492487439	OK	 
REQUEST		Spin	1788492487432	1788492487439	OK	 
REQUEST		Spin	1788492487557	1788492487570	OK	 
USER	naga777-grpc-player-journey	END	1788492487577
USER	naga777-grpc-player-journey	START	1788492487578
REQUEST		Join	1788492487578	1788492487585	OK	 
REQUEST		Spin	1788492487585	1788492487595	OK	 
REQUEST		Spin	1788492487595	1788492487602	OK	 
REQUEST		Spin	1788492487603	1788492487610	OK	 
REQUEST		Spin	1788492487609	1788492487615	OK	 
REQUEST		Spin	1788492487736	1788492487746	OK	 
REQUEST		Spin	1788492487736	1788492487746	OK	 
REQUEST		Spin	1788492487753	1788492487760	OK	 
REQUEST		Spin	1788492487764	1788492487773	OK	 
REQUEST		Spin	1788492487765	1788492487773	OK	 
REQUEST		Spin	1788492487770	1788492487778	OK	 
REQUEST		Spin	1788492487780	1788492487788	OK	 
REQUEST		Spin	1788492487794	1788492487801	OK	 
USER	naga777-grpc-player-journey	END	1788492487813
USER	naga777-grpc-player-journey	START	1788492487813
REQUEST		Join	1788492487813	1788492487818	OK	 
REQUEST		Spin	1788492487819	1788492487827	OK	 
REQUEST		Spin	1788492487818	1788492487827	OK	 
REQUEST		Spin	1788492487827	1788492487834	OK	 
REQUEST		Spin	1788492487849	1788492487859	OK	 
REQUEST		Spin	1788492487851	1788492487859	OK	 
REQUEST		Spin	1788492488056	1788492488073	OK	 
USER	naga777-grpc-player-journey	END	1788492488074
USER	naga777-grpc-player-journey	START	1788492488074
REQUEST		Spin	1788492488066	1788492488077	OK	 
REQUEST		Join	1788492488074	1788492488081	OK	 
REQUEST		Spin	1788492488081	1788492488093	OK	 
REQUEST		Spin	1788492488083	1788492488093	OK	 
REQUEST		Spin	1788492488087	1788492488101	OK	 
REQUEST		Spin	1788492488094	1788492488103	OK	 
REQUEST		Spin	1788492488103	1788492488114	OK	 
REQUEST		Spin	1788492488104	1788492488115	OK	 
REQUEST		Spin	1788492488105	1788492488116	OK	 
REQUEST		Spin	1788492488106	1788492488117	OK	 
REQUEST		Spin	1788492488107	1788492488118	OK	 
REQUEST		Spin	1788492488110	1788492488121	OK	 
REQUEST		Spin	1788492488111	1788492488121	OK	 
REQUEST		Spin	1788492488315	1788492488330	OK	 
REQUEST		Spin	1788492488329	1788492488339	OK	 
REQUEST		Spin	1788492488349	1788492488361	OK	 
REQUEST		Spin	1788492488369	1788492488378	OK	 
REQUEST		Spin	1788492488393	1788492488402	OK	 
USER	naga777-grpc-player-journey	END	1788492488407
USER	naga777-grpc-player-journey	START	1788492488407
REQUEST		Spin	1788492488400	1788492488408	OK	 
REQUEST		Join	1788492488407	1788492488413	OK	 
REQUEST		Spin	1788492488413	1788492488421	OK	 
REQUEST		Spin	1788492488414	1788492488423	OK	 
REQUEST		Spin	1788492488418	1788492488427	OK	 
REQUEST		Spin	1788492488421	1788492488429	OK	 
REQUEST		Spin	1788492488421	1788492488429	OK	 
REQUEST		Spin	1788492488434	1788492488442	OK	 
REQUEST		Spin	1788492488444	1788492488454	OK	 
REQUEST		Spin	1788492488572	1788492488582	OK	 
REQUEST		Spin	1788492488584	1788492488593	OK	 
REQUEST		Spin	1788492488596	1788492488604	OK	 
REQUEST		Spin	1788492488607	1788492488616	OK	 
REQUEST		Spin	1788492488729	1788492488739	OK	 
USER	naga777-grpc-player-journey	END	1788492488741
USER	naga777-grpc-player-journey	START	1788492488741
REQUEST		Join	1788492488742	1788492488748	OK	 
REQUEST		Spin	1788492488739	1788492488752	OK	 
REQUEST		Spin	1788492488748	1788492488763	OK	 
REQUEST		Spin	1788492488754	1788492488769	OK	 
REQUEST		Spin	1788492488763	1788492488775	OK	 
REQUEST		Spin	1788492488768	1788492488778	OK	 
REQUEST		Spin	1788492488782	1788492488792	OK	 
REQUEST		Spin	1788492488801	1788492488811	OK	 
REQUEST		Spin	1788492488807	1788492488815	OK	 
REQUEST		Spin	1788492488810	1788492488819	OK	 
REQUEST		Spin	1788492488820	1788492488829	OK	 
REQUEST		Spin	1788492488841	1788492488851	OK	 
REQUEST		Spin	1788492488849	1788492488857	OK	 
USER	naga777-grpc-player-journey	END	1788492489071
USER	naga777-grpc-player-journey	START	1788492489071
REQUEST		Spin	1788492489064	1788492489082	OK	 
REQUEST		Join	1788492489071	1788492489082	OK	 
REQUEST		Spin	1788492489064	1788492489082	OK	 
REQUEST		Spin	1788492489080	1788492489091	OK	 
REQUEST		Spin	1788492489082	1788492489093	OK	 
REQUEST		Spin	1788492489086	1788492489096	OK	 
REQUEST		Spin	1788492489093	1788492489104	OK	 
REQUEST		Spin	1788492489094	1788492489105	OK	 
REQUEST		Spin	1788492489094	1788492489105	OK	 
REQUEST		Spin	1788492489101	1788492489113	OK	 
REQUEST		Spin	1788492489107	1788492489118	OK	 
REQUEST		Spin	1788492489125	1788492489142	OK	 
REQUEST		Spin	1788492489125	1788492489142	OK	 
REQUEST		Spin	1788492489125	1788492489142	OK	 
REQUEST		Spin	1788492489331	1788492489342	OK	 
REQUEST		Spin	1788492489347	1788492489356	OK	 
REQUEST		Spin	1788492489351	1788492489359	OK	 
REQUEST		Spin	1788492489359	1788492489366	OK	 
REQUEST		Spin	1788492489391	1788492489400	OK	 
USER	naga777-grpc-player-journey	END	1788492489401
USER	naga777-grpc-player-journey	START	1788492489401
REQUEST		Spin	1788492489394	1788492489401	OK	 
REQUEST		Join	1788492489401	1788492489405	OK	 
REQUEST		Spin	1788492489400	1788492489406	OK	 
REQUEST		Spin	1788492489406	1788492489413	OK	 
REQUEST		Spin	1788492489413	1788492489421	OK	 
REQUEST		Spin	1788492489422	1788492489429	OK	 
REQUEST		Spin	1788492489429	1788492489438	OK	 
REQUEST		Spin	1788492489429	1788492489438	OK	 
REQUEST		Spin	1788492489432	1788492489441	OK	 
REQUEST		Spin	1788492489562	1788492489572	OK	 
REQUEST		Spin	1788492489608	1788492489617	OK	 
REQUEST		Spin	1788492489616	1788492489623	OK	 
REQUEST		Spin	1788492489637	1788492489647	OK	 
REQUEST		Spin	1788492489727	1788492489739	OK	 
REQUEST		Spin	1788492489732	1788492489743	OK	 
REQUEST		Spin	1788492489732	1788492489743	OK	 
USER	naga777-grpc-player-journey	END	1788492489745
USER	naga777-grpc-player-journey	START	1788492489745
REQUEST		Join	1788492489745	1788492489751	OK	 
REQUEST		Spin	1788492489752	1788492489762	OK	 
REQUEST		Spin	1788492489762	1788492489776	OK	 
REQUEST		Spin	1788492489760	1788492489776	OK	 
REQUEST		Spin	1788492489765	1788492489778	OK	 
REQUEST		Spin	1788492489768	1788492489780	OK	 
REQUEST		Spin	1788492489778	1788492489786	OK	 
REQUEST		Spin	1788492489818	1788492489829	OK	 
REQUEST		Spin	1788492489832	1788492489842	OK	 
REQUEST		Spin	1788492489854	1788492489865	OK	 
REQUEST		Spin	1788492489860	1788492489870	OK	 
USER	naga777-grpc-player-journey	END	1788492490081
USER	naga777-grpc-player-journey	START	1788492490081
REQUEST		Join	1788492490082	1788492490096	OK	 
REQUEST		Spin	1788492490075	1788492490098	OK	 
REQUEST		Spin	1788492490075	1788492490100	OK	 
REQUEST		Spin	1788492490076	1788492490100	OK	 
REQUEST		Spin	1788492490075	1788492490101	OK	 
REQUEST		Spin	1788492490087	1788492490107	OK	 
REQUEST		Spin	1788492490096	1788492490110	OK	 
REQUEST		Spin	1788492490102	1788492490113	OK	 
REQUEST		Spin	1788492490110	1788492490119	OK	 
REQUEST		Spin	1788492490113	1788492490122	OK	 
REQUEST		Spin	1788492490116	1788492490124	OK	 
REQUEST		Spin	1788492490117	1788492490126	OK	 
REQUEST		Spin	1788492490118	1788492490127	OK	 
REQUEST		Spin	1788492490126	1788492490132	OK	 
USER	naga777-grpc-player-journey	END	1788492490322
USER	naga777-grpc-player-journey	START	1788492490322
REQUEST		Spin	1788492490321	1788492490330	OK	 
REQUEST		Join	1788492490322	1788492490338	OK	 
REQUEST		Spin	1788492490339	1788492490352	OK	 
REQUEST		Spin	1788492490344	1788492490357	OK	 
REQUEST		Spin	1788492490352	1788492490362	OK	 
REQUEST		Spin	1788492490356	1788492490366	OK	 
REQUEST		Spin	1788492490393	1788492490406	OK	 
REQUEST		Spin	1788492490397	1788492490407	OK	 
REQUEST		Spin	1788492490404	1788492490413	OK	 
REQUEST		Spin	1788492490418	1788492490426	OK	 
REQUEST		Spin	1788492490425	1788492490433	OK	 
REQUEST		Spin	1788492490432	1788492490439	OK	 
REQUEST		Spin	1788492490434	1788492490441	OK	 
REQUEST		Spin	1788492490438	1788492490445	OK	 
USER	naga777-grpc-player-journey	END	1788492490577
USER	naga777-grpc-player-journey	START	1788492490577
REQUEST		Spin	1788492490561	1788492490578	OK	 
REQUEST		Join	1788492490577	1788492490590	OK	 
REQUEST		Spin	1788492490590	1788492490605	OK	 
REQUEST		Spin	1788492490600	1788492490612	OK	 
REQUEST		Spin	1788492490605	1788492490616	OK	 
REQUEST		Spin	1788492490611	1788492490618	OK	 
REQUEST		Spin	1788492490733	1788492490742	OK	 
REQUEST		Spin	1788492490735	1788492490742	OK	 
REQUEST		Spin	1788492490736	1788492490744	OK	 
REQUEST		Spin	1788492490755	1788492490767	OK	 
REQUEST		Spin	1788492490765	1788492490777	OK	 
REQUEST		Spin	1788492490781	1788492490791	OK	 
REQUEST		Spin	1788492490783	1788492490791	OK	 
REQUEST		Spin	1788492490790	1788492490799	OK	 
REQUEST		Spin	1788492490805	1788492490812	OK	 
USER	naga777-grpc-player-journey	END	1788492490816
USER	naga777-grpc-player-journey	START	1788492490816
REQUEST		Join	1788492490816	1788492490822	OK	 
REQUEST		Spin	1788492490822	1788492490828	OK	 
REQUEST		Spin	1788492490828	1788492490834	OK	 
REQUEST		Spin	1788492490845	1788492490852	OK	 
REQUEST		Spin	1788492490851	1788492490858	OK	 
USER	naga777-grpc-player-journey	END	1788492491090
USER	naga777-grpc-player-journey	START	1788492491090
REQUEST		Spin	1788492491077	1788492491097	OK	 
REQUEST		Spin	1788492491079	1788492491098	OK	 
REQUEST		Spin	1788492491079	1788492491099	OK	 
REQUEST		Join	1788492491091	1788492491101	OK	 
REQUEST		Spin	1788492491078	1788492491101	OK	 
REQUEST		Spin	1788492491101	1788492491111	OK	 
REQUEST		Spin	1788492491111	1788492491122	OK	 
REQUEST		Spin	1788492491112	1788492491122	OK	 
REQUEST		Spin	1788492491115	1788492491124	OK	 
REQUEST		Spin	1788492491114	1788492491126	OK	 
REQUEST		Spin	1788492491115	1788492491127	OK	 
REQUEST		Spin	1788492491119	1788492491130	OK	 
REQUEST		Spin	1788492491121	1788492491130	OK	 
REQUEST		Spin	1788492491122	1788492491130	OK	 
REQUEST		Spin	1788492491317	1788492491335	OK	 
REQUEST		Spin	1788492491317	1788492491335	OK	 
REQUEST		Spin	1788492491358	1788492491371	OK	 
REQUEST		Spin	1788492491361	1788492491372	OK	 
USER	naga777-grpc-player-journey	END	1788492491406
USER	naga777-grpc-player-journey	START	1788492491406
REQUEST		Spin	1788492491398	1788492491410	OK	 
REQUEST		Join	1788492491406	1788492491414	OK	 
REQUEST		Spin	1788492491407	1788492491417	OK	 
REQUEST		Spin	1788492491414	1788492491423	OK	 
REQUEST		Spin	1788492491424	1788492491431	OK	 
REQUEST		Spin	1788492491423	1788492491431	OK	 
REQUEST		Spin	1788492491440	1788492491447	OK	 
REQUEST		Spin	1788492491439	1788492491447	OK	 
REQUEST		Spin	1788492491457	1788492491465	OK	 
REQUEST		Spin	1788492491458	1788492491465	OK	 
REQUEST		Spin	1788492491560	1788492491573	OK	 
REQUEST		Spin	1788492491567	1788492491577	OK	 
REQUEST		Spin	1788492491632	1788492491643	OK	 
REQUEST		Spin	1788492491640	1788492491650	OK	 
REQUEST		Spin	1788492491729	1788492491741	OK	 
USER	naga777-grpc-player-journey	END	1788492491741
USER	naga777-grpc-player-journey	START	1788492491742
REQUEST		Spin	1788492491737	1788492491747	OK	 
REQUEST		Join	1788492491742	1788492491748	OK	 
REQUEST		Spin	1788492491748	1788492491757	OK	 
REQUEST		Spin	1788492491757	1788492491764	OK	 
REQUEST		Spin	1788492491766	1788492491772	OK	 
REQUEST		Spin	1788492491772	1788492491779	OK	 
REQUEST		Spin	1788492491777	1788492491784	OK	 
REQUEST		Spin	1788492491776	1788492491784	OK	 
REQUEST		Spin	1788492491777	1788492491784	OK	 
REQUEST		Spin	1788492491810	1788492491819	OK	 
REQUEST		Spin	1788492491826	1788492491833	OK	 
REQUEST		Spin	1788492491845	1788492491853	OK	 
REQUEST		Spin	1788492491847	1788492491854	OK	 
USER	naga777-grpc-player-journey	END	1788492492075
USER	naga777-grpc-player-journey	START	1788492492075
REQUEST		Spin	1788492492061	1788492492085	OK	 
REQUEST		Join	1788492492075	1788492492086	OK	 
REQUEST		Spin	1788492492072	1788492492089	OK	 
REQUEST		Spin	1788492492078	1788492492092	OK	 
REQUEST		Spin	1788492492086	1788492492097	OK	 
REQUEST		Spin	1788492492097	1788492492105	OK	 
REQUEST		Spin	1788492492097	1788492492105	OK	 
REQUEST		Spin	1788492492097	1788492492106	OK	 
REQUEST		Spin	1788492492111	1788492492121	OK	 
REQUEST		Spin	1788492492113	1788492492125	OK	 
REQUEST		Spin	1788492492114	1788492492125	OK	 
REQUEST		Spin	1788492492116	1788492492127	OK	 
REQUEST		Spin	1788492492116	1788492492128	OK	 
REQUEST		Spin	1788492492118	1788492492129	OK	 
REQUEST		Spin	1788492492318	1788492492334	OK	 
REQUEST		Spin	1788492492354	1788492492362	OK	 
REQUEST		Spin	1788492492359	1788492492366	OK	 
REQUEST		Spin	1788492492364	1788492492370	OK	 
USER	naga777-grpc-player-journey	END	1788492492397
USER	naga777-grpc-player-journey	START	1788492492397
REQUEST		Join	1788492492397	1788492492402	OK	 
REQUEST		Spin	1788492492397	1788492492404	OK	 
REQUEST		Spin	1788492492396	1788492492404	OK	 
REQUEST		Spin	1788492492402	1788492492410	OK	 
REQUEST		Spin	1788492492410	1788492492416	OK	 
REQUEST		Spin	1788492492423	1788492492430	OK	 
REQUEST		Spin	1788492492424	1788492492430	OK	 
REQUEST		Spin	1788492492424	1788492492430	OK	 
REQUEST		Spin	1788492492434	1788492492440	OK	 
REQUEST		Spin	1788492492433	1788492492440	OK	 
REQUEST		Spin	1788492492558	1788492492568	OK	 
REQUEST		Spin	1788492492597	1788492492606	OK	 
REQUEST		Spin	1788492492604	1788492492613	OK	 
REQUEST		Spin	1788492492611	1788492492621	OK	 
REQUEST		Spin	1788492492737	1788492492750	OK	 
REQUEST		Spin	1788492492738	1788492492750	OK	 
USER	naga777-grpc-player-journey	END	1788492492753
USER	naga777-grpc-player-journey	START	1788492492753
REQUEST		Join	1788492492754	1788492492759	OK	 
REQUEST		Spin	1788492492759	1788492492768	OK	 
REQUEST		Spin	1788492492766	1788492492777	OK	 
REQUEST		Spin	1788492492765	1788492492777	OK	 
REQUEST		Spin	1788492492768	1788492492781	OK	 
REQUEST		Spin	1788492492771	1788492492783	OK	 
REQUEST		Spin	1788492492781	1788492492788	OK	 
REQUEST		Spin	1788492492796	1788492492804	OK	 
REQUEST		Spin	1788492492820	1788492492829	OK	 
REQUEST		Spin	1788492492828	1788492492835	OK	 
REQUEST		Spin	1788492492850	1788492492857	OK	 
REQUEST		Spin	1788492492853	1788492492858	OK	 
REQUEST		Spin	1788492493058	1788492493083	OK	 
USER	naga777-grpc-player-journey	END	1788492493085
USER	naga777-grpc-player-journey	START	1788492493085
REQUEST		Spin	1788492493068	1788492493087	OK	 
REQUEST		Join	1788492493085	1788492493096	OK	 
REQUEST		Spin	1788492493088	1788492493100	OK	 
REQUEST		Spin	1788492493096	1788492493106	OK	 
REQUEST		Spin	1788492493097	1788492493106	OK	 
REQUEST		Spin	1788492493106	1788492493117	OK	 
REQUEST		Spin	1788492493106	1788492493117	OK	 
REQUEST		Spin	1788492493104	1788492493118	OK	 
REQUEST		Spin	1788492493107	1788492493120	OK	 
REQUEST		Spin	1788492493106	1788492493120	OK	 
REQUEST		Spin	1788492493108	1788492493124	OK	 
REQUEST		Spin	1788492493112	1788492493124	OK	 
REQUEST		Spin	1788492493112	1788492493124	OK	 
USER	naga777-grpc-player-journey	END	1788492493331
USER	naga777-grpc-player-journey	START	1788492493331
REQUEST		Spin	1788492493317	1788492493338	OK	 
REQUEST		Join	1788492493331	1788492493341	OK	 
REQUEST		Spin	1788492493341	1788492493351	OK	 
REQUEST		Spin	1788492493351	1788492493360	OK	 
REQUEST		Spin	1788492493352	1788492493360	OK	 
REQUEST		Spin	1788492493370	1788492493378	OK	 
REQUEST		Spin	1788492493394	1788492493403	OK	 
REQUEST		Spin	1788492493401	1788492493410	OK	 
REQUEST		Spin	1788492493415	1788492493422	OK	 
REQUEST		Spin	1788492493419	1788492493429	OK	 
REQUEST		Spin	1788492493423	1788492493432	OK	 
REQUEST		Spin	1788492493423	1788492493432	OK	 
REQUEST		Spin	1788492493436	1788492493443	OK	 
REQUEST		Spin	1788492493445	1788492493451	OK	 
USER	naga777-grpc-player-journey	END	1788492493585
USER	naga777-grpc-player-journey	START	1788492493585
REQUEST		Spin	1788492493573	1788492493586	OK	 
REQUEST		Join	1788492493585	1788492493592	OK	 
REQUEST		Spin	1788492493592	1788492493601	OK	 
REQUEST		Spin	1788492493598	1788492493606	OK	 
REQUEST		Spin	1788492493601	1788492493609	OK	 
REQUEST		Spin	1788492493609	1788492493614	OK	 
REQUEST		Spin	1788492493730	1788492493742	OK	 
REQUEST		Spin	1788492493739	1788492493748	OK	 
REQUEST		Spin	1788492493755	1788492493764	OK	 
REQUEST		Spin	1788492493765	1788492493776	OK	 
REQUEST		Spin	1788492493768	1788492493779	OK	 
REQUEST		Spin	1788492493783	1788492493791	OK	 
REQUEST		Spin	1788492493802	1788492493811	OK	 
REQUEST		Spin	1788492493809	1788492493818	OK	 
REQUEST		Spin	1788492493812	1788492493820	OK	 
USER	naga777-grpc-player-journey	END	1788492493821
USER	naga777-grpc-player-journey	START	1788492493821
REQUEST		Join	1788492493822	1788492493826	OK	 
REQUEST		Spin	1788492493826	1788492493833	OK	 
REQUEST		Spin	1788492493834	1788492493840	OK	 
REQUEST		Spin	1788492493843	1788492493849	OK	 
REQUEST		Spin	1788492493849	1788492493855	OK	 
USER	naga777-grpc-player-journey	END	1788492494084
USER	naga777-grpc-player-journey	START	1788492494085
REQUEST		Spin	1788492494065	1788492494090	OK	 
REQUEST		Spin	1788492494066	1788492494090	OK	 
REQUEST		Join	1788492494085	1788492494095	OK	 
REQUEST		Spin	1788492494088	1788492494102	OK	 
REQUEST		Spin	1788492494094	1788492494106	OK	 
REQUEST		Spin	1788492494095	1788492494106	OK	 
REQUEST		Spin	1788492494095	1788492494107	OK	 
REQUEST		Spin	1788492494095	1788492494108	OK	 
REQUEST		Spin	1788492494103	1788492494113	OK	 
REQUEST		Spin	1788492494109	1788492494116	OK	 
REQUEST		Spin	1788492494108	1788492494116	OK	 
REQUEST		Spin	1788492494126	1788492494132	OK	 
REQUEST		Spin	1788492494126	1788492494132	OK	 
REQUEST		Spin	1788492494127	1788492494137	OK	 
REQUEST		Spin	1788492494332	1788492494347	OK	 
REQUEST		Spin	1788492494349	1788492494359	OK	 
REQUEST		Spin	1788492494352	1788492494362	OK	 
REQUEST		Spin	1788492494360	1788492494368	OK	 
USER	naga777-grpc-player-journey	END	1788492494401
USER	naga777-grpc-player-journey	START	1788492494401
REQUEST		Spin	1788492494393	1788492494402	OK	 
REQUEST		Spin	1788492494393	1788492494403	OK	 
REQUEST		Join	1788492494401	1788492494407	OK	 
REQUEST		Spin	1788492494407	1788492494415	OK	 
REQUEST		Spin	1788492494414	1788492494422	OK	 
REQUEST		Spin	1788492494415	1788492494422	OK	 
REQUEST		Spin	1788492494423	1788492494429	OK	 
REQUEST		Spin	1788492494430	1788492494436	OK	 
REQUEST		Spin	1788492494430	1788492494436	OK	 
REQUEST		Spin	1788492494434	1788492494440	OK	 
REQUEST		Spin	1788492494563	1788492494575	OK	 
REQUEST		Spin	1788492494609	1788492494622	OK	 
REQUEST		Spin	1788492494618	1788492494627	OK	 
REQUEST		Spin	1788492494638	1788492494647	OK	 
USER	naga777-grpc-player-journey	END	1788492494733
USER	naga777-grpc-player-journey	START	1788492494733
REQUEST		Join	1788492494733	1788492494743	OK	 
REQUEST		Spin	1788492494728	1788492494744	OK	 
REQUEST		Spin	1788492494733	1788492494747	OK	 
REQUEST		Spin	1788492494743	1788492494755	OK	 
REQUEST		Spin	1788492494755	1788492494764	OK	 
REQUEST		Spin	1788492494762	1788492494770	OK	 
REQUEST		Spin	1788492494764	1788492494773	OK	 
REQUEST		Spin	1788492494767	1788492494775	OK	 
REQUEST		Spin	1788492494769	1788492494778	OK	 
REQUEST		Spin	1788492494779	1788492494789	OK	 
REQUEST		Spin	1788492494818	1788492494828	OK	 
REQUEST		Spin	1788492494833	1788492494842	OK	 
REQUEST		Spin	1788492494855	1788492494866	OK	 
REQUEST		Spin	1788492494860	1788492494870	OK	 
USER	naga777-grpc-player-journey	END	1788492495076
USER	naga777-grpc-player-journey	START	1788492495076
REQUEST		Join	1788492495076	1788492495098	OK	 
REQUEST		Spin	1788492495077	1788492495104	OK	 
REQUEST		Spin	1788492495077	1788492495104	OK	 
REQUEST		Spin	1788492495075	1788492495105	OK	 
REQUEST		Spin	1788492495087	1788492495109	OK	 
REQUEST		Spin	1788492495099	1788492495114	OK	 
REQUEST		Spin	1788492495104	1788492495116	OK	 
REQUEST		Spin	1788492495111	1788492495126	OK	 
REQUEST		Spin	1788492495114	1788492495127	OK	 
REQUEST		Spin	1788492495114	1788492495127	OK	 
REQUEST		Spin	1788492495116	1788492495132	OK	 
REQUEST		Spin	1788492495119	1788492495134	OK	 
REQUEST		Spin	1788492495119	1788492495134	OK	 
REQUEST		Spin	1788492495128	1788492495139	OK	 
REQUEST		Spin	1788492495322	1788492495326	OK	 
REQUEST		Spin	1788492495345	1788492495361	OK	 
REQUEST		Spin	1788492495357	1788492495367	OK	 
REQUEST		Spin	1788492495356	1788492495366	OK	 
REQUEST		Spin	1788492495394	1788492495404	OK	 
USER	naga777-grpc-player-journey	END	1788492495404
USER	naga777-grpc-player-journey	START	1788492495404
REQUEST		Spin	1788492495397	1788492495405	OK	 
REQUEST		Join	1788492495404	1788492495410	OK	 
REQUEST		Spin	1788492495410	1788492495419	OK	 
REQUEST		Spin	1788492495419	1788492495427	OK	 
REQUEST		Spin	1788492495419	1788492495427	OK	 
REQUEST		Spin	1788492495426	1788492495434	OK	 
REQUEST		Spin	1788492495434	1788492495440	OK	 
REQUEST		Spin	1788492495436	1788492495442	OK	 
REQUEST		Spin	1788492495439	1788492495445	OK	 
REQUEST		Spin	1788492495562	1788492495579	OK	 
REQUEST		Spin	1788492495602	1788492495615	OK	 
REQUEST		Spin	1788492495607	1788492495618	OK	 
REQUEST		Spin	1788492495612	1788492495624	OK	 
USER	naga777-grpc-player-journey	END	1788492495736
USER	naga777-grpc-player-journey	START	1788492495736
REQUEST		Join	1788492495737	1788492495743	OK	 
REQUEST		Spin	1788492495734	1788492495751	OK	 
REQUEST		Spin	1788492495737	1788492495751	OK	 
REQUEST		Spin	1788492495744	1788492495757	OK	 
REQUEST		Spin	1788492495756	1788492495766	OK	 
REQUEST		Spin	1788492495757	1788492495766	OK	 
REQUEST		Spin	1788492495766	1788492495774	OK	 
REQUEST		Spin	1788492495785	1788492495796	OK	 
REQUEST		Spin	1788492495785	1788492495797	OK	 
REQUEST		Spin	1788492495791	1788492495802	OK	 
REQUEST		Spin	1788492495806	1788492495817	OK	 
REQUEST		Spin	1788492495830	1788492495839	OK	 
REQUEST		Spin	1788492495847	1788492495855	OK	 
REQUEST		Spin	1788492495852	1788492495860	OK	 
USER	naga777-grpc-player-journey	END	1788492496079
USER	naga777-grpc-player-journey	START	1788492496079
REQUEST		Join	1788492496079	1788492496087	OK	 
REQUEST		Spin	1788492496078	1788492496089	OK	 
REQUEST		Spin	1788492496081	1788492496090	OK	 
REQUEST		Spin	1788492496080	1788492496090	OK	 
REQUEST		Spin	1788492496087	1788492496097	OK	 
REQUEST		Spin	1788492496098	1788492496106	OK	 
REQUEST		Spin	1788492496113	1788492496124	OK	 
REQUEST		Spin	1788492496114	1788492496124	OK	 
REQUEST		Spin	1788492496114	1788492496124	OK	 
REQUEST		Spin	1788492496116	1788492496125	OK	 
REQUEST		Spin	1788492496116	1788492496125	OK	 
REQUEST		Spin	1788492496120	1788492496129	OK	 
REQUEST		Spin	1788492496124	1788492496131	OK	 
REQUEST		Spin	1788492496124	1788492496131	OK	 
USER	naga777-grpc-player-journey	END	1788492496321
USER	naga777-grpc-player-journey	START	1788492496321
REQUEST		Join	1788492496322	1788492496343	OK	 
REQUEST		Spin	1788492496319	1788492496349	OK	 
REQUEST		Spin	1788492496343	1788492496357	OK	 
REQUEST		Spin	1788492496358	1788492496369	OK	 
REQUEST		Spin	1788492496360	1788492496370	OK	 
REQUEST		Spin	1788492496361	1788492496371	OK	 
REQUEST		Spin	1788492496399	1788492496411	OK	 
REQUEST		Spin	1788492496408	1788492496419	OK	 
REQUEST		Spin	1788492496424	1788492496432	OK	 
REQUEST		Spin	1788492496426	1788492496433	OK	 
REQUEST		Spin	1788492496440	1788492496447	OK	 
REQUEST		Spin	1788492496442	1788492496448	OK	 
REQUEST		Spin	1788492496459	1788492496467	OK	 
REQUEST		Spin	1788492496460	1788492496469	OK	 
USER	naga777-grpc-player-journey	END	1788492496569
USER	naga777-grpc-player-journey	START	1788492496570
REQUEST		Spin	1788492496562	1788492496575	OK	 
REQUEST		Join	1788492496570	1788492496578	OK	 
REQUEST		Spin	1788492496578	1788492496589	OK	 
REQUEST		Spin	1788492496589	1788492496599	OK	 
REQUEST		Spin	1788492496634	1788492496645	OK	 
REQUEST		Spin	1788492496641	1788492496651	OK	 
REQUEST		Spin	1788492496730	1788492496740	OK	 
REQUEST		Spin	1788492496738	1788492496749	OK	 
REQUEST		Spin	1788492496758	1788492496768	OK	 
REQUEST		Spin	1788492496768	1788492496776	OK	 
REQUEST		Spin	1788492496774	1788492496782	OK	 
REQUEST		Spin	1788492496778	1788492496787	OK	 
REQUEST		Spin	1788492496778	1788492496786	OK	 
REQUEST		Spin	1788492496779	1788492496788	OK	 
REQUEST		Spin	1788492496811	1788492496820	OK	 
USER	naga777-grpc-player-journey	END	1788492496828
USER	naga777-grpc-player-journey	START	1788492496828
REQUEST		Join	1788492496829	1788492496835	OK	 
REQUEST		Spin	1788492496835	1788492496844	OK	 
REQUEST		Spin	1788492496844	1788492496854	OK	 
REQUEST		Spin	1788492496846	1788492496854	OK	 
REQUEST		Spin	1788492496848	1788492496856	OK	 
USER	naga777-grpc-player-journey	END	1788492497079
USER	naga777-grpc-player-journey	START	1788492497079
REQUEST		Spin	1788492497063	1788492497089	OK	 
REQUEST		Join	1788492497079	1788492497092	OK	 
REQUEST		Spin	1788492497074	1788492497094	OK	 
REQUEST		Spin	1788492497093	1788492497103	OK	 
REQUEST		Spin	1788492497099	1788492497111	OK	 
REQUEST		Spin	1788492497098	1788492497114	OK	 
REQUEST		Spin	1788492497103	1788492497114	OK	 
REQUEST		Spin	1788492497099	1788492497114	OK	 
REQUEST		Spin	1788492497112	1788492497124	OK	 
REQUEST		Spin	1788492497115	1788492497126	OK	 
REQUEST		Spin	1788492497115	1788492497127	OK	 
REQUEST		Spin	1788492497117	1788492497128	OK	 
REQUEST		Spin	1788492497117	1788492497128	OK	 
REQUEST		Spin	1788492497119	1788492497131	OK	 
REQUEST		Spin	1788492497319	1788492497331	OK	 
REQUEST		Spin	1788492497356	1788492497367	OK	 
REQUEST		Spin	1788492497360	1788492497370	OK	 
REQUEST		Spin	1788492497364	1788492497373	OK	 
USER	naga777-grpc-player-journey	END	1788492497398
USER	naga777-grpc-player-journey	START	1788492497398
REQUEST		Join	1788492497398	1788492497404	OK	 
REQUEST		Spin	1788492497399	1788492497407	OK	 
REQUEST		Spin	1788492497405	1788492497410	OK	 
REQUEST		Spin	1788492497411	1788492497418	OK	 
REQUEST		Spin	1788492497411	1788492497418	OK	 
REQUEST		Spin	1788492497424	1788492497432	OK	 
REQUEST		Spin	1788492497425	1788492497433	OK	 
REQUEST		Spin	1788492497425	1788492497434	OK	 
REQUEST		Spin	1788492497435	1788492497442	OK	 
REQUEST		Spin	1788492497435	1788492497442	OK	 
REQUEST		Spin	1788492497559	1788492497572	OK	 
REQUEST		Spin	1788492497599	1788492497608	OK	 
REQUEST		Spin	1788492497605	1788492497615	OK	 
REQUEST		Spin	1788492497611	1788492497619	OK	 
USER	naga777-grpc-player-journey	END	1788492497739
USER	naga777-grpc-player-journey	START	1788492497739
REQUEST		Join	1788492497739	1788492497746	OK	 
REQUEST		Spin	1788492497738	1788492497748	OK	 
REQUEST		Spin	1788492497746	1788492497756	OK	 
REQUEST		Spin	1788492497756	1788492497767	OK	 
REQUEST		Spin	1788492497766	1788492497776	OK	 
REQUEST		Spin	1788492497768	1788492497776	OK	 
REQUEST		Spin	1788492497766	1788492497776	OK	 
REQUEST		Spin	1788492497772	1788492497780	OK	 
REQUEST		Spin	1788492497783	1788492497791	OK	 
REQUEST		Spin	1788492497798	1788492497805	OK	 
REQUEST		Spin	1788492497821	1788492497830	OK	 
REQUEST		Spin	1788492497829	1788492497840	OK	 
REQUEST		Spin	1788492497852	1788492497861	OK	 
REQUEST		Spin	1788492497855	1788492497863	OK	 
REQUEST		Spin	1788492498060	1788492498078	OK	 
REQUEST		Spin	1788492498068	1788492498081	OK	 
USER	naga777-grpc-player-journey	END	1788492498090
USER	naga777-grpc-player-journey	START	1788492498090
REQUEST		Join	1788492498090	1788492498097	OK	 
REQUEST		Spin	1788492498097	1788492498109	OK	 
REQUEST		Spin	1788492498098	1788492498111	OK	 
REQUEST		Spin	1788492498105	1788492498122	OK	 
REQUEST		Spin	1788492498106	1788492498122	OK	 
REQUEST		Spin	1788492498108	1788492498130	OK	 
REQUEST		Spin	1788492498109	1788492498130	OK	 
REQUEST		Spin	1788492498109	1788492498130	OK	 
REQUEST		Spin	1788492498111	1788492498130	OK	 
REQUEST		Spin	1788492498108	1788492498131	OK	 
REQUEST		Spin	1788492498112	1788492498131	OK	 
REQUEST		Spin	1788492498112	1788492498131	OK	 
REQUEST		Spin	1788492498318	1788492498332	OK	 
REQUEST		Spin	1788492498353	1788492498364	OK	 
REQUEST		Spin	1788492498353	1788492498364	OK	 
REQUEST		Spin	1788492498371	1788492498378	OK	 
USER	naga777-grpc-player-journey	END	1788492498402
USER	naga777-grpc-player-journey	START	1788492498402
REQUEST		Spin	1788492498395	1788492498405	OK	 
REQUEST		Join	1788492498402	1788492498407	OK	 
REQUEST		Spin	1788492498407	1788492498414	OK	 
REQUEST		Spin	1788492498414	1788492498423	OK	 
REQUEST		Spin	1788492498416	1788492498424	OK	 
REQUEST		Spin	1788492498421	1788492498428	OK	 
REQUEST		Spin	1788492498425	1788492498432	OK	 
REQUEST		Spin	1788492498425	1788492498432	OK	 
REQUEST		Spin	1788492498439	1788492498448	OK	 
REQUEST		Spin	1788492498448	1788492498455	OK	 
REQUEST		Spin	1788492498575	1788492498590	OK	 
REQUEST		Spin	1788492498599	1788492498612	OK	 
REQUEST		Spin	1788492498603	1788492498613	OK	 
REQUEST		Spin	1788492498612	1788492498622	OK	 
USER	naga777-grpc-player-journey	END	1788492498741
USER	naga777-grpc-player-journey	START	1788492498741
REQUEST		Spin	1788492498731	1788492498746	OK	 
REQUEST		Join	1788492498741	1788492498749	OK	 
REQUEST		Spin	1788492498749	1788492498759	OK	 
REQUEST		Spin	1788492498756	1788492498764	OK	 
REQUEST		Spin	1788492498759	1788492498767	OK	 
REQUEST		Spin	1788492498767	1788492498779	OK	 
REQUEST		Spin	1788492498769	1788492498780	OK	 
REQUEST		Spin	1788492498784	1788492498792	OK	 
REQUEST		Spin	1788492498804	1788492498813	OK	 
REQUEST		Spin	1788492498810	1788492498819	OK	 
REQUEST		Spin	1788492498814	1788492498823	OK	 
REQUEST		Spin	1788492498836	1788492498844	OK	 
REQUEST		Spin	1788492498845	1788492498853	OK	 
REQUEST		Spin	1788492498849	1788492498856	OK	 
REQUEST		Spin	1788492499068	1788492499090	OK	 
REQUEST		Spin	1788492499068	1788492499090	OK	 
USER	naga777-grpc-player-journey	END	1788492499091
USER	naga777-grpc-player-journey	START	1788492499091
REQUEST		Join	1788492499091	1788492499099	OK	 
REQUEST		Spin	1788492499097	1788492499110	OK	 
REQUEST		Spin	1788492499098	1788492499110	OK	 
REQUEST		Spin	1788492499098	1788492499111	OK	 
REQUEST		Spin	1788492499099	1788492499112	OK	 
REQUEST		Spin	1788492499104	1788492499117	OK	 
REQUEST		Spin	1788492499110	1788492499120	OK	 
REQUEST		Spin	1788492499109	1788492499121	OK	 
REQUEST		Spin	1788492499112	1788492499122	OK	 
REQUEST		Spin	1788492499127	1788492499136	OK	 
REQUEST		Spin	1788492499126	1788492499136	OK	 
REQUEST		Spin	1788492499128	1788492499136	OK	 
USER	naga777-grpc-player-journey	END	1788492499333
USER	naga777-grpc-player-journey	START	1788492499333
REQUEST		Join	1788492499334	1788492499352	OK	 
REQUEST		Spin	1788492499352	1788492499366	OK	 
REQUEST		Spin	1788492499350	1788492499367	OK	 
REQUEST		Spin	1788492499354	1788492499370	OK	 
REQUEST		Spin	1788492499361	1788492499377	OK	 
REQUEST		Spin	1788492499366	1788492499379	OK	 
REQUEST		Spin	1788492499394	1788492499401	OK	 
REQUEST		Spin	1788492499394	1788492499401	OK	 
REQUEST		Spin	1788492499416	1788492499422	OK	 
REQUEST		Spin	1788492499417	1788492499422	OK	 
REQUEST		Spin	1788492499425	1788492499431	OK	 
REQUEST		Spin	1788492499431	1788492499436	OK	 
REQUEST		Spin	1788492499432	1788492499437	OK	 
REQUEST		Spin	1788492499436	1788492499442	OK	 
USER	naga777-grpc-player-journey	END	1788492499564
USER	naga777-grpc-player-journey	START	1788492499564
REQUEST		Join	1788492499564	1788492499572	OK	 
REQUEST		Spin	1788492499573	1788492499582	OK	 
REQUEST		Spin	1788492499582	1788492499589	OK	 
REQUEST		Spin	1788492499610	1788492499618	OK	 
REQUEST		Spin	1788492499619	1788492499626	OK	 
REQUEST		Spin	1788492499640	1788492499649	OK	 
REQUEST		Spin	1788492499729	1788492499740	OK	 
REQUEST		Spin	1788492499733	1788492499744	OK	 
REQUEST		Spin	1788492499757	1788492499774	OK	 
REQUEST		Spin	1788492499763	1788492499774	OK	 
REQUEST		Spin	1788492499766	1788492499777	OK	 
REQUEST		Spin	1788492499768	1788492499777	OK	 
REQUEST		Spin	1788492499774	1788492499783	OK	 
REQUEST		Spin	1788492499780	1788492499788	OK	 
USER	naga777-grpc-player-journey	END	1788492499820
USER	naga777-grpc-player-journey	START	1788492499820
REQUEST		Join	1788492499820	1788492499825	OK	 
REQUEST		Spin	1788492499825	1788492499833	OK	 
REQUEST		Spin	1788492499834	1788492499843	OK	 
REQUEST		Spin	1788492499833	1788492499843	OK	 
REQUEST		Spin	1788492499855	1788492499862	OK	 
REQUEST		Spin	1788492499862	1788492499870	OK	 
USER	naga777-grpc-player-journey	END	1788492500078
USER	naga777-grpc-player-journey	START	1788492500078
REQUEST		Join	1788492500078	1788492500090	OK	 
REQUEST		Spin	1788492500076	1788492500095	OK	 
REQUEST		Spin	1788492500077	1788492500097	OK	 
REQUEST		Spin	1788492500089	1788492500104	OK	 
REQUEST		Spin	1788492500090	1788492500104	OK	 
REQUEST		Spin	1788492500104	1788492500114	OK	 
REQUEST		Spin	1788492500105	1788492500115	OK	 
REQUEST		Spin	1788492500113	1788492500126	OK	 
REQUEST		Spin	1788492500115	1788492500128	OK	 
REQUEST		Spin	1788492500117	1788492500129	OK	 
REQUEST		Spin	1788492500116	1788492500129	OK	 
REQUEST		Spin	1788492500119	1788492500130	OK	 
REQUEST		Spin	1788492500119	1788492500131	OK	 
REQUEST		Spin	1788492500130	1788492500137	OK	 
REQUEST		Spin	1788492500324	1788492500327	OK	 
REQUEST		Spin	1788492500346	1788492500363	OK	 
REQUEST		Spin	1788492500358	1788492500371	OK	 
REQUEST		Spin	1788492500357	1788492500371	OK	 
USER	naga777-grpc-player-journey	END	1788492500399
USER	naga777-grpc-player-journey	START	1788492500399
REQUEST		Join	1788492500399	1788492500406	OK	 
REQUEST		Spin	1788492500395	1788492500407	OK	 
REQUEST		Spin	1788492500406	1788492500414	OK	 
REQUEST		Spin	1788492500414	1788492500422	OK	 
REQUEST		Spin	1788492500422	1788492500429	OK	 
REQUEST		Spin	1788492500422	1788492500429	OK	 
REQUEST		Spin	1788492500427	1788492500433	OK	 
REQUEST		Spin	1788492500435	1788492500440	OK	 
REQUEST		Spin	1788492500436	1788492500441	OK	 
REQUEST		Spin	1788492500440	1788492500448	OK	 
REQUEST		Spin	1788492500564	1788492500578	OK	 
REQUEST		Spin	1788492500606	1788492500615	OK	 
REQUEST		Spin	1788492500603	1788492500615	OK	 
REQUEST		Spin	1788492500614	1788492500623	OK	 
USER	naga777-grpc-player-journey	END	1788492500739
USER	naga777-grpc-player-journey	START	1788492500740
REQUEST		Join	1788492500740	1788492500751	OK	 
REQUEST		Spin	1788492500736	1788492500755	OK	 
REQUEST		Spin	1788492500751	1788492500762	OK	 
REQUEST		Spin	1788492500758	1788492500769	OK	 
REQUEST		Spin	1788492500757	1788492500770	OK	 
REQUEST		Spin	1788492500763	1788492500775	OK	 
REQUEST		Spin	1788492500767	1788492500778	OK	 
REQUEST		Spin	1788492500786	1788492500797	OK	 
REQUEST		Spin	1788492500786	1788492500797	OK	 
REQUEST		Spin	1788492500791	1788492500801	OK	 
REQUEST		Spin	1788492500808	1788492500817	OK	 
REQUEST		Spin	1788492500832	1788492500841	OK	 
REQUEST		Spin	1788492500848	1788492500857	OK	 
REQUEST		Spin	1788492500853	1788492500863	OK	 
USER	naga777-grpc-player-journey	END	1788492501079
USER	naga777-grpc-player-journey	START	1788492501079
REQUEST		Join	1788492501079	1788492501086	OK	 
REQUEST		Spin	1788492501082	1788492501092	OK	 
REQUEST		Spin	1788492501081	1788492501092	OK	 
REQUEST		Spin	1788492501086	1788492501096	OK	 
REQUEST		Spin	1788492501096	1788492501103	OK	 
REQUEST		Spin	1788492501098	1788492501105	OK	 
REQUEST		Spin	1788492501118	1788492501133	OK	 
REQUEST		Spin	1788492501114	1788492501134	OK	 
REQUEST		Spin	1788492501118	1788492501138	OK	 
REQUEST		Spin	1788492501114	1788492501139	OK	 
REQUEST		Spin	1788492501114	1788492501139	OK	 
REQUEST		Spin	1788492501125	1788492501139	OK	 
REQUEST		Spin	1788492501121	1788492501140	OK	 
REQUEST		Spin	1788492501125	1788492501141	OK	 
REQUEST		Spin	1788492501320	1788492501329	OK	 
REQUEST		Spin	1788492501359	1788492501368	OK	 
REQUEST		Spin	1788492501363	1788492501370	OK	 
REQUEST		Spin	1788492501363	1788492501370	OK	 
REQUEST		Spin	1788492501401	1788492501409	OK	 
USER	naga777-grpc-player-journey	END	1788492501409
USER	naga777-grpc-player-journey	START	1788492501409
REQUEST		Join	1788492501410	1788492501414	OK	 
REQUEST		Spin	1788492501414	1788492501421	OK	 
REQUEST		Spin	1788492501421	1788492501428	OK	 
REQUEST		Spin	1788492501425	1788492501432	OK	 
REQUEST		Spin	1788492501427	1788492501433	OK	 
REQUEST		Spin	1788492501441	1788492501448	OK	 
REQUEST		Spin	1788492501443	1788492501450	OK	 
REQUEST		Spin	1788492501461	1788492501467	OK	 
REQUEST		Spin	1788492501461	1788492501467	OK	 
REQUEST		Spin	1788492501563	1788492501573	OK	 
REQUEST		Spin	1788492501591	1788492501600	OK	 
REQUEST		Spin	1788492501635	1788492501647	OK	 
REQUEST		Spin	1788492501642	1788492501651	OK	 
USER	naga777-grpc-player-journey	END	1788492501733
USER	naga777-grpc-player-journey	START	1788492501733
REQUEST		Join	1788492501733	1788492501741	OK	 
REQUEST		Spin	1788492501740	1788492501750	OK	 
REQUEST		Spin	1788492501741	1788492501751	OK	 
REQUEST		Spin	1788492501751	1788492501758	OK	 
REQUEST		Spin	1788492501759	1788492501769	OK	 
REQUEST		Spin	1788492501770	1788492501776	OK	 
REQUEST		Spin	1788492501775	1788492501782	OK	 
REQUEST		Spin	1788492501779	1788492501786	OK	 
REQUEST		Spin	1788492501779	1788492501786	OK	 
REQUEST		Spin	1788492501780	1788492501788	OK	 
REQUEST		Spin	1788492501813	1788492501822	OK	 
REQUEST		Spin	1788492501845	1788492501855	OK	 
REQUEST		Spin	1788492501847	1788492501855	OK	 
REQUEST		Spin	1788492501848	1788492501857	OK	 
USER	naga777-grpc-player-journey	END	1788492502065
USER	naga777-grpc-player-journey	START	1788492502066
REQUEST		Join	1788492502068	1788492502084	OK	 
REQUEST		Spin	1788492502074	1788492502092	OK	 
REQUEST		Spin	1788492502084	1788492502098	OK	 
REQUEST		Spin	1788492502098	1788492502110	OK	 
REQUEST		Spin	1788492502100	1788492502111	OK	 
REQUEST		Spin	1788492502100	1788492502112	OK	 
REQUEST		Spin	1788492502101	1788492502113	OK	 
REQUEST		Spin	1788492502106	1788492502118	OK	 
REQUEST		Spin	1788492502113	1788492502124	OK	 
REQUEST		Spin	1788492502118	1788492502129	OK	 
REQUEST		Spin	1788492502118	1788492502129	OK	 
REQUEST		Spin	1788492502116	1788492502129	OK	 
REQUEST		Spin	1788492502117	1788492502129	OK	 
REQUEST		Spin	1788492502120	1788492502131	OK	 
USER	naga777-grpc-player-journey	END	1788492502320
USER	naga777-grpc-player-journey	START	1788492502321
REQUEST		Join	1788492502321	1788492502338	OK	 
REQUEST		Spin	1788492502340	1788492502352	OK	 
REQUEST		Spin	1788492502352	1788492502362	OK	 
REQUEST		Spin	1788492502358	1788492502370	OK	 
REQUEST		Spin	1788492502361	1788492502372	OK	 
REQUEST		Spin	1788492502366	1788492502377	OK	 
REQUEST		Spin	1788492502400	1788492502409	OK	 
REQUEST		Spin	1788492502411	1788492502420	OK	 
REQUEST		Spin	1788492502412	1788492502420	OK	 
REQUEST		Spin	1788492502426	1788492502434	OK	 
REQUEST		Spin	1788492502426	1788492502435	OK	 
REQUEST		Spin	1788492502426	1788492502435	OK	 
REQUEST		Spin	1788492502436	1788492502445	OK	 
REQUEST		Spin	1788492502438	1788492502446	OK	 
USER	naga777-grpc-player-journey	END	1788492502561
USER	naga777-grpc-player-journey	START	1788492502562
REQUEST		Join	1788492502562	1788492502572	OK	 
REQUEST		Spin	1788492502572	1788492502583	OK	 
REQUEST		Spin	1788492502583	1788492502590	OK	 
REQUEST		Spin	1788492502602	1788492502611	OK	 
REQUEST		Spin	1788492502607	1788492502615	OK	 
REQUEST		Spin	1788492502613	1788492502624	OK	 
REQUEST		Spin	1788492502740	1788492502757	OK	 
REQUEST		Spin	1788492502758	1788492502768	OK	 
REQUEST		Spin	1788492502768	1788492502778	OK	 
REQUEST		Spin	1788492502767	1788492502778	OK	 
REQUEST		Spin	1788492502769	1788492502778	OK	 
REQUEST		Spin	1788492502773	1788492502782	OK	 
REQUEST		Spin	1788492502785	1788492502793	OK	 
REQUEST		Spin	1788492502799	1788492502806	OK	 
USER	naga777-grpc-player-journey	END	1788492502823
USER	naga777-grpc-player-journey	START	1788492502823
REQUEST		Join	1788492502824	1788492502830	OK	 
REQUEST		Spin	1788492502830	1788492502838	OK	 
REQUEST		Spin	1788492502830	1788492502838	OK	 
REQUEST		Spin	1788492502838	1788492502846	OK	 
REQUEST		Spin	1788492502854	1788492502861	OK	 
REQUEST		Spin	1788492502856	1788492502862	OK	 
USER	naga777-grpc-player-journey	END	1788492503061
USER	naga777-grpc-player-journey	START	1788492503061
REQUEST		Join	1788492503061	1788492503086	OK	 
REQUEST		Spin	1788492503070	1788492503092	OK	 
REQUEST		Spin	1788492503087	1788492503100	OK	 
REQUEST		Spin	1788492503099	1788492503111	OK	 
REQUEST		Spin	1788492503100	1788492503111	OK	 
REQUEST		Spin	1788492503104	1788492503116	OK	 
REQUEST		Spin	1788492503109	1788492503123	OK	 
REQUEST		Spin	1788492503108	1788492503123	OK	 
REQUEST		Spin	1788492503110	1788492503126	OK	 
REQUEST		Spin	1788492503111	1788492503126	OK	 
REQUEST		Spin	1788492503109	1788492503126	OK	 
REQUEST		Spin	1788492503113	1788492503127	OK	 
REQUEST		Spin	1788492503114	1788492503128	OK	 
REQUEST		Spin	1788492503112	1788492503130	OK	 
REQUEST		Spin	1788492503319	1788492503338	OK	 
REQUEST		Spin	1788492503354	1788492503365	OK	 
REQUEST		Spin	1788492503354	1788492503365	OK	 
REQUEST		Spin	1788492503373	1788492503383	OK	 
USER	naga777-grpc-player-journey	END	1788492503397
USER	naga777-grpc-player-journey	START	1788492503397
REQUEST		Join	1788492503397	1788492503405	OK	 
REQUEST		Spin	1788492503405	1788492503413	OK	 
REQUEST		Spin	1788492503413	1788492503423	OK	 
REQUEST		Spin	1788492503416	1788492503425	OK	 
REQUEST		Spin	1788492503417	1788492503425	OK	 
REQUEST		Spin	1788492503422	1788492503432	OK	 
REQUEST		Spin	1788492503427	1788492503436	OK	 
REQUEST		Spin	1788492503426	1788492503436	OK	 
REQUEST		Spin	1788492503440	1788492503448	OK	 
REQUEST		Spin	1788492503449	1788492503457	OK	 
REQUEST		Spin	1788492503576	1788492503595	OK	 
REQUEST		Spin	1788492503600	1788492503607	OK	 
REQUEST		Spin	1788492503604	1788492503611	OK	 
REQUEST		Spin	1788492503613	1788492503622	OK	 
USER	naga777-grpc-player-journey	END	1788492503732
USER	naga777-grpc-player-journey	START	1788492503732
REQUEST		Join	1788492503733	1788492503740	OK	 
REQUEST		Spin	1788492503740	1788492503749	OK	 
REQUEST		Spin	1788492503749	1788492503757	OK	 
REQUEST		Spin	1788492503757	1788492503764	OK	 
REQUEST		Spin	1788492503761	1788492503768	OK	 
REQUEST		Spin	1788492503768	1788492503775	OK	 
REQUEST		Spin	1788492503769	1788492503776	OK	 
REQUEST		Spin	1788492503786	1788492503795	OK	 
REQUEST		Spin	1788492503806	1788492503815	OK	 
REQUEST		Spin	1788492503811	1788492503821	OK	 
REQUEST		Spin	1788492503815	1788492503825	OK	 
REQUEST		Spin	1788492503837	1788492503848	OK	 
REQUEST		Spin	1788492503846	1788492503856	OK	 
REQUEST		Spin	1788492503850	1788492503857	OK	 
USER	naga777-grpc-player-journey	END	1788492504069
USER	naga777-grpc-player-journey	START	1788492504069
REQUEST		Join	1788492504069	1788492504088	OK	 
REQUEST		Spin	1788492504069	1788492504094	OK	 
REQUEST		Spin	1788492504088	1788492504103	OK	 
REQUEST		Spin	1788492504099	1788492504116	OK	 
REQUEST		Spin	1788492504098	1788492504117	OK	 
REQUEST		Spin	1788492504100	1788492504118	OK	 
REQUEST		Spin	1788492504105	1788492504120	OK	 
REQUEST		Spin	1788492504105	1788492504120	OK	 
REQUEST		Spin	1788492504110	1788492504125	OK	 
REQUEST		Spin	1788492504112	1788492504126	OK	 
REQUEST		Spin	1788492504113	1788492504126	OK	 
REQUEST		Spin	1788492504127	1788492504136	OK	 
REQUEST		Spin	1788492504128	1788492504136	OK	 
REQUEST		Spin	1788492504129	1788492504136	OK	 
REQUEST		Spin	1788492504352	1788492504372	OK	 
REQUEST		Spin	1788492504355	1788492504372	OK	 
REQUEST		Spin	1788492504363	1788492504377	OK	 
REQUEST		Spin	1788492504368	1788492504381	OK	 
USER	naga777-grpc-player-journey	END	1788492504396
USER	naga777-grpc-player-journey	START	1788492504396
REQUEST		Join	1788492504396	1788492504403	OK	 
REQUEST		Spin	1788492504396	1788492504407	OK	 
REQUEST		Spin	1788492504403	1788492504413	OK	 
REQUEST		Spin	1788492504413	1788492504422	OK	 
REQUEST		Spin	1788492504416	1788492504425	OK	 
REQUEST		Spin	1788492504419	1788492504426	OK	 
REQUEST		Spin	1788492504426	1788492504432	OK	 
REQUEST		Spin	1788492504433	1788492504441	OK	 
REQUEST		Spin	1788492504434	1788492504441	OK	 
REQUEST		Spin	1788492504437	1788492504445	OK	 
REQUEST		Spin	1788492504583	1788492504598	OK	 
REQUEST		Spin	1788492504611	1788492504627	OK	 
REQUEST		Spin	1788492504620	1788492504632	OK	 
REQUEST		Spin	1788492504641	1788492504650	OK	 
USER	naga777-grpc-player-journey	END	1788492504730
USER	naga777-grpc-player-journey	START	1788492504730
REQUEST		Join	1788492504730	1788492504739	OK	 
REQUEST		Spin	1788492504735	1788492504749	OK	 
REQUEST		Spin	1788492504739	1788492504753	OK	 
REQUEST		Spin	1788492504753	1788492504762	OK	 
REQUEST		Spin	1788492504757	1788492504765	OK	 
REQUEST		Spin	1788492504765	1788492504772	OK	 
REQUEST		Spin	1788492504767	1788492504774	OK	 
REQUEST		Spin	1788492504770	1788492504777	OK	 
REQUEST		Spin	1788492504775	1788492504782	OK	 
REQUEST		Spin	1788492504781	1788492504787	OK	 
REQUEST		Spin	1788492504835	1788492504844	OK	 
REQUEST		Spin	1788492504835	1788492504844	OK	 
REQUEST		Spin	1788492504857	1788492504866	OK	 
REQUEST		Spin	1788492504864	1788492504872	OK	 
USER	naga777-grpc-player-journey	END	1788492505079
USER	naga777-grpc-player-journey	START	1788492505079
REQUEST		Join	1788492505080	1788492505094	OK	 
REQUEST		Spin	1788492505078	1788492505100	OK	 
REQUEST		Spin	1788492505090	1788492505108	OK	 
REQUEST		Spin	1788492505094	1788492505108	OK	 
REQUEST		Spin	1788492505109	1788492505120	OK	 
REQUEST		Spin	1788492505108	1788492505120	OK	 
REQUEST		Spin	1788492505108	1788492505120	OK	 
REQUEST		Spin	1788492505113	1788492505125	OK	 
REQUEST		Spin	1788492505115	1788492505129	OK	 
REQUEST		Spin	1788492505117	1788492505130	OK	 
REQUEST		Spin	1788492505118	1788492505130	OK	 
REQUEST		Spin	1788492505120	1788492505130	OK	 
REQUEST		Spin	1788492505120	1788492505131	OK	 
REQUEST		Spin	1788492505131	1788492505138	OK	 
USER	naga777-grpc-player-journey	END	1788492505327
USER	naga777-grpc-player-journey	START	1788492505327
REQUEST		Join	1788492505327	1788492505346	OK	 
REQUEST		Spin	1788492505346	1788492505360	OK	 
REQUEST		Spin	1788492505347	1788492505360	OK	 
REQUEST		Spin	1788492505359	1788492505369	OK	 
REQUEST		Spin	1788492505358	1788492505369	OK	 
REQUEST		Spin	1788492505360	1788492505371	OK	 
REQUEST		Spin	1788492505397	1788492505405	OK	 
REQUEST		Spin	1788492505416	1788492505424	OK	 
REQUEST		Spin	1788492505423	1788492505430	OK	 
REQUEST		Spin	1788492505423	1788492505430	OK	 
REQUEST		Spin	1788492505429	1788492505436	OK	 
REQUEST		Spin	1788492505437	1788492505443	OK	 
REQUEST		Spin	1788492505437	1788492505443	OK	 
REQUEST		Spin	1788492505441	1788492505447	OK	 
USER	naga777-grpc-player-journey	END	1788492505565
USER	naga777-grpc-player-journey	START	1788492505565
REQUEST		Join	1788492505565	1788492505578	OK	 
REQUEST		Spin	1788492505578	1788492505590	OK	 
REQUEST		Spin	1788492505590	1788492505599	OK	 
REQUEST		Spin	1788492505605	1788492505614	OK	 
REQUEST		Spin	1788492505608	1788492505616	OK	 
REQUEST		Spin	1788492505615	1788492505623	OK	 
REQUEST		Spin	1788492505738	1788492505756	OK	 
REQUEST		Spin	1788492505758	1788492505769	OK	 
REQUEST		Spin	1788492505758	1788492505769	OK	 
REQUEST		Spin	1788492505764	1788492505772	OK	 
REQUEST		Spin	1788492505769	1788492505776	OK	 
REQUEST		Spin	1788492505788	1788492505799	OK	 
REQUEST		Spin	1788492505788	1788492505799	OK	 
REQUEST		Spin	1788492505793	1788492505802	OK	 
USER	naga777-grpc-player-journey	END	1788492505810
USER	naga777-grpc-player-journey	START	1788492505810
REQUEST		Join	1788492505810	1788492505815	OK	 
REQUEST		Spin	1788492505815	1788492505824	OK	 
REQUEST		Spin	1788492505824	1788492505831	OK	 
REQUEST		Spin	1788492505834	1788492505840	OK	 
REQUEST		Spin	1788492505848	1788492505854	OK	 
REQUEST		Spin	1788492505853	1788492505859	OK	 
USER	naga777-grpc-player-journey	END	1788492506083
USER	naga777-grpc-player-journey	START	1788492506083
REQUEST		Join	1788492506083	1788492506099	OK	 
REQUEST		Spin	1788492506084	1788492506108	OK	 
REQUEST		Spin	1788492506098	1788492506114	OK	 
REQUEST		Spin	1788492506099	1788492506114	OK	 
REQUEST		Spin	1788492506100	1788492506114	OK	 
REQUEST		Spin	1788492506114	1788492506127	OK	 
REQUEST		Spin	1788492506115	1788492506128	OK	 
REQUEST		Spin	1788492506115	1788492506129	OK	 
REQUEST		Spin	1788492506114	1788492506129	OK	 
REQUEST		Spin	1788492506120	1788492506133	OK	 
REQUEST		Spin	1788492506120	1788492506133	OK	 
REQUEST		Spin	1788492506122	1788492506134	OK	 
REQUEST		Spin	1788492506127	1788492506137	OK	 
REQUEST		Spin	1788492506126	1788492506137	OK	 
REQUEST		Spin	1788492506322	1788492506331	OK	 
REQUEST		Spin	1788492506360	1788492506368	OK	 
REQUEST		Spin	1788492506364	1788492506372	OK	 
REQUEST		Spin	1788492506364	1788492506372	OK	 
USER	naga777-grpc-player-journey	END	1788492506404
USER	naga777-grpc-player-journey	START	1788492506404
REQUEST		Join	1788492506404	1788492506410	OK	 
REQUEST		Spin	1788492506411	1788492506418	OK	 
REQUEST		Spin	1788492506418	1788492506428	OK	 
REQUEST		Spin	1788492506427	1788492506434	OK	 
REQUEST		Spin	1788492506423	1788492506435	OK	 
REQUEST		Spin	1788492506428	1788492506435	OK	 
REQUEST		Spin	1788492506444	1788492506452	OK	 
REQUEST		Spin	1788492506442	1788492506452	OK	 
REQUEST		Spin	1788492506463	1788492506472	OK	 
REQUEST		Spin	1788492506463	1788492506472	OK	 
REQUEST		Spin	1788492506564	1788492506578	OK	 
REQUEST		Spin	1788492506593	1788492506603	OK	 
REQUEST		Spin	1788492506637	1788492506648	OK	 
REQUEST		Spin	1788492506643	1788492506652	OK	 
USER	naga777-grpc-player-journey	END	1788492506741
USER	naga777-grpc-player-journey	START	1788492506741
REQUEST		Join	1788492506741	1788492506752	OK	 
REQUEST		Spin	1788492506752	1788492506767	OK	 
REQUEST		Spin	1788492506753	1788492506767	OK	 
REQUEST		Spin	1788492506761	1788492506774	OK	 
REQUEST		Spin	1788492506767	1788492506777	OK	 
REQUEST		Spin	1788492506772	1788492506782	OK	 
REQUEST		Spin	1788492506776	1788492506786	OK	 
REQUEST		Spin	1788492506780	1788492506790	OK	 
REQUEST		Spin	1788492506781	1788492506790	OK	 
REQUEST		Spin	1788492506781	1788492506790	OK	 
REQUEST		Spin	1788492506814	1788492506826	OK	 
REQUEST		Spin	1788492506849	1788492506858	OK	 
REQUEST		Spin	1788492506847	1788492506858	OK	 
REQUEST		Spin	1788492506849	1788492506858	OK	 
USER	naga777-grpc-player-journey	END	1788492507075
USER	naga777-grpc-player-journey	START	1788492507075
REQUEST		Join	1788492507076	1788492507089	OK	 
REQUEST		Spin	1788492507090	1788492507104	OK	 
REQUEST		Spin	1788492507104	1788492507114	OK	 
REQUEST		Spin	1788492507100	1788492507114	OK	 
REQUEST		Spin	1788492507103	1788492507115	OK	 
REQUEST		Spin	1788492507102	1788492507115	OK	 
REQUEST		Spin	1788492507101	1788492507116	OK	 
REQUEST		Spin	1788492507108	1788492507119	OK	 
REQUEST		Spin	1788492507114	1788492507123	OK	 
REQUEST		Spin	1788492507118	1788492507127	OK	 
REQUEST		Spin	1788492507120	1788492507129	OK	 
REQUEST		Spin	1788492507120	1788492507129	OK	 
REQUEST		Spin	1788492507119	1788492507129	OK	 
REQUEST		Spin	1788492507122	1788492507138	OK	 
REQUEST		Spin	1788492507354	1788492507373	OK	 
REQUEST		Spin	1788492507359	1788492507373	OK	 
REQUEST		Spin	1788492507363	1788492507374	OK	 
REQUEST		Spin	1788492507368	1788492507375	OK	 
USER	naga777-grpc-player-journey	END	1788492507402
USER	naga777-grpc-player-journey	START	1788492507402
REQUEST		Join	1788492507402	1788492507410	OK	 
REQUEST		Spin	1788492507410	1788492507419	OK	 
REQUEST		Spin	1788492507413	1788492507421	OK	 
REQUEST		Spin	1788492507414	1788492507422	OK	 
REQUEST		Spin	1788492507419	1788492507426	OK	 
REQUEST		Spin	1788492507427	1788492507433	OK	 
REQUEST		Spin	1788492507428	1788492507435	OK	 
REQUEST		Spin	1788492507428	1788492507435	OK	 
REQUEST		Spin	1788492507436	1788492507444	OK	 
REQUEST		Spin	1788492507439	1788492507446	OK	 
REQUEST		Spin	1788492507585	1788492507606	OK	 
REQUEST		Spin	1788492507604	1788492507615	OK	 
REQUEST		Spin	1788492507608	1788492507616	OK	 
REQUEST		Spin	1788492507615	1788492507623	OK	 
USER	naga777-grpc-player-journey	END	1788492507739
USER	naga777-grpc-player-journey	START	1788492507740
REQUEST		Join	1788492507740	1788492507754	OK	 
REQUEST		Spin	1788492507754	1788492507770	OK	 
REQUEST		Spin	1788492507760	1788492507773	OK	 
REQUEST		Spin	1788492507770	1788492507784	OK	 
REQUEST		Spin	1788492507769	1788492507785	OK	 
REQUEST		Spin	1788492507769	1788492507785	OK	 
REQUEST		Spin	1788492507769	1788492507785	OK	 
REQUEST		Spin	1788492507774	1788492507789	OK	 
REQUEST		Spin	1788492507786	1788492507795	OK	 
REQUEST		Spin	1788492507801	1788492507808	OK	 
REQUEST		Spin	1788492507831	1788492507838	OK	 
REQUEST		Spin	1788492507840	1788492507846	OK	 
REQUEST		Spin	1788492507856	1788492507865	OK	 
REQUEST		Spin	1788492507857	1788492507865	OK	 
USER	naga777-grpc-player-journey	END	1788492508071
USER	naga777-grpc-player-journey	START	1788492508071
REQUEST		Join	1788492508072	1788492508087	OK	 
REQUEST		Spin	1788492508087	1788492508102	OK	 
REQUEST		Spin	1788492508100	1788492508132	OK	 
REQUEST		Spin	1788492508102	1788492508132	OK	 
REQUEST		Spin	1788492508102	1788492508132	OK	 
REQUEST		Spin	1788492508112	1788492508138	OK	 
REQUEST		Spin	1788492508115	1788492508139	OK	 
REQUEST		Spin	1788492508105	1788492508140	OK	 
REQUEST		Spin	1788492508115	1788492508140	OK	 
REQUEST		Spin	1788492508113	1788492508140	OK	 
REQUEST		Spin	1788492508109	1788492508140	OK	 
REQUEST		Spin	1788492508112	1788492508140	OK	 
REQUEST		Spin	1788492508112	1788492508140	OK	 
REQUEST		Spin	1788492508112	1788492508140	OK	 
USER	naga777-grpc-player-journey	END	1788492508319
USER	naga777-grpc-player-journey	START	1788492508320
REQUEST		Join	1788492508320	1788492508341	OK	 
REQUEST		Spin	1788492508341	1788492508354	OK	 
REQUEST		Spin	1788492508354	1788492508363	OK	 
REQUEST		Spin	1788492508355	1788492508364	OK	 
REQUEST		Spin	1788492508356	1788492508365	OK	 
REQUEST		Spin	1788492508374	1788492508383	OK	 
REQUEST		Spin	1788492508414	1788492508424	OK	 
REQUEST		Spin	1788492508418	1788492508426	OK	 
REQUEST		Spin	1788492508419	1788492508428	OK	 
REQUEST		Spin	1788492508423	1788492508431	OK	 
REQUEST		Spin	1788492508427	1788492508434	OK	 
REQUEST		Spin	1788492508428	1788492508435	OK	 
REQUEST		Spin	1788492508441	1788492508448	OK	 
REQUEST		Spin	1788492508451	1788492508458	OK	 
USER	naga777-grpc-player-journey	END	1788492508578
USER	naga777-grpc-player-journey	START	1788492508579
REQUEST		Join	1788492508579	1788492508592	OK	 
REQUEST		Spin	1788492508592	1788492508607	OK	 
REQUEST		Spin	1788492508602	1788492508616	OK	 
REQUEST		Spin	1788492508606	1788492508618	OK	 
REQUEST		Spin	1788492508607	1788492508621	OK	 
REQUEST		Spin	1788492508615	1788492508628	OK	 
REQUEST		Spin	1788492508751	1788492508766	OK	 
REQUEST		Spin	1788492508759	1788492508771	OK	 
REQUEST		Spin	1788492508762	1788492508776	OK	 
REQUEST		Spin	1788492508770	1788492508784	OK	 
REQUEST		Spin	1788492508770	1788492508784	OK	 
REQUEST		Spin	1788492508787	1788492508797	OK	 
USER	naga777-grpc-player-journey	END	1788492508813
USER	naga777-grpc-player-journey	START	1788492508813
REQUEST		Spin	1788492508807	1788492508819	OK	 
REQUEST		Join	1788492508815	1788492508823	OK	 
REQUEST		Spin	1788492508817	1788492508828	OK	 
REQUEST		Spin	1788492508824	1788492508833	OK	 
REQUEST		Spin	1788492508833	1788492508842	OK	 
REQUEST		Spin	1788492508839	1788492508847	OK	 
REQUEST		Spin	1788492508847	1788492508855	OK	 
REQUEST		Spin	1788492508850	1788492508859	OK	 
USER	naga777-grpc-player-journey	END	1788492509071
USER	naga777-grpc-player-journey	START	1788492509071
REQUEST		Join	1788492509071	1788492509091	OK	 
REQUEST		Spin	1788492509091	1788492509108	OK	 
REQUEST		Spin	1788492509099	1788492509116	OK	 
REQUEST		Spin	1788492509100	1788492509117	OK	 
REQUEST		Spin	1788492509101	1788492509117	OK	 
REQUEST		Spin	1788492509108	1788492509120	OK	 
REQUEST		Spin	1788492509107	1788492509123	OK	 
REQUEST		Spin	1788492509107	1788492509123	OK	 
REQUEST		Spin	1788492509111	1788492509124	OK	 
REQUEST		Spin	1788492509114	1788492509125	OK	 
REQUEST		Spin	1788492509113	1788492509125	OK	 
REQUEST		Spin	1788492509128	1788492509135	OK	 
REQUEST		Spin	1788492509129	1788492509137	OK	 
REQUEST		Spin	1788492509131	1788492509138	OK	 
REQUEST		Spin	1788492509353	1788492509365	OK	 
REQUEST		Spin	1788492509356	1788492509367	OK	 
REQUEST		Spin	1788492509365	1788492509378	OK	 
REQUEST		Spin	1788492509369	1788492509378	OK	 
USER	naga777-grpc-player-journey	END	1788492509397
USER	naga777-grpc-player-journey	START	1788492509397
REQUEST		Join	1788492509397	1788492509405	OK	 
REQUEST		Spin	1788492509405	1788492509414	OK	 
REQUEST		Spin	1788492509415	1788492509422	OK	 
REQUEST		Spin	1788492509414	1788492509422	OK	 
REQUEST		Spin	1788492509418	1788492509425	OK	 
REQUEST		Spin	1788492509420	1788492509427	OK	 
REQUEST		Spin	1788492509428	1788492509435	OK	 
REQUEST		Spin	1788492509435	1788492509442	OK	 
REQUEST		Spin	1788492509435	1788492509442	OK	 
REQUEST		Spin	1788492509439	1788492509446	OK	 
REQUEST		Spin	1788492509584	1788492509600	OK	 
REQUEST		Spin	1788492509613	1788492509625	OK	 
REQUEST		Spin	1788492509622	1788492509631	OK	 
REQUEST		Spin	1788492509643	1788492509654	OK	 
USER	naga777-grpc-player-journey	END	1788492509736
USER	naga777-grpc-player-journey	START	1788492509736
REQUEST		Join	1788492509736	1788492509746	OK	 
REQUEST		Spin	1788492509746	1788492509757	OK	 
REQUEST		Spin	1788492509755	1788492509769	OK	 
REQUEST		Spin	1788492509758	1788492509769	OK	 
REQUEST		Spin	1788492509757	1788492509769	OK	 
REQUEST		Spin	1788492509766	1788492509777	OK	 
REQUEST		Spin	1788492509769	1788492509778	OK	 
REQUEST		Spin	1788492509771	1788492509780	OK	 
REQUEST		Spin	1788492509777	1788492509785	OK	 
REQUEST		Spin	1788492509783	1788492509790	OK	 
REQUEST		Spin	1788492509836	1788492509851	OK	 
REQUEST		Spin	1788492509836	1788492509851	OK	 
REQUEST		Spin	1788492509859	1788492509867	OK	 
REQUEST		Spin	1788492509864	1788492509873	OK	 
USER	naga777-grpc-player-journey	END	1788492510079
USER	naga777-grpc-player-journey	START	1788492510079
REQUEST		Join	1788492510079	1788492510096	OK	 
REQUEST		Spin	1788492510091	1788492510104	OK	 
REQUEST		Spin	1788492510096	1788492510107	OK	 
REQUEST		Spin	1788492510107	1788492510118	OK	 
REQUEST		Spin	1788492510110	1788492510122	OK	 
REQUEST		Spin	1788492510110	1788492510123	OK	 
REQUEST		Spin	1788492510110	1788492510123	OK	 
REQUEST		Spin	1788492510113	1788492510128	OK	 
REQUEST		Spin	1788492510116	1788492510130	OK	 
REQUEST		Spin	1788492510118	1788492510133	OK	 
REQUEST		Spin	1788492510121	1788492510133	OK	 
REQUEST		Spin	1788492510122	1788492510133	OK	 
REQUEST		Spin	1788492510118	1788492510133	OK	 
REQUEST		Spin	1788492510132	1788492510139	OK	 
REQUEST		Spin	1788492510348	1788492510359	OK	 
REQUEST		Spin	1788492510360	1788492510371	OK	 
REQUEST		Spin	1788492510360	1788492510371	OK	 
REQUEST		Spin	1788492510361	1788492510375	OK	 
USER	naga777-grpc-player-journey	END	1788492510399
USER	naga777-grpc-player-journey	START	1788492510399
REQUEST		Join	1788492510399	1788492510422	OK	 
REQUEST		Spin	1788492510417	1788492510436	OK	 
REQUEST		Spin	1788492510422	1788492510439	OK	 
REQUEST		Spin	1788492510425	1788492510440	OK	 
REQUEST		Spin	1788492510424	1788492510444	OK	 
REQUEST		Spin	1788492510430	1788492510447	OK	 
REQUEST		Spin	1788492510440	1788492510462	OK	 
REQUEST		Spin	1788492510438	1788492510462	OK	 
REQUEST		Spin	1788492510439	1788492510462	OK	 
REQUEST		Spin	1788492510443	1788492510462	OK	 
REQUEST		Spin	1788492510592	1788492510605	OK	 
REQUEST		Spin	1788492510606	1788492510620	OK	 
REQUEST		Spin	1788492510608	1788492510621	OK	 
REQUEST		Spin	1788492510617	1788492510631	OK	 
USER	naga777-grpc-player-journey	END	1788492510737
USER	naga777-grpc-player-journey	START	1788492510737
REQUEST		Join	1788492510737	1788492510744	OK	 
REQUEST		Spin	1788492510745	1788492510755	OK	 
REQUEST		Spin	1788492510755	1788492510764	OK	 
REQUEST		Spin	1788492510760	1788492510770	OK	 
REQUEST		Spin	1788492510760	1788492510770	OK	 
REQUEST		Spin	1788492510766	1788492510778	OK	 
REQUEST		Spin	1788492510770	1788492510780	OK	 
REQUEST		Spin	1788492510789	1788492510798	OK	 
REQUEST		Spin	1788492510790	1788492510798	OK	 
REQUEST		Spin	1788492510793	1788492510801	OK	 
REQUEST		Spin	1788492510825	1788492510836	OK	 
REQUEST		Spin	1788492510836	1788492510853	OK	 
REQUEST		Spin	1788492510850	1788492510859	OK	 
REQUEST		Spin	1788492510855	1788492510863	OK	 
USER	naga777-grpc-player-journey	END	1788492511092
USER	naga777-grpc-player-journey	START	1788492511092
REQUEST		Join	1788492511092	1788492511108	OK	 
REQUEST		Spin	1788492511099	1788492511126	OK	 
REQUEST		Spin	1788492511100	1788492511137	OK	 
REQUEST		Spin	1788492511108	1788492511142	OK	 
REQUEST		Spin	1788492511115	1788492511149	OK	 
REQUEST		Spin	1788492511114	1788492511150	OK	 
REQUEST		Spin	1788492511116	1788492511153	OK	 
REQUEST		Spin	1788492511116	1788492511158	OK	 
REQUEST		Spin	1788492511124	1788492511158	OK	 
REQUEST		Spin	1788492511122	1788492511158	OK	 
REQUEST		Spin	1788492511122	1788492511158	OK	 
REQUEST		Spin	1788492511128	1788492511158	OK	 
REQUEST		Spin	1788492511128	1788492511161	OK	 
REQUEST		Spin	1788492511142	1788492511163	OK	 
USER	naga777-grpc-player-journey	END	1788492511323
USER	naga777-grpc-player-journey	START	1788492511323
REQUEST		Join	1788492511324	1788492511331	OK	 
REQUEST		Spin	1788492511331	1788492511344	OK	 
REQUEST		Spin	1788492511344	1788492511354	OK	 
REQUEST		Spin	1788492511361	1788492511370	OK	 
REQUEST		Spin	1788492511366	1788492511374	OK	 
REQUEST		Spin	1788492511366	1788492511374	OK	 
REQUEST		Spin	1788492511419	1788492511430	OK	 
REQUEST		Spin	1788492511424	1788492511434	OK	 
REQUEST		Spin	1788492511428	1788492511437	OK	 
REQUEST		Spin	1788492511430	1788492511438	OK	 
REQUEST		Spin	1788492511444	1788492511453	OK	 
REQUEST		Spin	1788492511446	1788492511454	OK	 
REQUEST		Spin	1788492511463	1788492511476	OK	 
REQUEST		Spin	1788492511464	1788492511476	OK	 
USER	naga777-grpc-player-journey	END	1788492511566
USER	naga777-grpc-player-journey	START	1788492511566
REQUEST		Join	1788492511566	1788492511573	OK	 
REQUEST		Spin	1788492511573	1788492511582	OK	 
REQUEST		Spin	1788492511582	1788492511595	OK	 
REQUEST		Spin	1788492511593	1788492511604	OK	 
REQUEST		Spin	1788492511639	1788492511649	OK	 
REQUEST		Spin	1788492511643	1788492511654	OK	 
REQUEST		Spin	1788492511755	1788492511765	OK	 
REQUEST		Spin	1788492511762	1788492511771	OK	 
REQUEST		Spin	1788492511768	1788492511774	OK	 
REQUEST		Spin	1788492511772	1788492511780	OK	 
REQUEST		Spin	1788492511777	1788492511784	OK	 
REQUEST		Spin	1788492511781	1788492511789	OK	 
REQUEST		Spin	1788492511782	1788492511790	OK	 
REQUEST		Spin	1788492511782	1788492511790	OK	 
USER	naga777-grpc-player-journey	END	1788492511815
USER	naga777-grpc-player-journey	START	1788492511816
REQUEST		Join	1788492511816	1788492511823	OK	 
REQUEST		Spin	1788492511823	1788492511833	OK	 
REQUEST		Spin	1788492511833	1788492511844	OK	 
REQUEST		Spin	1788492511848	1788492511859	OK	 
REQUEST		Spin	1788492511850	1788492511859	OK	 
REQUEST		Spin	1788492511851	1788492511862	OK	 
REQUEST		Spin	1788492512102	1788492512112	OK	 
REQUEST		Spin	1788492512102	1788492512116	OK	 
REQUEST		Spin	1788492512105	1788492512116	OK	 
REQUEST		Spin	1788492512104	1788492512116	OK	 
REQUEST		Spin	1788492512104	1788492512116	OK	 
REQUEST		Spin	1788492512110	1788492512116	OK	 
REQUEST		Spin	1788492512116	1788492512123	OK	 
REQUEST		Spin	1788492512119	1788492512131	OK	 
REQUEST		Spin	1788492512120	1788492512131	OK	 
REQUEST		Spin	1788492512120	1788492512134	OK	 
REQUEST		Spin	1788492512121	1788492512134	OK	 
REQUEST		Spin	1788492512124	1788492512135	OK	 
REQUEST		Spin	1788492512354	1788492512370	OK	 
REQUEST		Spin	1788492512361	1788492512373	OK	 
REQUEST		Spin	1788492512364	1788492512373	OK	 
REQUEST		Spin	1788492512370	1788492512378	OK	 
REQUEST		Spin	1788492512414	1788492512423	OK	 
REQUEST		Spin	1788492512415	1788492512423	OK	 
REQUEST		Spin	1788492512421	1788492512429	OK	 
REQUEST		Spin	1788492512427	1788492512435	OK	 
REQUEST		Spin	1788492512430	1788492512437	OK	 
REQUEST		Spin	1788492512430	1788492512437	OK	 
REQUEST		Spin	1788492512437	1788492512444	OK	 
REQUEST		Spin	1788492512441	1788492512447	OK	 
REQUEST		Spin	1788492512587	1788492512604	OK	 
REQUEST		Spin	1788492512606	1788492512615	OK	 
REQUEST		Spin	1788492512610	1788492512620	OK	 
REQUEST		Spin	1788492512619	1788492512628	OK	 
REQUEST		Spin	1788492512760	1788492512785	OK	 
REQUEST		Spin	1788492512770	1788492512788	OK	 
REQUEST		Spin	1788492512771	1788492512788	OK	 
REQUEST		Spin	1788492512771	1788492512789	OK	 
REQUEST		Spin	1788492512770	1788492512789	OK	 
REQUEST		Spin	1788492512776	1788492512791	OK	 
REQUEST		Spin	1788492512787	1788492512796	OK	 
REQUEST		Spin	1788492512803	1788492512814	OK	 
REQUEST		Spin	1788492512831	1788492512841	OK	 
REQUEST		Spin	1788492512842	1788492512849	OK	 
REQUEST		Spin	1788492512858	1788492512865	OK	 
REQUEST		Spin	1788492512858	1788492512865	OK	 
REQUEST		Spin	1788492513103	1788492513120	OK	 
REQUEST		Spin	1788492513106	1788492513120	OK	 
REQUEST		Spin	1788492513102	1788492513122	OK	 
REQUEST		Spin	1788492513103	1788492513122	OK	 
REQUEST		Spin	1788492513110	1788492513122	OK	 
REQUEST		Spin	1788492513117	1788492513132	OK	 
REQUEST		Spin	1788492513117	1788492513132	OK	 
REQUEST		Spin	1788492513117	1788492513133	OK	 
REQUEST		Spin	1788492513117	1788492513133	OK	 
REQUEST		Spin	1788492513117	1788492513133	OK	 
REQUEST		Spin	1788492513117	1788492513133	OK	 
REQUEST		Spin	1788492513119	1788492513134	OK	 
REQUEST		Spin	1788492513356	1788492513369	OK	 
REQUEST		Spin	1788492513357	1788492513369	OK	 
REQUEST		Spin	1788492513356	1788492513369	OK	 
REQUEST		Spin	1788492513376	1788492513385	OK	 
REQUEST		Spin	1788492513416	1788492513422	OK	 
REQUEST		Spin	1788492513420	1788492513429	OK	 
REQUEST		Spin	1788492513420	1788492513429	OK	 
REQUEST		Spin	1788492513423	1788492513433	OK	 
REQUEST		Spin	1788492513429	1788492513436	OK	 
REQUEST		Spin	1788492513429	1788492513438	OK	 
REQUEST		Spin	1788492513442	1788492513451	OK	 
REQUEST		Spin	1788492513451	1788492513459	OK	 
REQUEST		Spin	1788492513603	1788492513620	OK	 
REQUEST		Spin	1788492513608	1788492513620	OK	 
REQUEST		Spin	1788492513606	1788492513622	OK	 
REQUEST		Spin	1788492513616	1788492513629	OK	 
REQUEST		Spin	1788492513753	1788492513770	OK	 
REQUEST		Spin	1788492513761	1788492513772	OK	 
REQUEST		Spin	1788492513763	1788492513772	OK	 
REQUEST		Spin	1788492513771	1788492513780	OK	 
REQUEST		Spin	1788492513771	1788492513780	OK	 
REQUEST		Spin	1788492513787	1788492513795	OK	 
REQUEST		Spin	1788492513809	1788492513819	OK	 
REQUEST		Spin	1788492513819	1788492513828	OK	 
REQUEST		Spin	1788492513834	1788492513842	OK	 
REQUEST		Spin	1788492513840	1788492513851	OK	 
REQUEST		Spin	1788492513851	1788492513859	OK	 
REQUEST		Spin	1788492513848	1788492513859	OK	 
REQUEST		Spin	1788492514102	1788492514129	OK	 
REQUEST		Spin	1788492514100	1788492514129	OK	 
REQUEST		Spin	1788492514109	1788492514129	OK	 
REQUEST		Spin	1788492514108	1788492514129	OK	 
REQUEST		Spin	1788492514103	1788492514129	OK	 
REQUEST		Spin	1788492514108	1788492514129	OK	 
REQUEST		Spin	1788492514112	1788492514129	OK	 
REQUEST		Spin	1788492514129	1788492514147	OK	 
REQUEST		Spin	1788492514130	1788492514147	OK	 
REQUEST		Spin	1788492514130	1788492514147	OK	 
REQUEST		Spin	1788492514126	1788492514147	OK	 
REQUEST		Spin	1788492514132	1788492514148	OK	 
REQUEST		Spin	1788492514355	1788492514374	OK	 
REQUEST		Spin	1788492514358	1788492514375	OK	 
REQUEST		Spin	1788492514367	1788492514379	OK	 
REQUEST		Spin	1788492514371	1788492514382	OK	 
REQUEST		Spin	1788492514416	1788492514427	OK	 
REQUEST		Spin	1788492514416	1788492514427	OK	 
REQUEST		Spin	1788492514418	1788492514428	OK	 
REQUEST		Spin	1788492514422	1788492514433	OK	 
REQUEST		Spin	1788492514433	1788492514440	OK	 
REQUEST		Spin	1788492514436	1788492514444	OK	 
REQUEST		Spin	1788492514438	1788492514445	OK	 
REQUEST		Spin	1788492514440	1788492514447	OK	 
REQUEST		Spin	1788492514585	1788492514606	OK	 
REQUEST		Spin	1788492514615	1788492514626	OK	 
REQUEST		Spin	1788492514624	1788492514633	OK	 
REQUEST		Spin	1788492514644	1788492514652	OK	 
REQUEST		Spin	1788492514756	1788492514773	OK	 
REQUEST		Spin	1788492514759	1788492514773	OK	 
REQUEST		Spin	1788492514760	1788492514773	OK	 
REQUEST		Spin	1788492514767	1788492514778	OK	 
REQUEST		Spin	1788492514771	1788492514780	OK	 
REQUEST		Spin	1788492514772	1788492514780	OK	 
REQUEST		Spin	1788492514779	1788492514788	OK	 
REQUEST		Spin	1788492514784	1788492514789	OK	 
REQUEST		Spin	1788492514839	1788492514850	OK	 
REQUEST		Spin	1788492514839	1788492514850	OK	 
REQUEST		Spin	1788492514861	1788492514872	OK	 
REQUEST		Spin	1788492514865	1788492514876	OK	 
REQUEST		Spin	1788492515111	1788492515125	OK	 
REQUEST		Spin	1788492515109	1788492515126	OK	 
REQUEST		Spin	1788492515115	1788492515131	OK	 
REQUEST		Spin	1788492515111	1788492515131	OK	 
REQUEST		Spin	1788492515112	1788492515131	OK	 
REQUEST		Spin	1788492515119	1788492515134	OK	 
REQUEST		Spin	1788492515121	1788492515135	OK	 
REQUEST		Spin	1788492515120	1788492515136	OK	 
REQUEST		Spin	1788492515118	1788492515136	OK	 
REQUEST		Spin	1788492515123	1788492515137	OK	 
REQUEST		Spin	1788492515133	1788492515141	OK	 
REQUEST		Spin	1788492515093	1788492515151	OK	 
REQUEST		Spin	1788492515348	1788492515369	OK	 
REQUEST		Spin	1788492515361	1788492515373	OK	 
REQUEST		Spin	1788492515361	1788492515373	OK	 
REQUEST		Spin	1788492515363	1788492515374	OK	 
REQUEST		Spin	1788492515418	1788492515429	OK	 
REQUEST		Spin	1788492515426	1788492515436	OK	 
REQUEST		Spin	1788492515426	1788492515436	OK	 
REQUEST		Spin	1788492515432	1788492515444	OK	 
REQUEST		Spin	1788492515439	1788492515452	OK	 
REQUEST		Spin	1788492515440	1788492515452	OK	 
REQUEST		Spin	1788492515441	1788492515452	OK	 
REQUEST		Spin	1788492515444	1788492515453	OK	 
REQUEST		Spin	1788492515593	1788492515620	OK	 
REQUEST		Spin	1788492515608	1788492515624	OK	 
REQUEST		Spin	1788492515610	1788492515626	OK	 
REQUEST		Spin	1788492515618	1788492515630	OK	 
REQUEST		Spin	1788492515761	1788492515776	OK	 
REQUEST		Spin	1788492515760	1788492515776	OK	 
REQUEST		Spin	1788492515757	1788492515776	OK	 
REQUEST		Spin	1788492515767	1788492515780	OK	 
REQUEST		Spin	1788492515772	1788492515790	OK	 
REQUEST		Spin	1788492515790	1788492515804	OK	 
REQUEST		Spin	1788492515792	1788492515804	OK	 
REQUEST		Spin	1788492515797	1788492515809	OK	 
REQUEST		Spin	1788492515826	1788492515837	OK	 
REQUEST		Spin	1788492515837	1788492515847	OK	 
REQUEST		Spin	1788492515852	1788492515863	OK	 
REQUEST		Spin	1788492515857	1788492515867	OK	 
REQUEST		Spin	1788492516100	1788492516116	OK	 
REQUEST		Spin	1788492516102	1788492516117	OK	 
REQUEST		Spin	1788492516115	1788492516127	OK	 
REQUEST		Spin	1788492516117	1788492516127	OK	 
REQUEST		Spin	1788492516117	1788492516128	OK	 
REQUEST		Spin	1788492516115	1788492516131	OK	 
REQUEST		Spin	1788492516126	1788492516138	OK	 
REQUEST		Spin	1788492516123	1788492516138	OK	 
REQUEST		Spin	1788492516123	1788492516140	OK	 
REQUEST		Spin	1788492516130	1788492516141	OK	 
REQUEST		Spin	1788492516130	1788492516142	OK	 
REQUEST		Spin	1788492516143	1788492516150	OK	 
REQUEST		Spin	1788492516346	1788492516363	OK	 
REQUEST		Spin	1788492516362	1788492516375	OK	 
REQUEST		Spin	1788492516367	1788492516380	OK	 
REQUEST		Spin	1788492516367	1788492516380	OK	 
REQUEST		Spin	1788492516420	1788492516431	OK	 
REQUEST		Spin	1788492516425	1788492516435	OK	 
REQUEST		Spin	1788492516429	1788492516438	OK	 
REQUEST		Spin	1788492516431	1788492516440	OK	 
REQUEST		Spin	1788492516446	1788492516454	OK	 
REQUEST		Spin	1788492516448	1788492516456	OK	 
REQUEST		Spin	1788492516464	1788492516472	OK	 
REQUEST		Spin	1788492516466	1788492516473	OK	 
REQUEST		Spin	1788492516583	1788492516595	OK	 
REQUEST		Spin	1788492516594	1788492516603	OK	 
REQUEST		Spin	1788492516640	1788492516653	OK	 
REQUEST		Spin	1788492516644	1788492516654	OK	 
REQUEST		Spin	1788492516757	1788492516767	OK	 
REQUEST		Spin	1788492516763	1788492516772	OK	 
REQUEST		Spin	1788492516770	1788492516778	OK	 
REQUEST		Spin	1788492516773	1788492516781	OK	 
REQUEST		Spin	1788492516778	1788492516789	OK	 
REQUEST		Spin	1788492516783	1788492516802	OK	 
REQUEST		Spin	1788492516783	1788492516802	OK	 
REQUEST		Spin	1788492516784	1788492516803	OK	 
REQUEST		Spin	1788492516834	1788492516845	OK	 
REQUEST		Spin	1788492516850	1788492516858	OK	 
REQUEST		Spin	1788492516848	1788492516861	OK	 
REQUEST		Spin	1788492516852	1788492516868	OK	 
REQUEST		Spin	1788492517105	1788492517119	OK	 
REQUEST		Spin	1788492517104	1788492517119	OK	 
REQUEST		Spin	1788492517105	1788492517119	OK	 
REQUEST		Spin	1788492517103	1788492517119	OK	 
REQUEST		Spin	1788492517105	1788492517120	OK	 
REQUEST		Spin	1788492517112	1788492517122	OK	 
REQUEST		Spin	1788492517119	1788492517132	OK	 
REQUEST		Spin	1788492517122	1788492517132	OK	 
REQUEST		Spin	1788492517121	1788492517132	OK	 
REQUEST		Spin	1788492517121	1788492517132	OK	 
REQUEST		Spin	1788492517121	1788492517132	OK	 
REQUEST		Spin	1788492517126	1788492517136	OK	 
REQUEST		Spin	1788492517361	1788492517381	OK	 
REQUEST		Spin	1788492517355	1788492517381	OK	 
REQUEST		Spin	1788492517366	1788492517381	OK	 
REQUEST		Spin	1788492517371	1788492517385	OK	 
REQUEST		Spin	1788492517415	1788492517426	OK	 
REQUEST		Spin	1788492517415	1788492517426	OK	 
REQUEST		Spin	1788492517422	1788492517432	OK	 
REQUEST		Spin	1788492517428	1788492517439	OK	 
REQUEST		Spin	1788492517431	1788492517439	OK	 
REQUEST		Spin	1788492517431	1788492517439	OK	 
REQUEST		Spin	1788492517439	1788492517446	OK	 
REQUEST		Spin	1788492517443	1788492517449	OK	 
REQUEST		Spin	1788492517588	1788492517601	OK	 
REQUEST		Spin	1788492517607	1788492517618	OK	 
REQUEST		Spin	1788492517611	1788492517624	OK	 
REQUEST		Spin	1788492517620	1788492517629	OK	 
REQUEST		Spin	1788492517761	1788492517778	OK	 
REQUEST		Spin	1788492517770	1788492517785	OK	 
REQUEST		Spin	1788492517772	1788492517785	OK	 
REQUEST		Spin	1788492517772	1788492517785	OK	 
REQUEST		Spin	1788492517771	1788492517786	OK	 
REQUEST		Spin	1788492517777	1788492517788	OK	 
REQUEST		Spin	1788492517788	1788492517796	OK	 
REQUEST		Spin	1788492517805	1788492517813	OK	 
REQUEST		Spin	1788492517832	1788492517841	OK	 
REQUEST		Spin	1788492517844	1788492517852	OK	 
REQUEST		Spin	1788492517860	1788492517867	OK	 
REQUEST		Spin	1788492517859	1788492517867	OK	 
REQUEST		Spin	1788492518106	1788492518138	OK	 
REQUEST		Spin	1788492518107	1788492518145	OK	 
REQUEST		Spin	1788492518119	1788492518148	OK	 
REQUEST		Spin	1788492518119	1788492518148	OK	 
REQUEST		Spin	1788492518119	1788492518149	OK	 
REQUEST		Spin	1788492518119	1788492518149	OK	 
REQUEST		Spin	1788492518108	1788492518150	OK	 
REQUEST		Spin	1788492518115	1788492518150	OK	 
REQUEST		Spin	1788492518119	1788492518150	OK	 
REQUEST		Spin	1788492518119	1788492518150	OK	 
REQUEST		Spin	1788492518107	1788492518150	OK	 
REQUEST		Spin	1788492518119	1788492518151	OK	 
REQUEST		Spin	1788492518358	1788492518371	OK	 
REQUEST		Spin	1788492518357	1788492518371	OK	 
REQUEST		Spin	1788492518358	1788492518371	OK	 
REQUEST		Spin	1788492518378	1788492518387	OK	 
REQUEST		Spin	1788492518419	1788492518434	OK	 
REQUEST		Spin	1788492518423	1788492518435	OK	 
REQUEST		Spin	1788492518424	1788492518436	OK	 
REQUEST		Spin	1788492518423	1788492518437	OK	 
REQUEST		Spin	1788492518429	1788492518440	OK	 
REQUEST		Spin	1788492518431	1788492518440	OK	 
REQUEST		Spin	1788492518443	1788492518452	OK	 
REQUEST		Spin	1788492518452	1788492518460	OK	 
REQUEST		Spin	1788492518606	1788492518645	OK	 
REQUEST		Spin	1788492518617	1788492518645	OK	 
REQUEST		Spin	1788492518607	1788492518645	OK	 
REQUEST		Spin	1788492518609	1788492518645	OK	 
REQUEST		Spin	1788492518755	1788492518777	OK	 
REQUEST		Spin	1788492518762	1788492518780	OK	 
REQUEST		Spin	1788492518764	1788492518780	OK	 
REQUEST		Spin	1788492518773	1788492518785	OK	 
REQUEST		Spin	1788492518772	1788492518785	OK	 
REQUEST		Spin	1788492518788	1788492518800	OK	 
REQUEST		Spin	1788492518810	1788492518821	OK	 
REQUEST		Spin	1788492518820	1788492518828	OK	 
REQUEST		Spin	1788492518836	1788492518845	OK	 
REQUEST		Spin	1788492518841	1788492518849	OK	 
REQUEST		Spin	1788492518849	1788492518858	OK	 
REQUEST		Spin	1788492518852	1788492518860	OK	 
REQUEST		Spin	1788492519101	1788492519129	OK	 
REQUEST		Spin	1788492519105	1788492519131	OK	 
REQUEST		Spin	1788492519104	1788492519131	OK	 
REQUEST		Spin	1788492519109	1788492519132	OK	 
REQUEST		Spin	1788492519109	1788492519133	OK	 
REQUEST		Spin	1788492519109	1788492519134	OK	 
REQUEST		Spin	1788492519113	1788492519137	OK	 
REQUEST		Spin	1788492519128	1788492519144	OK	 
REQUEST		Spin	1788492519130	1788492519144	OK	 
REQUEST		Spin	1788492519131	1788492519144	OK	 
REQUEST		Spin	1788492519134	1788492519147	OK	 
REQUEST		Spin	1788492519132	1788492519147	OK	 
REQUEST		Spin	1788492519357	1788492519372	OK	 
REQUEST		Spin	1788492519360	1788492519372	OK	 
REQUEST		Spin	1788492519368	1788492519379	OK	 
REQUEST		Spin	1788492519372	1788492519381	OK	 
REQUEST		Spin	1788492519416	1788492519427	OK	 
REQUEST		Spin	1788492519417	1788492519428	OK	 
REQUEST		Spin	1788492519419	1788492519430	OK	 
REQUEST		Spin	1788492519424	1788492519433	OK	 
REQUEST		Spin	1788492519434	1788492519442	OK	 
REQUEST		Spin	1788492519437	1788492519446	OK	 
REQUEST		Spin	1788492519440	1788492519450	OK	 
REQUEST		Spin	1788492519441	1788492519450	OK	 
REQUEST		Spin	1788492519586	1788492519608	OK	 
REQUEST		Spin	1788492519617	1788492519632	OK	 
REQUEST		Spin	1788492519626	1788492519637	OK	 
REQUEST		Spin	1788492519645	1788492519655	OK	 
REQUEST		Spin	1788492519758	1788492519771	OK	 
REQUEST		Spin	1788492519760	1788492519773	OK	 
REQUEST		Spin	1788492519761	1788492519774	OK	 
REQUEST		Spin	1788492519768	1788492519780	OK	 
REQUEST		Spin	1788492519771	1788492519782	OK	 
REQUEST		Spin	1788492519774	1788492519782	OK	 
REQUEST		Spin	1788492519781	1788492519789	OK	 
REQUEST		Spin	1788492519786	1788492519793	OK	 
REQUEST		Spin	1788492519840	1788492519852	OK	 
REQUEST		Spin	1788492519840	1788492519852	OK	 
REQUEST		Spin	1788492519863	1788492519874	OK	 
REQUEST		Spin	1788492519866	1788492519875	OK	 
REQUEST		Spin	1788492520094	1788492520097	OK	 
REQUEST		Spin	1788492520111	1788492520140	OK	 
REQUEST		Spin	1788492520112	1788492520143	OK	 
REQUEST		Spin	1788492520111	1788492520143	OK	 
REQUEST		Spin	1788492520113	1788492520144	OK	 
REQUEST		Spin	1788492520122	1788492520144	OK	 
REQUEST		Spin	1788492520122	1788492520145	OK	 
REQUEST		Spin	1788492520122	1788492520145	OK	 
REQUEST		Spin	1788492520125	1788492520145	OK	 
REQUEST		Spin	1788492520116	1788492520146	OK	 
REQUEST		Spin	1788492520123	1788492520146	OK	 
REQUEST		Spin	1788492520134	1788492520151	OK	 
REQUEST		Spin	1788492520350	1788492520373	OK	 
REQUEST		Spin	1788492520361	1788492520375	OK	 
REQUEST		Spin	1788492520363	1788492520375	OK	 
REQUEST		Spin	1788492520364	1788492520376	OK	 
REQUEST		Spin	1788492520419	1788492520428	OK	 
REQUEST		Spin	1788492520427	1788492520435	OK	 
REQUEST		Spin	1788492520428	1788492520436	OK	 
REQUEST		Spin	1788492520433	1788492520441	OK	 
REQUEST		Spin	1788492520440	1788492520448	OK	 
REQUEST		Spin	1788492520442	1788492520450	OK	 
REQUEST		Spin	1788492520443	1788492520452	OK	 
REQUEST		Spin	1788492520446	1788492520453	OK	 
REQUEST		Spin	1788492520594	1788492520613	OK	 
REQUEST		Spin	1788492520611	1788492520625	OK	 
REQUEST		Spin	1788492520609	1788492520625	OK	 
REQUEST		Spin	1788492520624	1788492520637	OK	 
REQUEST		Spin	1788492520762	1788492520781	OK	 
REQUEST		Spin	1788492520759	1788492520783	OK	 
REQUEST		Spin	1788492520762	1788492520783	OK	 
REQUEST		Spin	1788492520772	1788492520788	OK	 
REQUEST		Spin	1788492520768	1788492520788	OK	 
REQUEST		Spin	1788492520791	1788492520810	OK	 
REQUEST		Spin	1788492520793	1788492520810	OK	 
REQUEST		Spin	1788492520798	1788492520815	OK	 
REQUEST		Spin	1788492520827	1788492520837	OK	 
REQUEST		Spin	1788492520839	1788492520848	OK	 
REQUEST		Spin	1788492520853	1788492520860	OK	 
REQUEST		Spin	1788492520858	1788492520865	OK	 
REQUEST		Spin	1788492521101	1788492521127	OK	 
REQUEST		Spin	1788492521102	1788492521127	OK	 
REQUEST		Spin	1788492521116	1788492521133	OK	 
REQUEST		Spin	1788492521116	1788492521134	OK	 
REQUEST		Spin	1788492521118	1788492521137	OK	 
REQUEST		Spin	1788492521118	1788492521139	OK	 
REQUEST		Spin	1788492521127	1788492521142	OK	 
REQUEST		Spin	1788492521128	1788492521142	OK	 
REQUEST		Spin	1788492521127	1788492521143	OK	 
REQUEST		Spin	1788492521131	1788492521145	OK	 
REQUEST		Spin	1788492521130	1788492521145	OK	 
REQUEST		Spin	1788492521144	1788492521153	OK	 
REQUEST		Spin	1788492521347	1788492521368	OK	 
REQUEST		Spin	1788492521364	1788492521378	OK	 
REQUEST		Spin	1788492521370	1788492521379	OK	 
REQUEST		Spin	1788492521369	1788492521381	OK	 
REQUEST		Spin	1788492521421	1788492521434	OK	 
REQUEST		Spin	1788492521426	1788492521436	OK	 
REQUEST		Spin	1788492521430	1788492521439	OK	 
REQUEST		Spin	1788492521435	1788492521443	OK	 
REQUEST		Spin	1788492521448	1788492521459	OK	 
REQUEST		Spin	1788492521450	1788492521460	OK	 
REQUEST		Spin	1788492521466	1788492521477	OK	 
REQUEST		Spin	1788492521468	1788492521477	OK	 
REQUEST		Spin	1788492521584	1788492521595	OK	 
REQUEST		Spin	1788492521595	1788492521605	OK	 
REQUEST		Spin	1788492521641	1788492521650	OK	 
REQUEST		Spin	1788492521646	1788492521654	OK	 
REQUEST		Spin	1788492521758	1788492521773	OK	 
REQUEST		Spin	1788492521765	1788492521778	OK	 
REQUEST		Spin	1788492521771	1788492521783	OK	 
REQUEST		Spin	1788492521774	1788492521786	OK	 
REQUEST		Spin	1788492521778	1788492521788	OK	 
REQUEST		Spin	1788492521785	1788492521795	OK	 
REQUEST		Spin	1788492521785	1788492521795	OK	 
REQUEST		Spin	1788492521785	1788492521795	OK	 
REQUEST		Spin	1788492521835	1788492521845	OK	 
REQUEST		Spin	1788492521849	1788492521857	OK	 
REQUEST		Spin	1788492521852	1788492521860	OK	 
REQUEST		Spin	1788492521853	1788492521862	OK	 
REQUEST		Spin	1788492522105	1788492522125	OK	 
REQUEST		Spin	1788492522105	1788492522127	OK	 
REQUEST		Spin	1788492522103	1788492522127	OK	 
REQUEST		Spin	1788492522106	1788492522138	OK	 
REQUEST		Spin	1788492522106	1788492522138	OK	 
REQUEST		Spin	1788492522113	1788492522141	OK	 
REQUEST		Spin	1788492522121	1788492522142	OK	 
REQUEST		Spin	1788492522122	1788492522142	OK	 
REQUEST		Spin	1788492522128	1788492522144	OK	 
REQUEST		Spin	1788492522122	1788492522144	OK	 
REQUEST		Spin	1788492522124	1788492522144	OK	 
REQUEST		Spin	1788492522122	1788492522145	OK	 
REQUEST		Spin	1788492522363	1788492522376	OK	 
REQUEST		Spin	1788492522357	1788492522376	OK	 
REQUEST		Spin	1788492522368	1788492522380	OK	 
REQUEST		Spin	1788492522373	1788492522381	OK	 
REQUEST		Spin	1788492522417	1788492522427	OK	 
REQUEST		Spin	1788492522416	1788492522427	OK	 
REQUEST		Spin	1788492522424	1788492522434	OK	 
REQUEST		Spin	1788492522429	1788492522439	OK	 
REQUEST		Spin	1788492522432	1788492522441	OK	 
REQUEST		Spin	1788492522433	1788492522441	OK	 
REQUEST		Spin	1788492522441	1788492522449	OK	 
REQUEST		Spin	1788492522444	1788492522452	OK	 
REQUEST		Spin	1788492522589	1788492522599	OK	 
REQUEST		Spin	1788492522608	1788492522615	OK	 
REQUEST		Spin	1788492522612	1788492522620	OK	 
REQUEST		Spin	1788492522621	1788492522628	OK	 
REQUEST		Spin	1788492522763	1788492522785	OK	 
REQUEST		Spin	1788492522772	1788492522788	OK	 
REQUEST		Spin	1788492522774	1788492522789	OK	 
REQUEST		Spin	1788492522774	1788492522789	OK	 
REQUEST		Spin	1788492522771	1788492522791	OK	 
REQUEST		Spin	1788492522778	1788492522794	OK	 
REQUEST		Spin	1788492522790	1788492522800	OK	 
REQUEST		Spin	1788492522806	1788492522814	OK	 
REQUEST		Spin	1788492522833	1788492522842	OK	 
REQUEST		Spin	1788492522845	1788492522852	OK	 
REQUEST		Spin	1788492522861	1788492522869	OK	 
REQUEST		Spin	1788492522861	1788492522869	OK	 
REQUEST		Spin	1788492523109	1788492523139	OK	 
REQUEST		Spin	1788492523109	1788492523141	OK	 
REQUEST		Spin	1788492523120	1788492523142	OK	 
REQUEST		Spin	1788492523109	1788492523143	OK	 
REQUEST		Spin	1788492523108	1788492523147	OK	 
REQUEST		Spin	1788492523121	1788492523148	OK	 
REQUEST		Spin	1788492523120	1788492523148	OK	 
REQUEST		Spin	1788492523115	1788492523148	OK	 
REQUEST		Spin	1788492523125	1788492523149	OK	 
REQUEST		Spin	1788492523125	1788492523150	OK	 
REQUEST		Spin	1788492523125	1788492523151	OK	 
REQUEST		Spin	1788492523125	1788492523151	OK	 
REQUEST		Spin	1788492523359	1788492523381	OK	 
REQUEST		Spin	1788492523360	1788492523381	OK	 
REQUEST		Spin	1788492523359	1788492523381	OK	 
REQUEST		Spin	1788492523380	1788492523394	OK	 
REQUEST		Spin	1788492523419	1788492523432	OK	 
REQUEST		Spin	1788492523424	1788492523438	OK	 
REQUEST		Spin	1788492523425	1788492523440	OK	 
REQUEST		Spin	1788492523425	1788492523440	OK	 
REQUEST		Spin	1788492523430	1788492523446	OK	 
REQUEST		Spin	1788492523433	1788492523447	OK	 
REQUEST		Spin	1788492523445	1788492523454	OK	 
REQUEST		Spin	1788492523454	1788492523462	OK	 
REQUEST		Spin	1788492523608	1788492523618	OK	 
REQUEST		Spin	1788492523608	1788492523618	OK	 
REQUEST		Spin	1788492523611	1788492523621	OK	 
REQUEST		Spin	1788492523621	1788492523627	OK	 
REQUEST		Spin	1788492523757	1788492523779	OK	 
REQUEST		Spin	1788492523763	1788492523780	OK	 
REQUEST		Spin	1788492523765	1788492523781	OK	 
REQUEST		Spin	1788492523773	1788492523785	OK	 
REQUEST		Spin	1788492523773	1788492523786	OK	 
REQUEST		Spin	1788492523790	1788492523801	OK	 
REQUEST		Spin	1788492523812	1788492523824	OK	 
REQUEST		Spin	1788492523825	1788492523832	OK	 
REQUEST		Spin	1788492523839	1788492523847	OK	 
REQUEST		Spin	1788492523842	1788492523850	OK	 
REQUEST		Spin	1788492523850	1788492523857	OK	 
REQUEST		Spin	1788492523853	1788492523859	OK	 
REQUEST		Spin	1788492524103	1788492524125	OK	 
REQUEST		Spin	1788492524105	1788492524126	OK	 
REQUEST		Spin	1788492524106	1788492524126	OK	 
REQUEST		Spin	1788492524111	1788492524127	OK	 
REQUEST		Spin	1788492524111	1788492524127	OK	 
REQUEST		Spin	1788492524110	1788492524128	OK	 
REQUEST		Spin	1788492524114	1788492524130	OK	 
REQUEST		Spin	1788492524129	1788492524141	OK	 
REQUEST		Spin	1788492524130	1788492524140	OK	 
REQUEST		Spin	1788492524133	1788492524144	OK	 
REQUEST		Spin	1788492524133	1788492524144	OK	 
REQUEST		Spin	1788492524135	1788492524144	OK	 
REQUEST		Spin	1788492524358	1788492524372	OK	 
REQUEST		Spin	1788492524361	1788492524373	OK	 
REQUEST		Spin	1788492524369	1788492524379	OK	 
REQUEST		Spin	1788492524374	1788492524382	OK	 
REQUEST		Spin	1788492524419	1788492524430	OK	 
REQUEST		Spin	1788492524417	1788492524430	OK	 
REQUEST		Spin	1788492524422	1788492524432	OK	 
REQUEST		Spin	1788492524424	1788492524434	OK	 
REQUEST		Spin	1788492524436	1788492524445	OK	 
REQUEST		Spin	1788492524439	1788492524448	OK	 
REQUEST		Spin	1788492524441	1788492524451	OK	 
REQUEST		Spin	1788492524443	1788492524453	OK	 
REQUEST		Spin	1788492524587	1788492524607	OK	 
REQUEST		Spin	1788492524619	1788492524630	OK	 
REQUEST		Spin	1788492524627	1788492524638	OK	 
REQUEST		Spin	1788492524646	1788492524655	OK	 
REQUEST		Spin	1788492524761	1788492524779	OK	 
REQUEST		Spin	1788492524762	1788492524779	OK	 
REQUEST		Spin	1788492524759	1788492524779	OK	 
REQUEST		Spin	1788492524769	1788492524786	OK	 
REQUEST		Spin	1788492524773	1788492524793	OK	 
REQUEST		Spin	1788492524776	1788492524793	OK	 
REQUEST		Spin	1788492524782	1788492524797	OK	 
REQUEST		Spin	1788492524787	1788492524801	OK	 
REQUEST		Spin	1788492524840	1788492524851	OK	 
REQUEST		Spin	1788492524841	1788492524851	OK	 
REQUEST		Spin	1788492524864	1788492524875	OK	 
REQUEST		Spin	1788492524868	1788492524877	OK	 
REQUEST		Spin	1788492525095	1788492525100	OK	 
REQUEST		Spin	1788492525114	1788492525133	OK	 
REQUEST		Spin	1788492525114	1788492525133	OK	 
REQUEST		Spin	1788492525112	1788492525134	OK	 
REQUEST		Spin	1788492525113	1788492525134	OK	 
REQUEST		Spin	1788492525117	1788492525138	OK	 
REQUEST		Spin	1788492525124	1788492525143	OK	 
REQUEST		Spin	1788492525126	1788492525144	OK	 
REQUEST		Spin	1788492525124	1788492525144	OK	 
REQUEST		Spin	1788492525124	1788492525144	OK	 
REQUEST		Spin	1788492525127	1788492525144	OK	 
REQUEST		Spin	1788492525137	1788492525149	OK	 
REQUEST		Spin	1788492525364	1788492525390	OK	 
REQUEST		Spin	1788492525364	1788492525391	OK	 
REQUEST		Spin	1788492525366	1788492525391	OK	 
REQUEST		Spin	1788492525351	1788492525391	OK	 
REQUEST		Spin	1788492525421	1788492525433	OK	 
REQUEST		Spin	1788492525428	1788492525439	OK	 
REQUEST		Spin	1788492525428	1788492525439	OK	 
REQUEST		Spin	1788492525433	1788492525444	OK	 
REQUEST		Spin	1788492525442	1788492525452	OK	 
REQUEST		Spin	1788492525442	1788492525452	OK	 
REQUEST		Spin	1788492525444	1788492525454	OK	 
REQUEST		Spin	1788492525448	1788492525455	OK	 
REQUEST		Spin	1788492525599	1788492525623	OK	 
REQUEST		Spin	1788492525610	1788492525624	OK	 
REQUEST		Spin	1788492525613	1788492525625	OK	 
REQUEST		Spin	1788492525625	1788492525635	OK	 
REQUEST		Spin	1788492525761	1788492525785	OK	 
REQUEST		Spin	1788492525764	1788492525785	OK	 
REQUEST		Spin	1788492525764	1788492525786	OK	 
REQUEST		Spin	1788492525769	1788492525786	OK	 
REQUEST		Spin	1788492525773	1788492525788	OK	 
REQUEST		Spin	1788492525793	1788492525804	OK	 
REQUEST		Spin	1788492525795	1788492525804	OK	 
REQUEST		Spin	1788492525799	1788492525807	OK	 
REQUEST		Spin	1788492525829	1788492525838	OK	 
REQUEST		Spin	1788492525841	1788492525846	OK	 
REQUEST		Spin	1788492525854	1788492525861	OK	 
REQUEST		Spin	1788492525860	1788492525866	OK	 
REQUEST		Spin	1788492526103	1788492526125	OK	 
REQUEST		Spin	1788492526103	1788492526125	OK	 
REQUEST		Spin	1788492526117	1788492526137	OK	 
REQUEST		Spin	1788492526119	1788492526138	OK	 
REQUEST		Spin	1788492526118	1788492526140	OK	 
REQUEST		Spin	1788492526119	1788492526141	OK	 
REQUEST		Spin	1788492526128	1788492526146	OK	 
REQUEST		Spin	1788492526130	1788492526146	OK	 
REQUEST		Spin	1788492526129	1788492526147	OK	 
REQUEST		Spin	1788492526132	1788492526149	OK	 
REQUEST		Spin	1788492526131	1788492526150	OK	 
REQUEST		Spin	1788492526145	1788492526154	OK	 
REQUEST		Spin	1788492526347	1788492526358	OK	 
REQUEST		Spin	1788492526366	1788492526374	OK	 
REQUEST		Spin	1788492526369	1788492526378	OK	 
REQUEST		Spin	1788492526372	1788492526379	OK	 
REQUEST		Spin	1788492526423	1788492526433	OK	 
REQUEST		Spin	1788492526426	1788492526436	OK	 
REQUEST		Spin	1788492526430	1788492526439	OK	 
REQUEST		Spin	1788492526437	1788492526444	OK	 
REQUEST		Spin	1788492526450	1788492526458	OK	 
REQUEST		Spin	1788492526451	1788492526458	OK	 
REQUEST		Spin	1788492526468	1788492526475	OK	 
REQUEST		Spin	1788492526469	1788492526476	OK	 
REQUEST		Spin	1788492526586	1788492526597	OK	 
REQUEST		Spin	1788492526596	1788492526605	OK	 
REQUEST		Spin	1788492526642	1788492526654	OK	 
REQUEST		Spin	1788492526647	1788492526658	OK	 
REQUEST		Spin	1788492526760	1788492526773	OK	 
REQUEST		Spin	1788492526766	1788492526778	OK	 
REQUEST		Spin	1788492526772	1788492526783	OK	 
REQUEST		Spin	1788492526774	1788492526784	OK	 
REQUEST		Spin	1788492526779	1788492526788	OK	 
REQUEST		Spin	1788492526785	1788492526796	OK	 
REQUEST		Spin	1788492526785	1788492526796	OK	 
REQUEST		Spin	1788492526785	1788492526796	OK	 
REQUEST		Spin	1788492526837	1788492526846	OK	 
REQUEST		Spin	1788492526850	1788492526859	OK	 
REQUEST		Spin	1788492526854	1788492526862	OK	 
REQUEST		Spin	1788492526854	1788492526862	OK	 
REQUEST		Spin	1788492527107	1788492527130	OK	 
REQUEST		Spin	1788492527108	1788492527131	OK	 
REQUEST		Spin	1788492527104	1788492527133	OK	 
REQUEST		Spin	1788492527107	1788492527135	OK	 
REQUEST		Spin	1788492527108	1788492527136	OK	 
REQUEST		Spin	1788492527114	1788492527138	OK	 
REQUEST		Spin	1788492527123	1788492527145	OK	 
REQUEST		Spin	1788492527124	1788492527146	OK	 
REQUEST		Spin	1788492527122	1788492527147	OK	 
REQUEST		Spin	1788492527126	1788492527147	OK	 
REQUEST		Spin	1788492527129	1788492527147	OK	 
REQUEST		Spin	1788492527124	1788492527148	OK	 
REQUEST		Spin	1788492527358	1788492527366	OK	 
REQUEST		Spin	1788492527364	1788492527371	OK	 
REQUEST		Spin	1788492527369	1788492527374	OK	 
REQUEST		Spin	1788492527375	1788492527379	OK	 
REQUEST		Spin	1788492527418	1788492527426	OK	 
REQUEST		Spin	1788492527418	1788492527426	OK	 
REQUEST		Spin	1788492527425	1788492527432	OK	 
REQUEST		Spin	1788492527430	1788492527439	OK	 
REQUEST		Spin	1788492527433	1788492527442	OK	 
REQUEST		Spin	1788492527434	1788492527443	OK	 
REQUEST		Spin	1788492527442	1788492527450	OK	 
REQUEST		Spin	1788492527445	1788492527452	OK	 
REQUEST		Spin	1788492527591	1788492527606	OK	 
REQUEST		Spin	1788492527609	1788492527624	OK	 
REQUEST		Spin	1788492527613	1788492527628	OK	 
REQUEST		Spin	1788492527624	1788492527635	OK	 
REQUEST		Spin	1788492527765	1788492527787	OK	 
REQUEST		Spin	1788492527773	1788492527795	OK	 
REQUEST		Spin	1788492527773	1788492527795	OK	 
REQUEST		Spin	1788492527775	1788492527795	OK	 
REQUEST		Spin	1788492527776	1788492527798	OK	 
REQUEST		Spin	1788492527779	1788492527798	OK	 
REQUEST		Spin	1788492527791	1788492527805	OK	 
REQUEST		Spin	1788492527807	1788492527820	OK	 
REQUEST		Spin	1788492527834	1788492527843	OK	 
REQUEST		Spin	1788492527847	1788492527856	OK	 
REQUEST		Spin	1788492527862	1788492527871	OK	 
REQUEST		Spin	1788492527862	1788492527871	OK	 
REQUEST		Spin	1788492528110	1788492528146	OK	 
REQUEST		Spin	1788492528110	1788492528148	OK	 
REQUEST		Spin	1788492528123	1788492528152	OK	 
REQUEST		Spin	1788492528110	1788492528154	OK	 
REQUEST		Spin	1788492528123	1788492528154	OK	 
REQUEST		Spin	1788492528123	1788492528154	OK	 
REQUEST		Spin	1788492528110	1788492528154	OK	 
REQUEST		Spin	1788492528126	1788492528154	OK	 
REQUEST		Spin	1788492528123	1788492528155	OK	 
REQUEST		Spin	1788492528126	1788492528155	OK	 
REQUEST		Spin	1788492528127	1788492528155	OK	 
REQUEST		Spin	1788492528127	1788492528156	OK	 
REQUEST		Spin	1788492528363	1788492528390	OK	 
REQUEST		Spin	1788492528361	1788492528390	OK	 
REQUEST		Spin	1788492528361	1788492528391	OK	 
REQUEST		Spin	1788492528382	1788492528395	OK	 
REQUEST		Spin	1788492528421	1788492528434	OK	 
REQUEST		Spin	1788492528426	1788492528437	OK	 
REQUEST		Spin	1788492528425	1788492528438	OK	 
REQUEST		Spin	1788492528427	1788492528440	OK	 
REQUEST		Spin	1788492528431	1788492528442	OK	 
REQUEST		Spin	1788492528434	1788492528445	OK	 
REQUEST		Spin	1788492528447	1788492528455	OK	 
REQUEST		Spin	1788492528456	1788492528462	OK	 
REQUEST		Spin	1788492528608	1788492528628	OK	 
REQUEST		Spin	1788492528610	1788492528629	OK	 
REQUEST		Spin	1788492528611	1788492528629	OK	 
REQUEST		Spin	1788492528623	1788492528638	OK	 
REQUEST		Spin	1788492528759	1788492528776	OK	 
REQUEST		Spin	1788492528764	1788492528778	OK	 
REQUEST		Spin	1788492528766	1788492528779	OK	 
REQUEST		Spin	1788492528774	1788492528787	OK	 
REQUEST		Spin	1788492528774	1788492528787	OK	 
REQUEST		Spin	1788492528792	1788492528805	OK	 
REQUEST		Spin	1788492528813	1788492528824	OK	 
REQUEST		Spin	1788492528826	1788492528836	OK	 
REQUEST		Spin	1788492528841	1788492528850	OK	 
REQUEST		Spin	1788492528843	1788492528851	OK	 
REQUEST		Spin	1788492528852	1788492528860	OK	 
REQUEST		Spin	1788492528854	1788492528861	OK	 
REQUEST		Spin	1788492529103	1788492529122	OK	 
REQUEST		Spin	1788492529110	1788492529126	OK	 
REQUEST		Spin	1788492529106	1788492529126	OK	 
REQUEST		Spin	1788492529111	1788492529126	OK	 
REQUEST		Spin	1788492529108	1788492529126	OK	 
REQUEST		Spin	1788492529115	1788492529126	OK	 
REQUEST		Spin	1788492529113	1788492529127	OK	 
REQUEST		Spin	1788492529130	1788492529139	OK	 
REQUEST		Spin	1788492529131	1788492529140	OK	 
REQUEST		Spin	1788492529133	1788492529144	OK	 
REQUEST		Spin	1788492529134	1788492529144	OK	 
REQUEST		Spin	1788492529137	1788492529146	OK	 
REQUEST		Spin	1788492529360	1788492529384	OK	 
REQUEST		Spin	1788492529362	1788492529384	OK	 
REQUEST		Spin	1788492529370	1788492529389	OK	 
REQUEST		Spin	1788492529375	1788492529389	OK	 
REQUEST		Spin	1788492529419	1788492529437	OK	 
REQUEST		Spin	1788492529421	1788492529437	OK	 
REQUEST		Spin	1788492529424	1788492529437	OK	 
REQUEST		Spin	1788492529426	1788492529443	OK	 
REQUEST		Spin	1788492529437	1788492529451	OK	 
REQUEST		Spin	1788492529441	1788492529453	OK	 
REQUEST		Spin	1788492529443	1788492529454	OK	 
REQUEST		Spin	1788492529445	1788492529454	OK	 
REQUEST		Spin	1788492529588	1788492529603	OK	 
REQUEST		Spin	1788492529621	1788492529634	OK	 
REQUEST		Spin	1788492529628	1788492529640	OK	 
REQUEST		Spin	1788492529648	1788492529657	OK	 
REQUEST		Spin	1788492529761	1788492529782	OK	 
REQUEST		Spin	1788492529762	1788492529783	OK	 
REQUEST		Spin	1788492529763	1788492529783	OK	 
REQUEST		Spin	1788492529770	1788492529788	OK	 
REQUEST		Spin	1788492529774	1788492529792	OK	 
REQUEST		Spin	1788492529777	1788492529794	OK	 
REQUEST		Spin	1788492529783	1788492529797	OK	 
REQUEST		Spin	1788492529788	1788492529799	OK	 
REQUEST		Spin	1788492529840	1788492529852	OK	 
REQUEST		Spin	1788492529841	1788492529852	OK	 
REQUEST		Spin	1788492529866	1788492529876	OK	 
REQUEST		Spin	1788492529870	1788492529880	OK	 
REQUEST		Spin	1788492530097	1788492530102	OK	 
REQUEST		Spin	1788492530113	1788492530145	OK	 
REQUEST		Spin	1788492530125	1788492530153	OK	 
REQUEST		Spin	1788492530116	1788492530153	OK	 
REQUEST		Spin	1788492530115	1788492530154	OK	 
REQUEST		Spin	1788492530125	1788492530154	OK	 
REQUEST		Spin	1788492530125	1788492530154	OK	 
REQUEST		Spin	1788492530118	1788492530154	OK	 
REQUEST		Spin	1788492530114	1788492530154	OK	 
REQUEST		Spin	1788492530127	1788492530154	OK	 
REQUEST		Spin	1788492530131	1788492530157	OK	 
REQUEST		Spin	1788492530138	1788492530159	OK	 
REQUEST		Spin	1788492530351	1788492530368	OK	 
REQUEST		Spin	1788492530366	1788492530376	OK	 
REQUEST		Spin	1788492530365	1788492530376	OK	 
REQUEST		Spin	1788492530366	1788492530376	OK	 
REQUEST		Spin	1788492530423	1788492530435	OK	 
REQUEST		Spin	1788492530429	1788492530439	OK	 
REQUEST		Spin	1788492530429	1788492530439	OK	 
REQUEST		Spin	1788492530435	1788492530445	OK	 
REQUEST		Spin	1788492530443	1788492530452	OK	 
REQUEST		Spin	1788492530443	1788492530452	OK	 
REQUEST		Spin	1788492530446	1788492530454	OK	 
REQUEST		Spin	1788492530450	1788492530459	OK	 
REQUEST		Spin	1788492530601	1788492530621	OK	 
REQUEST		Spin	1788492530611	1788492530624	OK	 
REQUEST		Spin	1788492530614	1788492530627	OK	 
REQUEST		Spin	1788492530627	1788492530637	OK	 
REQUEST		Spin	1788492530763	1788492530784	OK	 
REQUEST		Spin	1788492530765	1788492530784	OK	 
REQUEST		Spin	1788492530765	1788492530784	OK	 
REQUEST		Spin	1788492530770	1788492530786	OK	 
REQUEST		Spin	1788492530775	1788492530788	OK	 
REQUEST		Spin	1788492530794	1788492530808	OK	 
REQUEST		Spin	1788492530796	1788492530811	OK	 
REQUEST		Spin	1788492530801	1788492530813	OK	 
REQUEST		Spin	1788492530831	1788492530842	OK	 
REQUEST		Spin	1788492530842	1788492530852	OK	 
REQUEST		Spin	1788492530854	1788492530863	OK	 
REQUEST		Spin	1788492530862	1788492530869	OK	 
REQUEST		Spin	1788492531105	1788492531127	OK	 
REQUEST		Spin	1788492531104	1788492531127	OK	 
REQUEST		Spin	1788492531118	1788492531133	OK	 
REQUEST		Spin	1788492531120	1788492531134	OK	 
REQUEST		Spin	1788492531120	1788492531135	OK	 
REQUEST		Spin	1788492531121	1788492531137	OK	 
REQUEST		Spin	1788492531129	1788492531145	OK	 
REQUEST		Spin	1788492531133	1788492531145	OK	 
REQUEST		Spin	1788492531133	1788492531147	OK	 
REQUEST		Spin	1788492531131	1788492531147	OK	 
REQUEST		Spin	1788492531132	1788492531147	OK	 
REQUEST		Spin	1788492531147	1788492531154	OK	 
REQUEST		Spin	1788492531348	1788492531367	OK	 
REQUEST		Spin	1788492531367	1788492531377	OK	 
REQUEST		Spin	1788492531371	1788492531383	OK	 
REQUEST		Spin	1788492531374	1788492531384	OK	 
REQUEST		Spin	1788492531424	1788492531438	OK	 
REQUEST		Spin	1788492531428	1788492531440	OK	 
REQUEST		Spin	1788492531432	1788492531442	OK	 
REQUEST		Spin	1788492531438	1788492531448	OK	 
REQUEST		Spin	1788492531451	1788492531467	OK	 
REQUEST		Spin	1788492531451	1788492531467	OK	 
REQUEST		Spin	1788492531470	1788492531480	OK	 
REQUEST		Spin	1788492531470	1788492531480	OK	 
REQUEST		Spin	1788492531587	1788492531598	OK	 
REQUEST		Spin	1788492531596	1788492531608	OK	 
REQUEST		Spin	1788492531644	1788492531656	OK	 
REQUEST		Spin	1788492531647	1788492531656	OK	 
REQUEST		Spin	1788492531761	1788492531778	OK	 
REQUEST		Spin	1788492531766	1788492531779	OK	 
REQUEST		Spin	1788492531772	1788492531783	OK	 
REQUEST		Spin	1788492531774	1788492531785	OK	 
REQUEST		Spin	1788492531780	1788492531788	OK	 
REQUEST		Spin	1788492531786	1788492531796	OK	 
REQUEST		Spin	1788492531787	1788492531796	OK	 
REQUEST		Spin	1788492531787	1788492531796	OK	 
REQUEST		Spin	1788492531839	1788492531850	OK	 
REQUEST		Spin	1788492531851	1788492531861	OK	 
REQUEST		Spin	1788492531855	1788492531865	OK	 
REQUEST		Spin	1788492531856	1788492531866	OK	 
REQUEST		Spin	1788492532106	1788492532137	OK	 
REQUEST		Spin	1788492532108	1788492532137	OK	 
REQUEST		Spin	1788492532108	1788492532137	OK	 
REQUEST		Spin	1788492532109	1788492532140	OK	 
REQUEST		Spin	1788492532106	1788492532140	OK	 
REQUEST		Spin	1788492532115	1788492532141	OK	 
REQUEST		Spin	1788492532124	1788492532147	OK	 
REQUEST		Spin	1788492532124	1788492532147	OK	 
REQUEST		Spin	1788492532126	1788492532148	OK	 
REQUEST		Spin	1788492532124	1788492532148	OK	 
REQUEST		Spin	1788492532130	1788492532150	OK	 
REQUEST		Spin	1788492532128	1788492532151	OK	 
REQUEST		Spin	1788492532360	1788492532380	OK	 
REQUEST		Spin	1788492532366	1788492532381	OK	 
REQUEST		Spin	1788492532371	1788492532386	OK	 
REQUEST		Spin	1788492532377	1788492532390	OK	 
REQUEST		Spin	1788492532419	1788492532428	OK	 
REQUEST		Spin	1788492532419	1788492532428	OK	 
REQUEST		Spin	1788492532426	1788492532433	OK	 
REQUEST		Spin	1788492532430	1788492532438	OK	 
REQUEST		Spin	1788492532435	1788492532442	OK	 
REQUEST		Spin	1788492532434	1788492532445	OK	 
REQUEST		Spin	1788492532445	1788492532453	OK	 
REQUEST		Spin	1788492532444	1788492532454	OK	 
REQUEST		Spin	1788492532592	1788492532603	OK	 
REQUEST		Spin	1788492532610	1788492532620	OK	 
REQUEST		Spin	1788492532614	1788492532625	OK	 
REQUEST		Spin	1788492532624	1788492532633	OK	 
REQUEST		Spin	1788492532766	1788492532779	OK	 
REQUEST		Spin	1788492532774	1788492532787	OK	 
REQUEST		Spin	1788492532775	1788492532787	OK	 
REQUEST		Spin	1788492532776	1788492532789	OK	 
REQUEST		Spin	1788492532780	1788492532791	OK	 
REQUEST		Spin	1788492532778	1788492532791	OK	 
REQUEST		Spin	1788492532792	1788492532801	OK	 
REQUEST		Spin	1788492532809	1788492532818	OK	 
REQUEST		Spin	1788492532836	1788492532847	OK	 
REQUEST		Spin	1788492532848	1788492532858	OK	 
REQUEST		Spin	1788492532864	1788492532873	OK	 
REQUEST		Spin	1788492532863	1788492532873	OK	 
REQUEST		Spin	1788492533111	1788492533140	OK	 
REQUEST		Spin	1788492533111	1788492533141	OK	 
REQUEST		Spin	1788492533111	1788492533141	OK	 
REQUEST		Spin	1788492533111	1788492533143	OK	 
REQUEST		Spin	1788492533124	1788492533149	OK	 
REQUEST		Spin	1788492533122	1788492533149	OK	 
REQUEST		Spin	1788492533130	1788492533149	OK	 
REQUEST		Spin	1788492533124	1788492533149	OK	 
REQUEST		Spin	1788492533124	1788492533150	OK	 
REQUEST		Spin	1788492533130	1788492533151	OK	 
REQUEST		Spin	1788492533129	1788492533151	OK	 
REQUEST		Spin	1788492533130	1788492533152	OK	 
REQUEST		Spin	1788492533362	1788492533400	OK	 
REQUEST		Spin	1788492533362	1788492533400	OK	 
REQUEST		Spin	1788492533364	1788492533401	OK	 
REQUEST		Spin	1788492533384	1788492533401	OK	 
REQUEST		Spin	1788492533423	1788492533439	OK	 
REQUEST		Spin	1788492533427	1788492533443	OK	 
REQUEST		Spin	1788492533428	1788492533443	OK	 
REQUEST		Spin	1788492533426	1788492533443	OK	 
REQUEST		Spin	1788492533435	1788492533449	OK	 
REQUEST		Spin	1788492533433	1788492533449	OK	 
REQUEST		Spin	1788492533448	1788492533457	OK	 
REQUEST		Spin	1788492533457	1788492533465	OK	 
REQUEST		Spin	1788492533611	1788492533627	OK	 
REQUEST		Spin	1788492533613	1788492533627	OK	 
REQUEST		Spin	1788492533610	1788492533627	OK	 
REQUEST		Spin	1788492533624	1788492533638	OK	 
REQUEST		Spin	1788492533761	1788492533779	OK	 
REQUEST		Spin	1788492533766	1788492533782	OK	 
REQUEST		Spin	1788492533767	1788492533782	OK	 
REQUEST		Spin	1788492533776	1788492533789	OK	 
REQUEST		Spin	1788492533775	1788492533789	OK	 
REQUEST		Spin	1788492533793	1788492533804	OK	 
REQUEST		Spin	1788492533814	1788492533825	OK	 
REQUEST		Spin	1788492533827	1788492533837	OK	 
REQUEST		Spin	1788492533842	1788492533852	OK	 
REQUEST		Spin	1788492533844	1788492533852	OK	 
REQUEST		Spin	1788492533854	1788492533864	OK	 
REQUEST		Spin	1788492533855	1788492533864	OK	 
REQUEST		Spin	1788492534107	1788492534133	OK	 
REQUEST		Spin	1788492534110	1788492534134	OK	 
REQUEST		Spin	1788492534105	1788492534134	OK	 
REQUEST		Spin	1788492534112	1788492534136	OK	 
REQUEST		Spin	1788492534116	1788492534136	OK	 
REQUEST		Spin	1788492534115	1788492534141	OK	 
REQUEST		Spin	1788492534112	1788492534141	OK	 
REQUEST		Spin	1788492534132	1788492534147	OK	 
REQUEST		Spin	1788492534132	1788492534147	OK	 
REQUEST		Spin	1788492534134	1788492534148	OK	 
REQUEST		Spin	1788492534136	1788492534149	OK	 
REQUEST		Spin	1788492534138	1788492534150	OK	 
REQUEST		Spin	1788492534362	1788492534386	OK	 
REQUEST		Spin	1788492534363	1788492534387	OK	 
REQUEST		Spin	1788492534372	1788492534387	OK	 
REQUEST		Spin	1788492534377	1788492534392	OK	 
REQUEST		Spin	1788492534421	1788492534432	OK	 
REQUEST		Spin	1788492534423	1788492534432	OK	 
REQUEST		Spin	1788492534426	1788492534436	OK	 
REQUEST		Spin	1788492534427	1788492534436	OK	 
REQUEST		Spin	1788492534438	1788492534446	OK	 
REQUEST		Spin	1788492534443	1788492534450	OK	 
REQUEST		Spin	1788492534444	1788492534452	OK	 
REQUEST		Spin	1788492534447	1788492534454	OK	 
REQUEST		Spin	1788492534589	1788492534600	OK	 
REQUEST		Spin	1788492534624	1788492534636	OK	 
REQUEST		Spin	1788492534629	1788492534640	OK	 
REQUEST		Spin	1788492534650	1788492534661	OK	 
REQUEST		Spin	1788492534763	1788492534779	OK	 
REQUEST		Spin	1788492534762	1788492534779	OK	 
REQUEST		Spin	1788492534765	1788492534781	OK	 
REQUEST		Spin	1788492534771	1788492534785	OK	 
REQUEST		Spin	1788492534776	1788492534793	OK	 
REQUEST		Spin	1788492534778	1788492534794	OK	 
REQUEST		Spin	1788492534784	1788492534798	OK	 
REQUEST		Spin	1788492534790	1788492534802	OK	 
REQUEST		Spin	1788492534842	1788492534850	OK	 
REQUEST		Spin	1788492534841	1788492534850	OK	 
REQUEST		Spin	1788492534868	1788492534895	OK	 
REQUEST		Spin	1788492534871	1788492534897	OK	 
REQUEST		Spin	1788492535099	1788492535108	OK	 
REQUEST		Spin	1788492535115	1788492535144	OK	 
REQUEST		Spin	1788492535115	1788492535145	OK	 
REQUEST		Spin	1788492535116	1788492535145	OK	 
REQUEST		Spin	1788492535116	1788492535145	OK	 
REQUEST		Spin	1788492535126	1788492535150	OK	 
REQUEST		Spin	1788492535126	1788492535150	OK	 
REQUEST		Spin	1788492535118	1788492535150	OK	 
REQUEST		Spin	1788492535126	1788492535150	OK	 
REQUEST		Spin	1788492535129	1788492535151	OK	 
REQUEST		Spin	1788492535133	1788492535152	OK	 
REQUEST		Spin	1788492535141	1788492535156	OK	 
REQUEST		Spin	1788492535352	1788492535367	OK	 
REQUEST		Spin	1788492535366	1788492535377	OK	 
REQUEST		Spin	1788492535366	1788492535377	OK	 
REQUEST		Spin	1788492535367	1788492535377	OK	 
REQUEST		Spin	1788492535424	1788492535437	OK	 
REQUEST		Spin	1788492535430	1788492535442	OK	 
REQUEST		Spin	1788492535430	1788492535443	OK	 
REQUEST		Spin	1788492535436	1788492535446	OK	 
REQUEST		Spin	1788492535444	1788492535458	OK	 
REQUEST		Spin	1788492535443	1788492535458	OK	 
REQUEST		Spin	1788492535446	1788492535459	OK	 
REQUEST		Spin	1788492535450	1788492535461	OK	 
REQUEST		Spin	1788492535602	1788492535618	OK	 
REQUEST		Spin	1788492535613	1788492535623	OK	 
REQUEST		Spin	1788492535614	1788492535624	OK	 
REQUEST		Spin	1788492535628	1788492535637	OK	 
REQUEST		Spin	1788492535766	1788492535790	OK	 
REQUEST		Spin	1788492535765	1788492535791	OK	 
REQUEST		Spin	1788492535766	1788492535791	OK	 
REQUEST		Spin	1788492535772	1788492535793	OK	 
REQUEST		Spin	1788492535777	1788492535795	OK	 
REQUEST		Spin	1788492535796	1788492535808	OK	 
REQUEST		Spin	1788492535797	1788492535809	OK	 
REQUEST		Spin	1788492535802	1788492535813	OK	 
REQUEST		Spin	1788492535833	1788492535842	OK	 
REQUEST		Spin	1788492535844	1788492535852	OK	 
REQUEST		Spin	1788492535855	1788492535864	OK	 
REQUEST		Spin	1788492535864	1788492535870	OK	 
REQUEST		Spin	1788492536105	1788492536130	OK	 
REQUEST		Spin	1788492536107	1788492536132	OK	 
REQUEST		Spin	1788492536121	1788492536135	OK	 
REQUEST		Spin	1788492536120	1788492536135	OK	 
REQUEST		Spin	1788492536121	1788492536139	OK	 
REQUEST		Spin	1788492536122	1788492536139	OK	 
REQUEST		Spin	1788492536130	1788492536146	OK	 
REQUEST		Spin	1788492536134	1788492536149	OK	 
REQUEST		Spin	1788492536134	1788492536149	OK	 
REQUEST		Spin	1788492536134	1788492536149	OK	 
REQUEST		Spin	1788492536135	1788492536150	OK	 
REQUEST		Spin	1788492536149	1788492536157	OK	 
REQUEST		Spin	1788492536349	1788492536367	OK	 
REQUEST		Spin	1788492536368	1788492536382	OK	 
REQUEST		Spin	1788492536372	1788492536384	OK	 
REQUEST		Spin	1788492536375	1788492536388	OK	 
REQUEST		Spin	1788492536425	1788492536439	OK	 
REQUEST		Spin	1788492536430	1788492536445	OK	 
REQUEST		Spin	1788492536433	1788492536452	OK	 
REQUEST		Spin	1788492536441	1788492536452	OK	 
REQUEST		Spin	1788492536452	1788492536462	OK	 
REQUEST		Spin	1788492536452	1788492536464	OK	 
REQUEST		Spin	1788492536471	1788492536481	OK	 
REQUEST		Spin	1788492536471	1788492536481	OK	 
REQUEST		Spin	1788492536588	1788492536600	OK	 
REQUEST		Spin	1788492536598	1788492536609	OK	 
REQUEST		Spin	1788492536645	1788492536656	OK	 
REQUEST		Spin	1788492536648	1788492536657	OK	 
REQUEST		Spin	1788492536763	1788492536778	OK	 
REQUEST		Spin	1788492536767	1788492536778	OK	 
REQUEST		Spin	1788492536773	1788492536785	OK	 
REQUEST		Spin	1788492536776	1788492536788	OK	 
REQUEST		Spin	1788492536780	1788492536792	OK	 
REQUEST		Spin	1788492536788	1788492536800	OK	 
REQUEST		Spin	1788492536788	1788492536800	OK	 
REQUEST		Spin	1788492536788	1788492536801	OK	 
REQUEST		Spin	1788492536841	1788492536852	OK	 
REQUEST		Spin	1788492536853	1788492536863	OK	 
REQUEST		Spin	1788492536856	1788492536866	OK	 
REQUEST		Spin	1788492536857	1788492536866	OK	 
REQUEST		Spin	1788492537110	1788492537135	OK	 
REQUEST		Spin	1788492537109	1788492537135	OK	 
REQUEST		Spin	1788492537107	1788492537135	OK	 
REQUEST		Spin	1788492537110	1788492537136	OK	 
REQUEST		Spin	1788492537107	1788492537136	OK	 
REQUEST		Spin	1788492537116	1788492537140	OK	 
REQUEST		Spin	1788492537126	1788492537145	OK	 
REQUEST		Spin	1788492537128	1788492537145	OK	 
REQUEST		Spin	1788492537126	1788492537146	OK	 
REQUEST		Spin	1788492537126	1788492537146	OK	 
REQUEST		Spin	1788492537129	1788492537147	OK	 
REQUEST		Spin	1788492537133	1788492537149	OK	 
REQUEST		Spin	1788492537368	1788492537383	OK	 
REQUEST		Spin	1788492537361	1788492537383	OK	 
REQUEST		Spin	1788492537372	1788492537388	OK	 
REQUEST		Spin	1788492537378	1788492537391	OK	 
REQUEST		Spin	1788492537420	1788492537431	OK	 
REQUEST		Spin	1788492537419	1788492537432	OK	 
REQUEST		Spin	1788492537427	1788492537440	OK	 
REQUEST		Spin	1788492537431	1788492537448	OK	 
REQUEST		Spin	1788492537436	1788492537463	OK	 
REQUEST		Spin	1788492537437	1788492537463	OK	 
REQUEST		Spin	1788492537447	1788492537468	OK	 
REQUEST		Spin	1788492537445	1788492537469	OK	 
REQUEST		Spin	1788492537593	1788492537601	OK	 
REQUEST		Spin	1788492537610	1788492537618	OK	 
REQUEST		Spin	1788492537615	1788492537624	OK	 
REQUEST		Spin	1788492537626	1788492537632	OK	 
REQUEST		Spin	1788492537768	1788492537776	OK	 
REQUEST		Spin	1788492537776	1788492537783	OK	 
REQUEST		Spin	1788492537776	1788492537784	OK	 
REQUEST		Spin	1788492537777	1788492537787	OK	 
REQUEST		Spin	1788492537779	1788492537787	OK	 
REQUEST		Spin	1788492537781	1788492537789	OK	 
REQUEST		Spin	1788492537794	1788492537801	OK	 
REQUEST		Spin	1788492537811	1788492537818	OK	 
REQUEST		Spin	1788492537837	1788492537843	OK	 
REQUEST		Spin	1788492537849	1788492537855	OK	 
REQUEST		Spin	1788492537865	1788492537870	OK	 
REQUEST		Spin	1788492537865	1788492537871	OK	 
REQUEST		Spin	1788492538112	1788492538142	OK	 
REQUEST		Spin	1788492538112	1788492538142	OK	 
REQUEST		Spin	1788492538112	1788492538142	OK	 
REQUEST		Spin	1788492538113	1788492538143	OK	 
REQUEST		Spin	1788492538123	1788492538149	OK	 
REQUEST		Spin	1788492538125	1788492538149	OK	 
REQUEST		Spin	1788492538125	1788492538149	OK	 
REQUEST		Spin	1788492538126	1788492538149	OK	 
REQUEST		Spin	1788492538131	1788492538150	OK	 
REQUEST		Spin	1788492538130	1788492538152	OK	 
REQUEST		Spin	1788492538131	1788492538152	OK	 
REQUEST		Spin	1788492538132	1788492538154	OK	 
REQUEST		Spin	1788492538364	1788492538382	OK	 
REQUEST		Spin	1788492538363	1788492538382	OK	 
REQUEST		Spin	1788492538363	1788492538382	OK	 
REQUEST		Spin	1788492538386	1788492538395	OK	 
REQUEST		Spin	1788492538424	1788492538438	OK	 
REQUEST		Spin	1788492538427	1788492538440	OK	 
REQUEST		Spin	1788492538427	1788492538441	OK	 
REQUEST		Spin	1788492538429	1788492538443	OK	 
REQUEST		Spin	1788492538433	1788492538445	OK	 
REQUEST		Spin	1788492538435	1788492538445	OK	 
REQUEST		Spin	1788492538450	1788492538457	OK	 
REQUEST		Spin	1788492538459	1788492538466	OK	 
REQUEST		Spin	1788492538612	1788492538644	OK	 
REQUEST		Spin	1788492538612	1788492538644	OK	 
REQUEST		Spin	1788492538620	1788492538644	OK	 
REQUEST		Spin	1788492538626	1788492538648	OK	 
REQUEST		Spin	1788492538763	1788492538784	OK	 
REQUEST		Spin	1788492538768	1788492538784	OK	 
REQUEST		Spin	1788492538769	1788492538785	OK	 
REQUEST		Spin	1788492538777	1788492538792	OK	 
REQUEST		Spin	1788492538777	1788492538792	OK	 
REQUEST		Spin	1788492538794	1788492538806	OK	 
REQUEST		Spin	1788492538816	1788492538828	OK	 
REQUEST		Spin	1788492538829	1788492538839	OK	 
REQUEST		Spin	1788492538844	1788492538854	OK	 
REQUEST		Spin	1788492538845	1788492538854	OK	 
REQUEST		Spin	1788492538855	1788492538863	OK	 
REQUEST		Spin	1788492538856	1788492538863	OK	 
REQUEST		Spin	1788492539117	1788492539136	OK	 
REQUEST		Spin	1788492539113	1788492539136	OK	 
REQUEST		Spin	1788492539113	1788492539136	OK	 
REQUEST		Spin	1788492539109	1788492539136	OK	 
REQUEST		Spin	1788492539108	1788492539136	OK	 
REQUEST		Spin	1788492539107	1788492539136	OK	 
REQUEST		Spin	1788492539118	1788492539138	OK	 
REQUEST		Spin	1788492539136	1788492539146	OK	 
REQUEST		Spin	1788492539136	1788492539146	OK	 
REQUEST		Spin	1788492539133	1788492539147	OK	 
REQUEST		Spin	1788492539139	1788492539149	OK	 
REQUEST		Spin	1788492539138	1788492539149	OK	 
REQUEST		Spin	1788492539362	1788492539383	OK	 
REQUEST		Spin	1788492539364	1788492539384	OK	 
REQUEST		Spin	1788492539374	1788492539388	OK	 
REQUEST		Spin	1788492539377	1788492539392	OK	 
REQUEST		Spin	1788492539422	1788492539433	OK	 
REQUEST		Spin	1788492539424	1788492539436	OK	 
REQUEST		Spin	1788492539427	1788492539439	OK	 
REQUEST		Spin	1788492539429	1788492539440	OK	 
REQUEST		Spin	1788492539440	1788492539452	OK	 
REQUEST		Spin	1788492539445	1788492539454	OK	 
REQUEST		Spin	1788492539444	1788492539454	OK	 
REQUEST		Spin	1788492539448	1788492539457	OK	 
REQUEST		Spin	1788492539590	1788492539608	OK	 
REQUEST		Spin	1788492539624	1788492539638	OK	 
REQUEST		Spin	1788492539630	1788492539642	OK	 
REQUEST		Spin	1788492539651	1788492539660	OK	 
REQUEST		Spin	1788492539765	1788492539781	OK	 
REQUEST		Spin	1788492539763	1788492539782	OK	 
REQUEST		Spin	1788492539765	1788492539782	OK	 
REQUEST		Spin	1788492539771	1788492539787	OK	 
REQUEST		Spin	1788492539778	1788492539791	OK	 
REQUEST		Spin	1788492539779	1788492539793	OK	 
REQUEST		Spin	1788492539786	1788492539796	OK	 
REQUEST		Spin	1788492539790	1788492539799	OK	 
REQUEST		Spin	1788492539842	1788492539851	OK	 
REQUEST		Spin	1788492539843	1788492539851	OK	 
REQUEST		Spin	1788492539870	1788492539879	OK	 
REQUEST		Spin	1788492539872	1788492539881	OK	 
REQUEST		Spin	1788492540101	1788492540104	OK	 
REQUEST		Spin	1788492540117	1788492540136	OK	 
REQUEST		Spin	1788492540116	1788492540136	OK	 
REQUEST		Spin	1788492540117	1788492540138	OK	 
REQUEST		Spin	1788492540118	1788492540138	OK	 
REQUEST		Spin	1788492540119	1788492540139	OK	 
REQUEST		Spin	1788492540128	1788492540146	OK	 
REQUEST		Spin	1788492540127	1788492540147	OK	 
REQUEST		Spin	1788492540127	1788492540147	OK	 
REQUEST		Spin	1788492540130	1788492540148	OK	 
REQUEST		Spin	1788492540135	1788492540150	OK	 
REQUEST		Spin	1788492540142	1788492540152	OK	 
REQUEST		Spin	1788492540354	1788492540377	OK	 
REQUEST		Spin	1788492540366	1788492540381	OK	 
REQUEST		Spin	1788492540367	1788492540381	OK	 
REQUEST		Spin	1788492540369	1788492540383	OK	 
REQUEST		Spin	1788492540426	1788492540439	OK	 
REQUEST		Spin	1788492540430	1788492540441	OK	 
REQUEST		Spin	1788492540430	1788492540442	OK	 
REQUEST		Spin	1788492540438	1788492540448	OK	 
REQUEST		Spin	1788492540444	1788492540455	OK	 
REQUEST		Spin	1788492540444	1788492540455	OK	 
REQUEST		Spin	1788492540448	1788492540457	OK	 
REQUEST		Spin	1788492540452	1788492540461	OK	 
REQUEST		Spin	1788492540604	1788492540627	OK	 
REQUEST		Spin	1788492540614	1788492540628	OK	 
REQUEST		Spin	1788492540616	1788492540629	OK	 
REQUEST		Spin	1788492540629	1788492540641	OK	 
REQUEST		Spin	1788492540768	1788492540792	OK	 
REQUEST		Spin	1788492540767	1788492540792	OK	 
REQUEST		Spin	1788492540768	1788492540793	OK	 
REQUEST		Spin	1788492540774	1788492540794	OK	 
REQUEST		Spin	1788492540779	1788492540797	OK	 
REQUEST		Spin	1788492540799	1788492540813	OK	 
REQUEST		Spin	1788492540797	1788492540813	OK	 
REQUEST		Spin	1788492540803	1788492540817	OK	 
REQUEST		Spin	1788492540835	1788492540844	OK	 
REQUEST		Spin	1788492540844	1788492540851	OK	 
REQUEST		Spin	1788492540857	1788492540864	OK	 
REQUEST		Spin	1788492540866	1788492540875	OK	 
REQUEST		Spin	1788492541105	1788492541131	OK	 
REQUEST		Spin	1788492541108	1788492541132	OK	 
REQUEST		Spin	1788492541122	1788492541138	OK	 
REQUEST		Spin	1788492541122	1788492541139	OK	 
REQUEST		Spin	1788492541121	1788492541140	OK	 
REQUEST		Spin	1788492541123	1788492541141	OK	 
REQUEST		Spin	1788492541131	1788492541145	OK	 
REQUEST		Spin	1788492541134	1788492541148	OK	 
REQUEST		Spin	1788492541135	1788492541148	OK	 
REQUEST		Spin	1788492541135	1788492541149	OK	 
REQUEST		Spin	1788492541136	1788492541149	OK	 
REQUEST		Spin	1788492541150	1788492541160	OK	 
REQUEST		Spin	1788492541351	1788492541371	OK	 
REQUEST		Spin	1788492541369	1788492541383	OK	 
REQUEST		Spin	1788492541373	1788492541384	OK	 
REQUEST		Spin	1788492541376	1788492541387	OK	 
REQUEST		Spin	1788492541426	1788492541440	OK	 
REQUEST		Spin	1788492541432	1788492541441	OK	 
REQUEST		Spin	1788492541434	1788492541444	OK	 
REQUEST		Spin	1788492541442	1788492541449	OK	 
REQUEST		Spin	1788492541453	1788492541464	OK	 
REQUEST		Spin	1788492541453	1788492541464	OK	 
REQUEST		Spin	1788492541473	1788492541480	OK	 
REQUEST		Spin	1788492541473	1788492541480	OK	 
REQUEST		Spin	1788492541590	1788492541606	OK	 
REQUEST		Spin	1788492541600	1788492541613	OK	 
REQUEST		Spin	1788492541647	1788492541657	OK	 
REQUEST		Spin	1788492541648	1788492541657	OK	 
REQUEST		Spin	1788492541767	1788492541781	OK	 
REQUEST		Spin	1788492541764	1788492541781	OK	 
REQUEST		Spin	1788492541775	1788492541787	OK	 
REQUEST		Spin	1788492541777	1788492541789	OK	 
REQUEST		Spin	1788492541781	1788492541791	OK	 
REQUEST		Spin	1788492541790	1788492541798	OK	 
REQUEST		Spin	1788492541789	1788492541798	OK	 
REQUEST		Spin	1788492541790	1788492541799	OK	 
REQUEST		Spin	1788492541842	1788492541853	OK	 
REQUEST		Spin	1788492541854	1788492541863	OK	 
REQUEST		Spin	1788492541858	1788492541866	OK	 
REQUEST		Spin	1788492541858	1788492541866	OK	 
REQUEST		Spin	1788492542111	1788492542134	OK	 
REQUEST		Spin	1788492542111	1788492542134	OK	 
REQUEST		Spin	1788492542108	1788492542135	OK	 
REQUEST		Spin	1788492542109	1788492542135	OK	 
REQUEST		Spin	1788492542110	1788492542139	OK	 
REQUEST		Spin	1788492542117	1788492542143	OK	 
REQUEST		Spin	1788492542127	1788492542146	OK	 
REQUEST		Spin	1788492542127	1788492542147	OK	 
REQUEST		Spin	1788492542127	1788492542148	OK	 
REQUEST		Spin	1788492542129	1788492542148	OK	 
REQUEST		Spin	1788492542134	1788492542148	OK	 
REQUEST		Spin	1788492542130	1788492542148	OK	 
REQUEST		Spin	1788492542362	1788492542384	OK	 
REQUEST		Spin	1788492542369	1788492542384	OK	 
REQUEST		Spin	1788492542373	1788492542388	OK	 
REQUEST		Spin	1788492542380	1788492542391	OK	 
REQUEST		Spin	1788492542421	1788492542432	OK	 
REQUEST		Spin	1788492542421	1788492542432	OK	 
REQUEST		Spin	1788492542428	1788492542438	OK	 
REQUEST		Spin	1788492542432	1788492542441	OK	 
REQUEST		Spin	1788492542437	1788492542446	OK	 
REQUEST		Spin	1788492542439	1788492542447	OK	 
REQUEST		Spin	1788492542445	1788492542454	OK	 
REQUEST		Spin	1788492542447	1788492542455	OK	 
REQUEST		Spin	1788492542594	1788492542616	OK	 
REQUEST		Spin	1788492542611	1788492542624	OK	 
REQUEST		Spin	1788492542624	1788492542634	OK	 
REQUEST		Spin	1788492542628	1788492542638	OK	 
REQUEST		Spin	1788492542768	1788492542789	OK	 
REQUEST		Spin	1788492542778	1788492542793	OK	 
REQUEST		Spin	1788492542777	1788492542794	OK	 
REQUEST		Spin	1788492542781	1788492542797	OK	 
REQUEST		Spin	1788492542782	1788492542798	OK	 
REQUEST		Spin	1788492542777	1788492542800	OK	 
REQUEST		Spin	1788492542795	1788492542805	OK	 
REQUEST		Spin	1788492542812	1788492542819	OK	 
REQUEST		Spin	1788492542838	1788492542845	OK	 
REQUEST		Spin	1788492542850	1788492542856	OK	 
REQUEST		Spin	1788492542866	1788492542878	OK	 
REQUEST		Spin	1788492542866	1788492542878	OK	 
REQUEST		Spin	1788492543114	1788492543127	OK	 
REQUEST		Spin	1788492543114	1788492543127	OK	 
REQUEST		Spin	1788492543114	1788492543127	OK	 
REQUEST		Spin	1788492543114	1788492543127	OK	 
REQUEST		Spin	1788492543124	1788492543137	OK	 
REQUEST		Spin	1788492543126	1788492543138	OK	 
REQUEST		Spin	1788492543127	1788492543140	OK	 
REQUEST		Spin	1788492543128	1788492543140	OK	 
REQUEST		Spin	1788492543132	1788492543143	OK	 
REQUEST		Spin	1788492543132	1788492543143	OK	 
REQUEST		Spin	1788492543131	1788492543144	OK	 
REQUEST		Spin	1788492543134	1788492543144	OK	 
REQUEST		Spin	1788492543364	1788492543388	OK	 
REQUEST		Spin	1788492543365	1788492543388	OK	 
REQUEST		Spin	1788492543364	1788492543388	OK	 
REQUEST		Spin	1788492543388	1788492543398	OK	 
REQUEST		Spin	1788492543425	1788492543441	OK	 
REQUEST		Spin	1788492543429	1788492543443	OK	 
REQUEST		Spin	1788492543429	1788492543446	OK	 
REQUEST		Spin	1788492543430	1788492543446	OK	 
REQUEST		Spin	1788492543434	1788492543448	OK	 
REQUEST		Spin	1788492543436	1788492543450	OK	 
REQUEST		Spin	1788492543452	1788492543461	OK	 
REQUEST		Spin	1788492543459	1788492543467	OK	 
REQUEST		Spin	1788492543613	1788492543640	OK	 
REQUEST		Spin	1788492543613	1788492543640	OK	 
REQUEST		Spin	1788492543628	1788492543640	OK	 
REQUEST		Spin	1788492543621	1788492543640	OK	 
REQUEST		Spin	1788492543771	1788492543792	OK	 
REQUEST		Spin	1788492543770	1788492543792	OK	 
REQUEST		Spin	1788492543764	1788492543792	OK	 
REQUEST		Spin	1788492543778	1788492543792	OK	 
REQUEST		Spin	1788492543779	1788492543793	OK	 
REQUEST		Spin	1788492543795	1788492543805	OK	 
REQUEST		Spin	1788492543816	1788492543824	OK	 
REQUEST		Spin	1788492543830	1788492543836	OK	 
REQUEST		Spin	1788492543845	1788492543852	OK	 
REQUEST		Spin	1788492543846	1788492543853	OK	 
REQUEST		Spin	1788492543857	1788492543864	OK	 
REQUEST		Spin	1788492543857	1788492543864	OK	 
REQUEST		Spin	1788492544114	1788492544140	OK	 
REQUEST		Spin	1788492544109	1788492544140	OK	 
REQUEST		Spin	1788492544114	1788492544141	OK	 
REQUEST		Spin	1788492544109	1788492544141	OK	 
REQUEST		Spin	1788492544110	1788492544141	OK	 
REQUEST		Spin	1788492544118	1788492544144	OK	 
REQUEST		Spin	1788492544119	1788492544146	OK	 
REQUEST		Spin	1788492544137	1788492544152	OK	 
REQUEST		Spin	1788492544141	1788492544152	OK	 
REQUEST		Spin	1788492544139	1788492544153	OK	 
REQUEST		Spin	1788492544135	1788492544153	OK	 
REQUEST		Spin	1788492544138	1788492544154	OK	 
REQUEST		Spin	1788492544363	1788492544386	OK	 
REQUEST		Spin	1788492544365	1788492544387	OK	 
REQUEST		Spin	1788492544375	1788492544392	OK	 
REQUEST		Spin	1788492544378	1788492544394	OK	 
REQUEST		Spin	1788492544425	1788492544437	OK	 
REQUEST		Spin	1788492544423	1788492544438	OK	 
REQUEST		Spin	1788492544428	1788492544442	OK	 
REQUEST		Spin	1788492544430	1788492544442	OK	 
REQUEST		Spin	1788492544441	1788492544452	OK	 
REQUEST		Spin	1788492544445	1788492544455	OK	 
REQUEST		Spin	1788492544447	1788492544457	OK	 
REQUEST		Spin	1788492544449	1788492544457	OK	 
REQUEST		Spin	1788492544592	1788492544602	OK	 
REQUEST		Spin	1788492544625	1788492544635	OK	 
REQUEST		Spin	1788492544632	1788492544643	OK	 
REQUEST		Spin	1788492544652	1788492544661	OK	 
REQUEST		Spin	1788492544764	1788492544785	OK	 
REQUEST		Spin	1788492544765	1788492544786	OK	 
REQUEST		Spin	1788492544765	1788492544787	OK	 
REQUEST		Spin	1788492544773	1788492544792	OK	 
REQUEST		Spin	1788492544780	1788492544797	OK	 
REQUEST		Spin	1788492544780	1788492544797	OK	 
REQUEST		Spin	1788492544786	1788492544797	OK	 
REQUEST		Spin	1788492544791	1788492544801	OK	 
REQUEST		Spin	1788492544844	1788492544856	OK	 
REQUEST		Spin	1788492544845	1788492544856	OK	 
REQUEST		Spin	1788492544870	1788492544879	OK	 
REQUEST		Spin	1788492544872	1788492544880	OK	 
REQUEST		Spin	1788492545103	1788492545109	OK	 
REQUEST		Spin	1788492545118	1788492545142	OK	 
REQUEST		Spin	1788492545120	1788492545143	OK	 
REQUEST		Spin	1788492545118	1788492545144	OK	 
REQUEST		Spin	1788492545118	1788492545144	OK	 
REQUEST		Spin	1788492545120	1788492545145	OK	 
REQUEST		Spin	1788492545128	1788492545152	OK	 
REQUEST		Spin	1788492545131	1788492545152	OK	 
REQUEST		Spin	1788492545128	1788492545152	OK	 
REQUEST		Spin	1788492545128	1788492545153	OK	 
REQUEST		Spin	1788492545136	1788492545153	OK	 
REQUEST		Spin	1788492545144	1788492545158	OK	 
REQUEST		Spin	1788492545355	1788492545367	OK	 
REQUEST		Spin	1788492545367	1788492545375	OK	 
REQUEST		Spin	1788492545368	1788492545376	OK	 
REQUEST		Spin	1788492545370	1788492545378	OK	 
REQUEST		Spin	1788492545428	1788492545442	OK	 
REQUEST		Spin	1788492545431	1788492545443	OK	 
REQUEST		Spin	1788492545431	1788492545443	OK	 
REQUEST		Spin	1788492545440	1788492545453	OK	 
REQUEST		Spin	1788492545445	1788492545453	OK	 
REQUEST		Spin	1788492545445	1788492545453	OK	 
REQUEST		Spin	1788492545450	1788492545461	OK	 
REQUEST		Spin	1788492545453	1788492545461	OK	 
REQUEST		Spin	1788492545605	1788492545622	OK	 
REQUEST		Spin	1788492545615	1788492545627	OK	 
REQUEST		Spin	1788492545619	1788492545630	OK	 
REQUEST		Spin	1788492545630	1788492545640	OK	 
REQUEST		Spin	1788492545775	1788492545792	OK	 
REQUEST		Spin	1788492545770	1788492545792	OK	 
REQUEST		Spin	1788492545770	1788492545793	OK	 
REQUEST		Spin	1788492545769	1788492545793	OK	 
REQUEST		Spin	1788492545781	1788492545796	OK	 
REQUEST		Spin	1788492545799	1788492545808	OK	 
REQUEST		Spin	1788492545801	1788492545809	OK	 
REQUEST		Spin	1788492545805	1788492545813	OK	 
REQUEST		Spin	1788492545837	1788492545846	OK	 
REQUEST		Spin	1788492545846	1788492545853	OK	 
REQUEST		Spin	1788492545859	1788492545866	OK	 
REQUEST		Spin	1788492545868	1788492545875	OK	 
REQUEST		Spin	1788492546106	1788492546129	OK	 
REQUEST		Spin	1788492546109	1788492546130	OK	 
REQUEST		Spin	1788492546123	1788492546139	OK	 
REQUEST		Spin	1788492546122	1788492546139	OK	 
REQUEST		Spin	1788492546122	1788492546140	OK	 
REQUEST		Spin	1788492546124	1788492546140	OK	 
REQUEST		Spin	1788492546132	1788492546147	OK	 
REQUEST		Spin	1788492546136	1788492546147	OK	 
REQUEST		Spin	1788492546136	1788492546148	OK	 
REQUEST		Spin	1788492546137	1788492546149	OK	 
REQUEST		Spin	1788492546138	1788492546149	OK	 
REQUEST		Spin	1788492546151	1788492546167	OK	 
REQUEST		Spin	1788492546352	1788492546370	OK	 
REQUEST		Spin	1788492546371	1788492546382	OK	 
REQUEST		Spin	1788492546375	1788492546385	OK	 
REQUEST		Spin	1788492546378	1788492546387	OK	 
REQUEST		Spin	1788492546427	1788492546438	OK	 
REQUEST		Spin	1788492546433	1788492546442	OK	 
REQUEST		Spin	1788492546435	1788492546443	OK	 
REQUEST		Spin	1788492546443	1788492546450	OK	 
REQUEST		Spin	1788492546455	1788492546463	OK	 
REQUEST		Spin	1788492546455	1788492546463	OK	 
REQUEST		Spin	1788492546474	1788492546483	OK	 
REQUEST		Spin	1788492546475	1788492546483	OK	 
REQUEST		Spin	1788492546592	1788492546605	OK	 
REQUEST		Spin	1788492546601	1788492546612	OK	 
REQUEST		Spin	1788492546648	1788492546663	OK	 
REQUEST		Spin	1788492546651	1788492546663	OK	 
REQUEST		Spin	1788492546765	1788492546781	OK	 
REQUEST		Spin	1788492546769	1788492546784	OK	 
REQUEST		Spin	1788492546776	1788492546790	OK	 
REQUEST		Spin	1788492546778	1788492546793	OK	 
REQUEST		Spin	1788492546782	1788492546794	OK	 
REQUEST		Spin	1788492546790	1788492546800	OK	 
REQUEST		Spin	1788492546791	1788492546800	OK	 
REQUEST		Spin	1788492546791	1788492546800	OK	 
REQUEST		Spin	1788492546844	1788492546854	OK	 
REQUEST		Spin	1788492546855	1788492546864	OK	 
REQUEST		Spin	1788492546858	1788492546866	OK	 
REQUEST		Spin	1788492546859	1788492546868	OK	 
REQUEST		Spin	1788492547108	1788492547129	OK	 
REQUEST		Spin	1788492547112	1788492547129	OK	 
REQUEST		Spin	1788492547111	1788492547130	OK	 
REQUEST		Spin	1788492547111	1788492547131	OK	 
REQUEST		Spin	1788492547113	1788492547132	OK	 
REQUEST		Spin	1788492547117	1788492547132	OK	 
REQUEST		Spin	1788492547128	1788492547139	OK	 
REQUEST		Spin	1788492547129	1788492547142	OK	 
REQUEST		Spin	1788492547128	1788492547142	OK	 
REQUEST		Spin	1788492547130	1788492547143	OK	 
REQUEST		Spin	1788492547132	1788492547144	OK	 
REQUEST		Spin	1788492547135	1788492547147	OK	 
REQUEST		Spin	1788492547363	1788492547388	OK	 
REQUEST		Spin	1788492547373	1788492547390	OK	 
REQUEST		Spin	1788492547371	1788492547390	OK	 
REQUEST		Spin	1788492547382	1788492547395	OK	 
REQUEST		Spin	1788492547423	1788492547434	OK	 
REQUEST		Spin	1788492547423	1788492547434	OK	 
REQUEST		Spin	1788492547429	1788492547438	OK	 
REQUEST		Spin	1788492547433	1788492547442	OK	 
REQUEST		Spin	1788492547438	1788492547446	OK	 
REQUEST		Spin	1788492547440	1788492547449	OK	 
REQUEST		Spin	1788492547447	1788492547456	OK	 
REQUEST		Spin	1788492547449	1788492547457	OK	 
REQUEST		Spin	1788492547595	1788492547609	OK	 
REQUEST		Spin	1788492547613	1788492547624	OK	 
REQUEST		Spin	1788492547626	1788492547637	OK	 
REQUEST		Spin	1788492547629	1788492547638	OK	 
REQUEST		Spin	1788492547769	1788492547793	OK	 
REQUEST		Spin	1788492547778	1788492547798	OK	 
REQUEST		Spin	1788492547778	1788492547798	OK	 
REQUEST		Spin	1788492547778	1788492547799	OK	 
REQUEST		Spin	1788492547783	1788492547800	OK	 
REQUEST		Spin	1788492547783	1788492547801	OK	 
REQUEST		Spin	1788492547796	1788492547807	OK	 
REQUEST		Spin	1788492547814	1788492547823	OK	 
REQUEST		Spin	1788492547840	1788492547849	OK	 
REQUEST		Spin	1788492547851	1788492547858	OK	 
REQUEST		Spin	1788492547869	1788492547880	OK	 
REQUEST		Spin	1788492547869	1788492547880	OK	 
REQUEST		Spin	1788492548114	1788492548124	OK	 
REQUEST		Spin	1788492548115	1788492548124	OK	 
REQUEST		Spin	1788492548114	1788492548124	OK	 
REQUEST		Spin	1788492548114	1788492548126	OK	 
REQUEST		Spin	1788492548126	1788492548137	OK	 
REQUEST		Spin	1788492548128	1788492548138	OK	 
REQUEST		Spin	1788492548128	1788492548139	OK	 
REQUEST		Spin	1788492548132	1788492548141	OK	 
REQUEST		Spin	1788492548130	1788492548141	OK	 
REQUEST		Spin	1788492548133	1788492548142	OK	 
REQUEST		Spin	1788492548136	1788492548144	OK	 
REQUEST		Spin	1788492548134	1788492548144	OK	 
REQUEST		Spin	1788492548366	1788492548381	OK	 
REQUEST		Spin	1788492548366	1788492548381	OK	 
REQUEST		Spin	1788492548365	1788492548381	OK	 
REQUEST		Spin	1788492548390	1788492548401	OK	 
REQUEST		Spin	1788492548427	1788492548440	OK	 
REQUEST		Spin	1788492548430	1788492548442	OK	 
REQUEST		Spin	1788492548430	1788492548443	OK	 
REQUEST		Spin	1788492548431	1788492548443	OK	 
REQUEST		Spin	1788492548435	1788492548447	OK	 
REQUEST		Spin	1788492548437	1788492548447	OK	 
REQUEST		Spin	1788492548453	1788492548461	OK	 
REQUEST		Spin	1788492548460	1788492548468	OK	 
REQUEST		Spin	1788492548614	1788492548642	OK	 
REQUEST		Spin	1788492548614	1788492548642	OK	 
REQUEST		Spin	1788492548623	1788492548644	OK	 
REQUEST		Spin	1788492548629	1788492548646	OK	 
REQUEST		Spin	1788492548765	1788492548792	OK	 
REQUEST		Spin	1788492548771	1788492548792	OK	 
REQUEST		Spin	1788492548772	1788492548793	OK	 
REQUEST		Spin	1788492548779	1788492548793	OK	 
REQUEST		Spin	1788492548780	1788492548794	OK	 
REQUEST		Spin	1788492548796	1788492548806	OK	 
REQUEST		Spin	1788492548819	1788492548829	OK	 
REQUEST		Spin	1788492548831	1788492548841	OK	 
REQUEST		Spin	1788492548846	1788492548855	OK	 
REQUEST		Spin	1788492548848	1788492548856	OK	 
REQUEST		Spin	1788492548857	1788492548864	OK	 
REQUEST		Spin	1788492548858	1788492548864	OK	 
REQUEST		Spin	1788492549110	1788492549138	OK	 
REQUEST		Spin	1788492549110	1788492549139	OK	 
REQUEST		Spin	1788492549119	1788492549140	OK	 
REQUEST		Spin	1788492549111	1788492549141	OK	 
REQUEST		Spin	1788492549115	1788492549143	OK	 
REQUEST		Spin	1788492549115	1788492549143	OK	 
REQUEST		Spin	1788492549121	1788492549145	OK	 
REQUEST		Spin	1788492549139	1788492549154	OK	 
REQUEST		Spin	1788492549136	1788492549154	OK	 
REQUEST		Spin	1788492549139	1788492549157	OK	 
REQUEST		Spin	1788492549139	1788492549157	OK	 
REQUEST		Spin	1788492549142	1788492549157	OK	 
REQUEST		Spin	1788492549367	1788492549388	OK	 
REQUEST		Spin	1788492549364	1788492549389	OK	 
REQUEST		Spin	1788492549376	1788492549393	OK	 
REQUEST		Spin	1788492549379	1788492549394	OK	 
REQUEST		Spin	1788492549426	1788492549439	OK	 
REQUEST		Spin	1788492549427	1788492549439	OK	 
REQUEST		Spin	1788492549429	1788492549441	OK	 
REQUEST		Spin	1788492549431	1788492549442	OK	 
REQUEST		Spin	1788492549443	1788492549451	OK	 
REQUEST		Spin	1788492549446	1788492549457	OK	 
REQUEST		Spin	1788492549448	1788492549458	OK	 
REQUEST		Spin	1788492549450	1788492549459	OK	 
REQUEST		Spin	1788492549594	1788492549620	OK	 
REQUEST		Spin	1788492549627	1788492549640	OK	 
REQUEST		Spin	1788492549634	1788492549645	OK	 
REQUEST		Spin	1788492549653	1788492549662	OK	 
REQUEST		Spin	1788492549766	1788492549782	OK	 
REQUEST		Spin	1788492549766	1788492549782	OK	 
REQUEST		Spin	1788492549766	1788492549782	OK	 
REQUEST		Spin	1788492549774	1788492549786	OK	 
REQUEST		Spin	1788492549782	1788492549793	OK	 
REQUEST		Spin	1788492549782	1788492549794	OK	 
REQUEST		Spin	1788492549787	1788492549798	OK	 
REQUEST		Spin	1788492549792	1788492549801	OK	 
REQUEST		Spin	1788492549845	1788492549857	OK	 
REQUEST		Spin	1788492549845	1788492549857	OK	 
REQUEST		Spin	1788492549871	1788492549882	OK	 
REQUEST		Spin	1788492549873	1788492549882	OK	 
REQUEST		Spin	1788492550105	1788492550110	OK	 
REQUEST		Spin	1788492550120	1788492550144	OK	 
REQUEST		Spin	1788492550121	1788492550145	OK	 
REQUEST		Spin	1788492550119	1788492550145	OK	 
REQUEST		Spin	1788492550119	1788492550148	OK	 
REQUEST		Spin	1788492550120	1788492550149	OK	 
REQUEST		Spin	1788492550128	1788492550150	OK	 
REQUEST		Spin	1788492550129	1788492550152	OK	 
REQUEST		Spin	1788492550132	1788492550153	OK	 
REQUEST		Spin	1788492550129	1788492550153	OK	 
REQUEST		Spin	1788492550138	1788492550156	OK	 
REQUEST		Spin	1788492550145	1788492550158	OK	 
REQUEST		Spin	1788492550356	1788492550375	OK	 
REQUEST		Spin	1788492550368	1788492550378	OK	 
REQUEST		Spin	1788492550370	1788492550379	OK	 
REQUEST		Spin	1788492550371	1788492550380	OK	 
REQUEST		Spin	1788492550427	1788492550442	OK	 
REQUEST		Spin	1788492550431	1788492550444	OK	 
REQUEST		Spin	1788492550433	1788492550450	OK	 
REQUEST		Spin	1788492550442	1788492550455	OK	 
REQUEST		Spin	1788492550447	1788492550457	OK	 
REQUEST		Spin	1788492550447	1788492550457	OK	 
REQUEST		Spin	1788492550451	1788492550465	OK	 
REQUEST		Spin	1788492550454	1788492550466	OK	 
REQUEST		Spin	1788492550606	1788492550620	OK	 
REQUEST		Spin	1788492550620	1788492550630	OK	 
REQUEST		Spin	1788492550623	1788492550632	OK	 
REQUEST		Spin	1788492550631	1788492550638	OK	 
REQUEST		Spin	1788492550771	1788492550785	OK	 
REQUEST		Spin	1788492550771	1788492550785	OK	 
REQUEST		Spin	1788492550771	1788492550786	OK	 
REQUEST		Spin	1788492550777	1788492550789	OK	 
REQUEST		Spin	1788492550782	1788492550794	OK	 
REQUEST		Spin	1788492550801	1788492550812	OK	 
REQUEST		Spin	1788492550803	1788492550813	OK	 
REQUEST		Spin	1788492550807	1788492550816	OK	 
REQUEST		Spin	1788492550838	1788492550848	OK	 
REQUEST		Spin	1788492550848	1788492550857	OK	 
REQUEST		Spin	1788492550860	1788492550868	OK	 
REQUEST		Spin	1788492550870	1788492550877	OK	 
REQUEST		Spin	1788492551107	1788492551125	OK	 
REQUEST		Spin	1788492551110	1788492551127	OK	 
REQUEST		Spin	1788492551124	1788492551135	OK	 
REQUEST		Spin	1788492551123	1788492551135	OK	 
REQUEST		Spin	1788492551123	1788492551136	OK	 
REQUEST		Spin	1788492551125	1788492551137	OK	 
REQUEST		Spin	1788492551133	1788492551147	OK	 
REQUEST		Spin	1788492551138	1788492551148	OK	 
REQUEST		Spin	1788492551138	1788492551149	OK	 
REQUEST		Spin	1788492551139	1788492551152	OK	 
REQUEST		Spin	1788492551138	1788492551152	OK	 
REQUEST		Spin	1788492551152	1788492551160	OK	 
REQUEST		Spin	1788492551354	1788492551373	OK	 
REQUEST		Spin	1788492551373	1788492551385	OK	 
REQUEST		Spin	1788492551376	1788492551387	OK	 
REQUEST		Spin	1788492551379	1788492551390	OK	 
REQUEST		Spin	1788492551429	1788492551439	OK	 
REQUEST		Spin	1788492551434	1788492551443	OK	 
REQUEST		Spin	1788492551437	1788492551447	OK	 
REQUEST		Spin	1788492551444	1788492551453	OK	 
REQUEST		Spin	1788492551456	1788492551465	OK	 
REQUEST		Spin	1788492551457	1788492551465	OK	 
REQUEST		Spin	1788492551476	1788492551487	OK	 
REQUEST		Spin	1788492551475	1788492551487	OK	 
REQUEST		Spin	1788492551594	1788492551603	OK	 
REQUEST		Spin	1788492551602	1788492551611	OK	 
REQUEST		Spin	1788492551649	1788492551661	OK	 
REQUEST		Spin	1788492551653	1788492551663	OK	 
REQUEST		Spin	1788492551766	1788492551784	OK	 
REQUEST		Spin	1788492551770	1788492551786	OK	 
REQUEST		Spin	1788492551777	1788492551791	OK	 
REQUEST		Spin	1788492551779	1788492551792	OK	 
REQUEST		Spin	1788492551783	1788492551793	OK	 
REQUEST		Spin	1788492551791	1788492551801	OK	 
REQUEST		Spin	1788492551792	1788492551801	OK	 
REQUEST		Spin	1788492551792	1788492551803	OK	 
REQUEST		Spin	1788492551845	1788492551859	OK	 
REQUEST		Spin	1788492551856	1788492551870	OK	 
REQUEST		Spin	1788492551860	1788492551870	OK	 
REQUEST		Spin	1788492551860	1788492551870	OK	 
REQUEST		Spin	1788492552109	1788492552131	OK	 
REQUEST		Spin	1788492552112	1788492552133	OK	 
REQUEST		Spin	1788492552113	1788492552133	OK	 
REQUEST		Spin	1788492552114	1788492552134	OK	 
REQUEST		Spin	1788492552119	1788492552136	OK	 
REQUEST		Spin	1788492552113	1788492552137	OK	 
REQUEST		Spin	1788492552130	1788492552146	OK	 
REQUEST		Spin	1788492552130	1788492552147	OK	 
REQUEST		Spin	1788492552134	1788492552150	OK	 
REQUEST		Spin	1788492552136	1788492552150	OK	 
REQUEST		Spin	1788492552131	1788492552150	OK	 
REQUEST		Spin	1788492552128	1788492552150	OK	 
REQUEST		Spin	1788492552372	1788492552392	OK	 
REQUEST		Spin	1788492552374	1788492552393	OK	 
REQUEST		Spin	1788492552364	1788492552393	OK	 
REQUEST		Spin	1788492552384	1788492552400	OK	 
REQUEST		Spin	1788492552427	1788492552434	OK	 
REQUEST		Spin	1788492552426	1788492552435	OK	 
REQUEST		Spin	1788492552430	1788492552437	OK	 
REQUEST		Spin	1788492552435	1788492552441	OK	 
REQUEST		Spin	1788492552440	1788492552446	OK	 
REQUEST		Spin	1788492552441	1788492552448	OK	 
REQUEST		Spin	1788492552449	1788492552457	OK	 
REQUEST		Spin	1788492552450	1788492552457	OK	 
REQUEST		Spin	1788492552596	1788492552611	OK	 
REQUEST		Spin	1788492552615	1788492552627	OK	 
REQUEST		Spin	1788492552626	1788492552637	OK	 
REQUEST		Spin	1788492552629	1788492552638	OK	 
REQUEST		Spin	1788492552770	1788492552798	OK	 
REQUEST		Spin	1788492552779	1788492552799	OK	 
REQUEST		Spin	1788492552779	1788492552799	OK	 
REQUEST		Spin	1788492552779	1788492552799	OK	 
REQUEST		Spin	1788492552785	1788492552800	OK	 
REQUEST		Spin	1788492552785	1788492552800	OK	 
REQUEST		Spin	1788492552798	1788492552806	OK	 
REQUEST		Spin	1788492552815	1788492552823	OK	 
REQUEST		Spin	1788492552841	1788492552849	OK	 
REQUEST		Spin	1788492552852	1788492552860	OK	 
REQUEST		Spin	1788492552870	1788492552877	OK	 
REQUEST		Spin	1788492552871	1788492552878	OK	 
REQUEST		Spin	1788492553116	1788492553143	OK	 
REQUEST		Spin	1788492553115	1788492553143	OK	 
REQUEST		Spin	1788492553116	1788492553145	OK	 
REQUEST		Spin	1788492553116	1788492553146	OK	 
REQUEST		Spin	1788492553127	1788492553148	OK	 
REQUEST		Spin	1788492553130	1788492553149	OK	 
REQUEST		Spin	1788492553131	1788492553151	OK	 
REQUEST		Spin	1788492553135	1788492553154	OK	 
REQUEST		Spin	1788492553137	1788492553155	OK	 
REQUEST		Spin	1788492553129	1788492553155	OK	 
REQUEST		Spin	1788492553134	1788492553156	OK	 
REQUEST		Spin	1788492553136	1788492553156	OK	 
REQUEST		Spin	1788492553367	1788492553375	OK	 
REQUEST		Spin	1788492553366	1788492553375	OK	 
REQUEST		Spin	1788492553366	1788492553375	OK	 
REQUEST		Spin	1788492553392	1788492553399	OK	 
REQUEST		Spin	1788492553428	1788492553434	OK	 
REQUEST		Spin	1788492553431	1788492553438	OK	 
REQUEST		Spin	1788492553432	1788492553439	OK	 
REQUEST		Spin	1788492553432	1788492553439	OK	 
REQUEST		Spin	1788492553436	1788492553442	OK	 
REQUEST		Spin	1788492553439	1788492553446	OK	 
REQUEST		Spin	1788492553455	1788492553460	OK	 
REQUEST		Spin	1788492553462	1788492553467	OK	 
REQUEST		Spin	1788492553615	1788492553631	OK	 
REQUEST		Spin	1788492553615	1788492553631	OK	 
REQUEST		Spin	1788492553625	1788492553639	OK	 
REQUEST		Spin	1788492553630	1788492553641	OK	 
REQUEST		Spin	1788492553773	1788492553789	OK	 
REQUEST		Spin	1788492553767	1788492553789	OK	 
REQUEST		Spin	1788492553773	1788492553790	OK	 
REQUEST		Spin	1788492553781	1788492553794	OK	 
REQUEST		Spin	1788492553782	1788492553795	OK	 
REQUEST		Spin	1788492553798	1788492553806	OK	 
REQUEST		Spin	1788492553820	1788492553832	OK	 
REQUEST		Spin	1788492553836	1788492553844	OK	 
REQUEST		Spin	1788492553848	1788492553855	OK	 
REQUEST		Spin	1788492553848	1788492553855	OK	 
REQUEST		Spin	1788492553857	1788492553864	OK	 
REQUEST		Spin	1788492553863	1788492553870	OK	 
REQUEST		Spin	1788492554112	1788492554141	OK	 
REQUEST		Spin	1788492554117	1788492554141	OK	 
REQUEST		Spin	1788492554116	1788492554143	OK	 
REQUEST		Spin	1788492554112	1788492554145	OK	 
REQUEST		Spin	1788492554122	1788492554146	OK	 
REQUEST		Spin	1788492554120	1788492554146	OK	 
REQUEST		Spin	1788492554112	1788492554146	OK	 
REQUEST		Spin	1788492554144	1788492554158	OK	 
REQUEST		Spin	1788492554141	1788492554158	OK	 
REQUEST		Spin	1788492554140	1788492554158	OK	 
REQUEST		Spin	1788492554140	1788492554158	OK	 
REQUEST		Spin	1788492554137	1788492554158	OK	 
REQUEST		Spin	1788492554366	1788492554390	OK	 
REQUEST		Spin	1788492554369	1788492554390	OK	 
REQUEST		Spin	1788492554380	1788492554394	OK	 
REQUEST		Spin	1788492554378	1788492554394	OK	 
REQUEST		Spin	1788492554427	1788492554442	OK	 
REQUEST		Spin	1788492554427	1788492554442	OK	 
REQUEST		Spin	1788492554430	1788492554443	OK	 
REQUEST		Spin	1788492554432	1788492554445	OK	 
REQUEST		Spin	1788492554444	1788492554459	OK	 
REQUEST		Spin	1788492554448	1788492554460	OK	 
REQUEST		Spin	1788492554452	1788492554461	OK	 
REQUEST		Spin	1788492554449	1788492554463	OK	 
REQUEST		Spin	1788492554595	1788492554607	OK	 
REQUEST		Spin	1788492554629	1788492554639	OK	 
REQUEST		Spin	1788492554636	1788492554645	OK	 
REQUEST		Spin	1788492554654	1788492554663	OK	 
REQUEST		Spin	1788492554767	1788492554784	OK	 
REQUEST		Spin	1788492554767	1788492554784	OK	 
REQUEST		Spin	1788492554767	1788492554784	OK	 
REQUEST		Spin	1788492554775	1788492554789	OK	 
REQUEST		Spin	1788492554783	1788492554796	OK	 
REQUEST		Spin	1788492554783	1788492554796	OK	 
REQUEST		Spin	1788492554788	1788492554799	OK	 
REQUEST		Spin	1788492554794	1788492554803	OK	 
REQUEST		Spin	1788492554846	1788492554857	OK	 
REQUEST		Spin	1788492554846	1788492554857	OK	 
REQUEST		Spin	1788492554873	1788492554882	OK	 
REQUEST		Spin	1788492554874	1788492554882	OK	 
REQUEST		Spin	1788492555105	1788492555111	OK	 
REQUEST		Spin	1788492555121	1788492555141	OK	 
REQUEST		Spin	1788492555122	1788492555143	OK	 
REQUEST		Spin	1788492555121	1788492555143	OK	 
REQUEST		Spin	1788492555120	1788492555143	OK	 
REQUEST		Spin	1788492555121	1788492555143	OK	 
REQUEST		Spin	1788492555131	1788492555149	OK	 
REQUEST		Spin	1788492555128	1788492555150	OK	 
REQUEST		Spin	1788492555132	1788492555150	OK	 
REQUEST		Spin	1788492555131	1788492555150	OK	 
REQUEST		Spin	1788492555140	1788492555155	OK	 
REQUEST		Spin	1788492555146	1788492555157	OK	 
REQUEST		Spin	1788492555357	1788492555372	OK	 
REQUEST		Spin	1788492555370	1788492555380	OK	 
REQUEST		Spin	1788492555372	1788492555382	OK	 
REQUEST		Spin	1788492555372	1788492555382	OK	 
REQUEST		Spin	1788492555428	1788492555436	OK	 
REQUEST		Spin	1788492555433	1788492555439	OK	 
REQUEST		Spin	1788492555434	1788492555442	OK	 
REQUEST		Spin	1788492555443	1788492555450	OK	 
REQUEST		Spin	1788492555448	1788492555455	OK	 
REQUEST		Spin	1788492555449	1788492555456	OK	 
REQUEST		Spin	1788492555453	1788492555459	OK	 
REQUEST		Spin	1788492555454	1788492555462	OK	 
REQUEST		Spin	1788492555607	1788492555621	OK	 
REQUEST		Spin	1788492555622	1788492555630	OK	 
REQUEST		Spin	1788492555624	1788492555633	OK	 
REQUEST		Spin	1788492555633	1788492555642	OK	 
REQUEST		Spin	1788492555772	1788492555787	OK	 
REQUEST		Spin	1788492555772	1788492555787	OK	 
REQUEST		Spin	1788492555777	1788492555788	OK	 
REQUEST		Spin	1788492555772	1788492555788	OK	 
REQUEST		Spin	1788492555783	1788492555790	OK	 
REQUEST		Spin	1788492555802	1788492555811	OK	 
REQUEST		Spin	1788492555805	1788492555816	OK	 
REQUEST		Spin	1788492555809	1788492555819	OK	 
REQUEST		Spin	1788492555839	1788492555846	OK	 
REQUEST		Spin	1788492555850	1788492555856	OK	 
REQUEST		Spin	1788492555862	1788492555869	OK	 
REQUEST		Spin	1788492555871	1788492555878	OK	 
REQUEST		Spin	1788492556109	1788492556130	OK	 
REQUEST		Spin	1788492556111	1788492556130	OK	 
REQUEST		Spin	1788492556124	1788492556136	OK	 
REQUEST		Spin	1788492556126	1788492556136	OK	 
REQUEST		Spin	1788492556124	1788492556137	OK	 
REQUEST		Spin	1788492556125	1788492556137	OK	 
REQUEST		Spin	1788492556134	1788492556144	OK	 
REQUEST		Spin	1788492556139	1788492556148	OK	 
REQUEST		Spin	1788492556139	1788492556148	OK	 
REQUEST		Spin	1788492556139	1788492556148	OK	 
REQUEST		Spin	1788492556140	1788492556149	OK	 
REQUEST		Spin	1788492556153	1788492556160	OK	 
REQUEST		Spin	1788492556355	1788492556376	OK	 
REQUEST		Spin	1788492556374	1788492556384	OK	 
REQUEST		Spin	1788492556377	1788492556387	OK	 
REQUEST		Spin	1788492556380	1788492556391	OK	 
REQUEST		Spin	1788492556431	1788492556442	OK	 
REQUEST		Spin	1788492556435	1788492556444	OK	 
REQUEST		Spin	1788492556438	1788492556447	OK	 
REQUEST		Spin	1788492556445	1788492556452	OK	 
REQUEST		Spin	1788492556457	1788492556466	OK	 
REQUEST		Spin	1788492556459	1788492556468	OK	 
REQUEST		Spin	1788492556476	1788492556482	OK	 
REQUEST		Spin	1788492556476	1788492556482	OK	 
REQUEST		Spin	1788492556595	1788492556609	OK	 
REQUEST		Spin	1788492556604	1788492556614	OK	 
REQUEST		Spin	1788492556651	1788492556661	OK	 
REQUEST		Spin	1788492556654	1788492556664	OK	 
REQUEST		Spin	1788492556767	1788492556787	OK	 
REQUEST		Spin	1788492556771	1788492556787	OK	 
REQUEST		Spin	1788492556778	1788492556794	OK	 
REQUEST		Spin	1788492556780	1788492556797	OK	 
REQUEST		Spin	1788492556785	1788492556802	OK	 
REQUEST		Spin	1788492556792	1788492556805	OK	 
REQUEST		Spin	1788492556793	1788492556806	OK	 
REQUEST		Spin	1788492556793	1788492556806	OK	 
REQUEST		Spin	1788492556847	1788492556858	OK	 
REQUEST		Spin	1788492556857	1788492556865	OK	 
REQUEST		Spin	1788492556861	1788492556868	OK	 
REQUEST		Spin	1788492556861	1788492556868	OK	 
REQUEST		Spin	1788492557113	1788492557132	OK	 
REQUEST		Spin	1788492557111	1788492557134	OK	 
REQUEST		Spin	1788492557115	1788492557135	OK	 
REQUEST		Spin	1788492557115	1788492557137	OK	 
REQUEST		Spin	1788492557113	1788492557138	OK	 
REQUEST		Spin	1788492557121	1788492557141	OK	 
REQUEST		Spin	1788492557130	1788492557148	OK	 
REQUEST		Spin	1788492557132	1788492557149	OK	 
REQUEST		Spin	1788492557130	1788492557149	OK	 
REQUEST		Spin	1788492557132	1788492557149	OK	 
REQUEST		Spin	1788492557135	1788492557150	OK	 
REQUEST		Spin	1788492557137	1788492557152	OK	 
REQUEST		Spin	1788492557365	1788492557387	OK	 
REQUEST		Spin	1788492557373	1788492557388	OK	 
REQUEST		Spin	1788492557376	1788492557389	OK	 
REQUEST		Spin	1788492557386	1788492557397	OK	 
REQUEST		Spin	1788492557426	1788492557437	OK	 
REQUEST		Spin	1788492557428	1788492557438	OK	 
REQUEST		Spin	1788492557430	1788492557441	OK	 
REQUEST		Spin	1788492557436	1788492557446	OK	 
REQUEST		Spin	1788492557441	1788492557450	OK	 
REQUEST		Spin	1788492557442	1788492557450	OK	 
REQUEST		Spin	1788492557450	1788492557459	OK	 
REQUEST		Spin	1788492557451	1788492557460	OK	 
REQUEST		Spin	1788492557598	1788492557608	OK	 
REQUEST		Spin	1788492557617	1788492557627	OK	 
REQUEST		Spin	1788492557627	1788492557635	OK	 
REQUEST		Spin	1788492557630	1788492557638	OK	 
REQUEST		Spin	1788492557771	1788492557788	OK	 
REQUEST		Spin	1788492557779	1788492557797	OK	 
REQUEST		Spin	1788492557779	1788492557797	OK	 
REQUEST		Spin	1788492557781	1788492557797	OK	 
REQUEST		Spin	1788492557787	1788492557801	OK	 
REQUEST		Spin	1788492557786	1788492557802	OK	 
REQUEST		Spin	1788492557800	1788492557807	OK	 
REQUEST		Spin	1788492557816	1788492557825	OK	 
REQUEST		Spin	1788492557843	1788492557851	OK	 
REQUEST		Spin	1788492557854	1788492557860	OK	 
REQUEST		Spin	1788492557872	1788492557880	OK	 
REQUEST		Spin	1788492557873	1788492557880	OK	 
REQUEST		Spin	1788492558118	1788492558149	OK	 
REQUEST		Spin	1788492558118	1788492558149	OK	 
REQUEST		Spin	1788492558118	1788492558149	OK	 
REQUEST		Spin	1788492558118	1788492558151	OK	 
REQUEST		Spin	1788492558131	1788492558153	OK	 
REQUEST		Spin	1788492558131	1788492558155	OK	 
REQUEST		Spin	1788492558129	1788492558155	OK	 
REQUEST		Spin	1788492558132	1788492558155	OK	 
REQUEST		Spin	1788492558136	1788492558156	OK	 
REQUEST		Spin	1788492558138	1788492558157	OK	 
REQUEST		Spin	1788492558137	1788492558157	OK	 
REQUEST		Spin	1788492558138	1788492558158	OK	 
REQUEST		Spin	1788492558367	1788492558387	OK	 
REQUEST		Spin	1788492558368	1788492558387	OK	 
REQUEST		Spin	1788492558367	1788492558387	OK	 
REQUEST		Spin	1788492558393	1788492558406	OK	 
REQUEST		Spin	1788492558429	1788492558441	OK	 
REQUEST		Spin	1788492558433	1788492558444	OK	 
REQUEST		Spin	1788492558432	1788492558444	OK	 
REQUEST		Spin	1788492558432	1788492558446	OK	 
REQUEST		Spin	1788492558438	1788492558448	OK	 
REQUEST		Spin	1788492558440	1788492558449	OK	 
REQUEST		Spin	1788492558457	1788492558463	OK	 
REQUEST		Spin	1788492558464	1788492558470	OK	 
REQUEST		Spin	1788492558617	1788492558625	OK	 
REQUEST		Spin	1788492558618	1788492558625	OK	 
REQUEST		Spin	1788492558626	1788492558633	OK	 
REQUEST		Spin	1788492558632	1788492558638	OK	 
REQUEST		Spin	1788492558768	1788492558781	OK	 
REQUEST		Spin	1788492558774	1788492558785	OK	 
REQUEST		Spin	1788492558774	1788492558785	OK	 
REQUEST		Spin	1788492558783	1788492558792	OK	 
REQUEST		Spin	1788492558783	1788492558792	OK	 
REQUEST		Spin	1788492558800	1788492558808	OK	 
REQUEST		Spin	1788492558822	1788492558830	OK	 
REQUEST		Spin	1788492558838	1788492558845	OK	 
REQUEST		Spin	1788492558849	1788492558856	OK	 
REQUEST		Spin	1788492558850	1788492558857	OK	 
REQUEST		Spin	1788492558858	1788492558865	OK	 
REQUEST		Spin	1788492558864	1788492558870	OK	 
REQUEST		Spin	1788492559113	1788492559135	OK	 
REQUEST		Spin	1788492559113	1788492559135	OK	 
REQUEST		Spin	1788492559120	1788492559140	OK	 
REQUEST		Spin	1788492559114	1788492559140	OK	 
REQUEST		Spin	1788492559121	1788492559140	OK	 
REQUEST		Spin	1788492559120	1788492559142	OK	 
REQUEST		Spin	1788492559123	1788492559143	OK	 
REQUEST		Spin	1788492559139	1788492559150	OK	 
REQUEST		Spin	1788492559141	1788492559151	OK	 
REQUEST		Spin	1788492559142	1788492559151	OK	 
REQUEST		Spin	1788492559143	1788492559151	OK	 
REQUEST		Spin	1788492559145	1788492559154	OK	 
REQUEST		Spin	1788492559367	1788492559389	OK	 
REQUEST		Spin	1788492559372	1788492559390	OK	 
REQUEST		Spin	1788492559380	1788492559393	OK	 
REQUEST		Spin	1788492559380	1788492559394	OK	 
REQUEST		Spin	1788492559428	1788492559440	OK	 
REQUEST		Spin	1788492559428	1788492559440	OK	 
REQUEST		Spin	1788492559431	1788492559443	OK	 
REQUEST		Spin	1788492559434	1788492559444	OK	 
REQUEST		Spin	1788492559445	1788492559456	OK	 
REQUEST		Spin	1788492559449	1788492559458	OK	 
REQUEST		Spin	1788492559451	1788492559462	OK	 
REQUEST		Spin	1788492559453	1788492559463	OK	 
REQUEST		Spin	1788492559596	1788492559610	OK	 
REQUEST		Spin	1788492559631	1788492559642	OK	 
REQUEST		Spin	1788492559638	1788492559646	OK	 
REQUEST		Spin	1788492559656	1788492559666	OK	 
REQUEST		Spin	1788492559769	1788492559788	OK	 
REQUEST		Spin	1788492559769	1788492559791	OK	 
REQUEST		Spin	1788492559769	1788492559794	OK	 
REQUEST		Spin	1788492559776	1788492559795	OK	 
REQUEST		Spin	1788492559785	1788492559801	OK	 
REQUEST		Spin	1788492559784	1788492559802	OK	 
REQUEST		Spin	1788492559790	1788492559802	OK	 
REQUEST		Spin	1788492559796	1788492559808	OK	 
REQUEST		Spin	1788492559847	1788492559859	OK	 
REQUEST		Spin	1788492559847	1788492559859	OK	 
REQUEST		Spin	1788492559875	1788492559885	OK	 
REQUEST		Spin	1788492559873	1788492559885	OK	 
REQUEST		Spin	1788492560106	1788492560116	OK	 
REQUEST		Spin	1788492560122	1788492560155	OK	 
REQUEST		Spin	1788492560123	1788492560155	OK	 
REQUEST		Spin	1788492560123	1788492560155	OK	 
REQUEST		Spin	1788492560122	1788492560155	OK	 
REQUEST		Spin	1788492560122	1788492560155	OK	 
REQUEST		Spin	1788492560129	1788492560155	OK	 
REQUEST		Spin	1788492560133	1788492560155	OK	 
REQUEST		Spin	1788492560132	1788492560156	OK	 
REQUEST		Spin	1788492560132	1788492560156	OK	 
REQUEST		Spin	1788492560141	1788492560157	OK	 
REQUEST		Spin	1788492560147	1788492560204	OK	 
REQUEST		Spin	1788492560359	1788492560383	OK	 
REQUEST		Spin	1788492560372	1788492560386	OK	 
REQUEST		Spin	1788492560373	1788492560386	OK	 
REQUEST		Spin	1788492560373	1788492560387	OK	 
REQUEST		Spin	1788492560430	1788492560444	OK	 
REQUEST		Spin	1788492560435	1788492560451	OK	 
REQUEST		Spin	1788492560435	1788492560451	OK	 
REQUEST		Spin	1788492560444	1788492560454	OK	 
REQUEST		Spin	1788492560449	1788492560458	OK	 
REQUEST		Spin	1788492560451	1788492560459	OK	 
REQUEST		Spin	1788492560454	1788492560462	OK	 
REQUEST		Spin	1788492560455	1788492560463	OK	 
REQUEST		Spin	1788492560608	1788492560631	OK	 
REQUEST		Spin	1788492560625	1788492560638	OK	 
REQUEST		Spin	1788492560626	1788492560638	OK	 
REQUEST		Spin	1788492560634	1788492560643	OK	 
REQUEST		Spin	1788492560774	1788492560794	OK	 
REQUEST		Spin	1788492560773	1788492560795	OK	 
REQUEST		Spin	1788492560774	1788492560795	OK	 
REQUEST		Spin	1788492560778	1788492560796	OK	 
REQUEST		Spin	1788492560786	1788492560799	OK	 
REQUEST		Spin	1788492560803	1788492560812	OK	 
REQUEST		Spin	1788492560806	1788492560815	OK	 
REQUEST		Spin	1788492560810	1788492560818	OK	 
REQUEST		Spin	1788492560840	1788492560848	OK	 
REQUEST		Spin	1788492560852	1788492560859	OK	 
REQUEST		Spin	1788492560862	1788492560868	OK	 
REQUEST		Spin	1788492560873	1788492560879	OK	 
REQUEST		Spin	1788492561113	1788492561132	OK	 
REQUEST		Spin	1788492561110	1788492561136	OK	 
REQUEST		Spin	1788492561126	1788492561142	OK	 
REQUEST		Spin	1788492561126	1788492561144	OK	 
REQUEST		Spin	1788492561129	1788492561145	OK	 
REQUEST		Spin	1788492561126	1788492561145	OK	 
REQUEST		Spin	1788492561136	1788492561149	OK	 
REQUEST		Spin	1788492561140	1788492561151	OK	 
REQUEST		Spin	1788492561140	1788492561152	OK	 
REQUEST		Spin	1788492561140	1788492561152	OK	 
REQUEST		Spin	1788492561140	1788492561152	OK	 
REQUEST		Spin	1788492561155	1788492561163	OK	 
REQUEST		Spin	1788492561357	1788492561375	OK	 
REQUEST		Spin	1788492561376	1788492561386	OK	 
REQUEST		Spin	1788492561379	1788492561388	OK	 
REQUEST		Spin	1788492561382	1788492561391	OK	 
REQUEST		Spin	1788492561432	1788492561442	OK	 
REQUEST		Spin	1788492561435	1788492561444	OK	 
REQUEST		Spin	1788492561439	1788492561448	OK	 
REQUEST		Spin	1788492561447	1788492561454	OK	 
REQUEST		Spin	1788492561458	1788492561466	OK	 
REQUEST		Spin	1788492561460	1788492561468	OK	 
REQUEST		Spin	1788492561477	1788492561484	OK	 
REQUEST		Spin	1788492561477	1788492561484	OK	 
REQUEST		Spin	1788492561597	1788492561613	OK	 
REQUEST		Spin	1788492561606	1788492561618	OK	 
REQUEST		Spin	1788492561653	1788492561664	OK	 
REQUEST		Spin	1788492561656	1788492561665	OK	 
REQUEST		Spin	1788492561768	1788492561786	OK	 
REQUEST		Spin	1788492561773	1788492561790	OK	 
REQUEST		Spin	1788492561780	1788492561794	OK	 
REQUEST		Spin	1788492561781	1788492561795	OK	 
REQUEST		Spin	1788492561786	1788492561797	OK	 
REQUEST		Spin	1788492561792	1788492561802	OK	 
REQUEST		Spin	1788492561794	1788492561802	OK	 
REQUEST		Spin	1788492561794	1788492561803	OK	 
REQUEST		Spin	1788492561849	1788492561861	OK	 
REQUEST		Spin	1788492561858	1788492561868	OK	 
REQUEST		Spin	1788492561863	1788492561873	OK	 
REQUEST		Spin	1788492561863	1788492561873	OK	 
REQUEST		Spin	1788492562114	1788492562135	OK	 
REQUEST		Spin	1788492562112	1788492562135	OK	 
REQUEST		Spin	1788492562116	1788492562137	OK	 
REQUEST		Spin	1788492562117	1788492562137	OK	 
REQUEST		Spin	1788492562114	1788492562140	OK	 
REQUEST		Spin	1788492562122	1788492562140	OK	 
REQUEST		Spin	1788492562131	1788492562148	OK	 
REQUEST		Spin	1788492562133	1788492562150	OK	 
REQUEST		Spin	1788492562134	1788492562150	OK	 
REQUEST		Spin	1788492562137	1788492562151	OK	 
REQUEST		Spin	1788492562137	1788492562152	OK	 
REQUEST		Spin	1788492562131	1788492562153	OK	 
REQUEST		Spin	1788492562366	1788492562383	OK	 
REQUEST		Spin	1788492562375	1788492562389	OK	 
REQUEST		Spin	1788492562378	1788492562390	OK	 
REQUEST		Spin	1788492562388	1788492562401	OK	 
REQUEST		Spin	1788492562428	1788492562439	OK	 
REQUEST		Spin	1788492562429	1788492562439	OK	 
REQUEST		Spin	1788492562431	1788492562442	OK	 
REQUEST		Spin	1788492562437	1788492562446	OK	 
REQUEST		Spin	1788492562441	1788492562450	OK	 
REQUEST		Spin	1788492562443	1788492562452	OK	 
REQUEST		Spin	1788492562451	1788492562459	OK	 
REQUEST		Spin	1788492562451	1788492562459	OK	 
REQUEST		Spin	1788492562599	1788492562620	OK	 
REQUEST		Spin	1788492562621	1788492562637	OK	 
REQUEST		Spin	1788492562629	1788492562642	OK	 
REQUEST		Spin	1788492562631	1788492562642	OK	 
REQUEST		Spin	1788492562780	1788492562800	OK	 
REQUEST		Spin	1788492562780	1788492562800	OK	 
REQUEST		Spin	1788492562782	1788492562802	OK	 
REQUEST		Spin	1788492562773	1788492562803	OK	 
REQUEST		Spin	1788492562788	1788492562803	OK	 
REQUEST		Spin	1788492562788	1788492562805	OK	 
REQUEST		Spin	1788492562801	1788492562814	OK	 
REQUEST		Spin	1788492562816	1788492562826	OK	 
REQUEST		Spin	1788492562845	1788492562855	OK	 
REQUEST		Spin	1788492562855	1788492562863	OK	 
REQUEST		Spin	1788492562874	1788492562883	OK	 
REQUEST		Spin	1788492562874	1788492562883	OK	 
REQUEST		Spin	1788492563120	1788492563155	OK	 
REQUEST		Spin	1788492563120	1788492563158	OK	 
REQUEST		Spin	1788492563133	1788492563158	OK	 
REQUEST		Spin	1788492563120	1788492563158	OK	 
REQUEST		Spin	1788492563120	1788492563158	OK	 
REQUEST		Spin	1788492563137	1788492563160	OK	 
REQUEST		Spin	1788492563131	1788492563160	OK	 
REQUEST		Spin	1788492563134	1788492563160	OK	 
REQUEST		Spin	1788492563131	1788492563161	OK	 
REQUEST		Spin	1788492563139	1788492563161	OK	 
REQUEST		Spin	1788492563137	1788492563161	OK	 
REQUEST		Spin	1788492563139	1788492563162	OK	 
REQUEST		Spin	1788492563368	1788492563386	OK	 
REQUEST		Spin	1788492563369	1788492563387	OK	 
REQUEST		Spin	1788492563368	1788492563387	OK	 
REQUEST		Spin	1788492563394	1788492563406	OK	 
REQUEST		Spin	1788492563430	1788492563446	OK	 
REQUEST		Spin	1788492563434	1788492563454	OK	 
REQUEST		Spin	1788492563434	1788492563455	OK	 
REQUEST		Spin	1788492563435	1788492563455	OK	 
REQUEST		Spin	1788492563440	1788492563458	OK	 
REQUEST		Spin	1788492563441	1788492563459	OK	 
REQUEST		Spin	1788492563459	1788492563468	OK	 
REQUEST		Spin	1788492563465	1788492563476	OK	 
REQUEST		Spin	1788492563619	1788492563628	OK	 
REQUEST		Spin	1788492563619	1788492563628	OK	 
REQUEST		Spin	1788492563628	1788492563634	OK	 
REQUEST		Spin	1788492563633	1788492563642	OK	 
REQUEST		Spin	1788492563769	1788492563778	OK	 
REQUEST		Spin	1788492563775	1788492563783	OK	 
REQUEST		Spin	1788492563775	1788492563785	OK	 
REQUEST		Spin	1788492563785	1788492563793	OK	 
REQUEST		Spin	1788492563785	1788492563793	OK	 
REQUEST		Spin	1788492563802	1788492563811	OK	 
REQUEST		Spin	1788492563824	1788492563833	OK	 
REQUEST		Spin	1788492563839	1788492563847	OK	 
REQUEST		Spin	1788492563849	1788492563858	OK	 
REQUEST		Spin	1788492563852	1788492563859	OK	 
REQUEST		Spin	1788492563859	1788492563865	OK	 
REQUEST		Spin	1788492563866	1788492563872	OK	 
REQUEST		Spin	1788492564114	1788492564139	OK	 
REQUEST		Spin	1788492564114	1788492564139	OK	 
REQUEST		Spin	1788492564115	1788492564139	OK	 
REQUEST		Spin	1788492564122	1788492564141	OK	 
REQUEST		Spin	1788492564124	1788492564141	OK	 
REQUEST		Spin	1788492564122	1788492564142	OK	 
REQUEST		Spin	1788492564122	1788492564143	OK	 
REQUEST		Spin	1788492564142	1788492564154	OK	 
REQUEST		Spin	1788492564140	1788492564154	OK	 
REQUEST		Spin	1788492564142	1788492564155	OK	 
REQUEST		Spin	1788492564145	1788492564157	OK	 
REQUEST		Spin	1788492564147	1788492564159	OK	 
REQUEST		Spin	1788492564368	1788492564393	OK	 
REQUEST		Spin	1788492564374	1788492564395	OK	 
REQUEST		Spin	1788492564380	1788492564397	OK	 
REQUEST		Spin	1788492564382	1788492564398	OK	 
REQUEST		Spin	1788492564429	1788492564441	OK	 
REQUEST		Spin	1788492564428	1788492564441	OK	 
REQUEST		Spin	1788492564432	1788492564442	OK	 
REQUEST		Spin	1788492564436	1788492564447	OK	 
REQUEST		Spin	1788492564445	1788492564454	OK	 
REQUEST		Spin	1788492564450	1788492564459	OK	 
REQUEST		Spin	1788492564452	1788492564462	OK	 
REQUEST		Spin	1788492564454	1788492564462	OK	 
REQUEST		Spin	1788492564597	1788492564621	OK	 
REQUEST		Spin	1788492564632	1788492564648	OK	 
REQUEST		Spin	1788492564639	1788492564653	OK	 
REQUEST		Spin	1788492564657	1788492564669	OK	 
REQUEST		Spin	1788492564770	1788492564783	OK	 
REQUEST		Spin	1788492564770	1788492564783	OK	 
REQUEST		Spin	1788492564770	1788492564783	OK	 
REQUEST		Spin	1788492564778	1788492564788	OK	 
REQUEST		Spin	1788492564784	1788492564793	OK	 
REQUEST		Spin	1788492564786	1788492564794	OK	 
REQUEST		Spin	1788492564792	1788492564799	OK	 
REQUEST		Spin	1788492564797	1788492564805	OK	 
REQUEST		Spin	1788492564848	1788492564858	OK	 
REQUEST		Spin	1788492564848	1788492564858	OK	 
REQUEST		Spin	1788492564874	1788492564886	OK	 
REQUEST		Spin	1788492564876	1788492564886	OK	 
REQUEST		Spin	1788492565108	1788492565112	OK	 
REQUEST		Spin	1788492565124	1788492565151	OK	 
REQUEST		Spin	1788492565124	1788492565152	OK	 
REQUEST		Spin	1788492565149	1788492565152	OK	 
REQUEST		Spin	1788492565125	1788492565157	OK	 
REQUEST		Spin	1788492565134	1788492565157	OK	 
REQUEST		Spin	1788492565124	1788492565158	OK	 
REQUEST		Spin	1788492565124	1788492565158	OK	 
REQUEST		Spin	1788492565135	1788492565159	OK	 
REQUEST		Spin	1788492565131	1788492565159	OK	 
REQUEST		Spin	1788492565133	1788492565159	OK	 
REQUEST		Spin	1788492565141	1788492565162	OK	 
REQUEST		Spin	1788492565360	1788492565382	OK	 
REQUEST		Spin	1788492565373	1788492565388	OK	 
REQUEST		Spin	1788492565373	1788492565388	OK	 
REQUEST		Spin	1788492565373	1788492565388	OK	 
REQUEST		Spin	1788492565432	1788492565445	OK	 
REQUEST		Spin	1788492565435	1788492565445	OK	 
REQUEST		Spin	1788492565437	1788492565447	OK	 
REQUEST		Spin	1788492565446	1788492565454	OK	 
REQUEST		Spin	1788492565450	1788492565458	OK	 
REQUEST		Spin	1788492565453	1788492565461	OK	 
REQUEST		Spin	1788492565456	1788492565463	OK	 
REQUEST		Spin	1788492565455	1788492565464	OK	 
REQUEST		Spin	1788492565610	1788492565639	OK	 
REQUEST		Spin	1788492565626	1788492565644	OK	 
REQUEST		Spin	1788492565627	1788492565644	OK	 
REQUEST		Spin	1788492565636	1788492565653	OK	 
REQUEST		Spin	1788492565774	1788492565792	OK	 
REQUEST		Spin	1788492565775	1788492565792	OK	 
REQUEST		Spin	1788492565775	1788492565793	OK	 
REQUEST		Spin	1788492565778	1788492565795	OK	 
REQUEST		Spin	1788492565788	1788492565801	OK	 
REQUEST		Spin	1788492565805	1788492565815	OK	 
REQUEST		Spin	1788492565807	1788492565816	OK	 
REQUEST		Spin	1788492565812	1788492565820	OK	 
REQUEST		Spin	1788492565842	1788492565849	OK	 
REQUEST		Spin	1788492565854	1788492565861	OK	 
REQUEST		Spin	1788492565863	1788492565870	OK	 
REQUEST		Spin	1788492565874	1788492565881	OK	 
REQUEST		Spin	1788492566112	1788492566145	OK	 
REQUEST		Spin	1788492566114	1788492566148	OK	 
REQUEST		Spin	1788492566130	1788492566153	OK	 
REQUEST		Spin	1788492566128	1788492566153	OK	 
REQUEST		Spin	1788492566129	1788492566160	OK	 
REQUEST		Spin	1788492566137	1788492566159	OK	 
REQUEST		Spin	1788492566128	1788492566159	OK	 
REQUEST		Spin	1788492566141	1788492566161	OK	 
REQUEST		Spin	1788492566141	1788492566162	OK	 
REQUEST		Spin	1788492566141	1788492566163	OK	 
REQUEST		Spin	1788492566141	1788492566164	OK	 
REQUEST		Spin	1788492566156	1788492566171	OK	 
REQUEST		Spin	1788492566357	1788492566377	OK	 
REQUEST		Spin	1788492566377	1788492566394	OK	 
REQUEST		Spin	1788492566380	1788492566396	OK	 
REQUEST		Spin	1788492566383	1788492566398	OK	 
REQUEST		Spin	1788492566433	1788492566443	OK	 
REQUEST		Spin	1788492566437	1788492566446	OK	 
REQUEST		Spin	1788492566440	1788492566449	OK	 
REQUEST		Spin	1788492566447	1788492566456	OK	 
REQUEST		Spin	1788492566459	1788492566467	OK	 
REQUEST		Spin	1788492566461	1788492566469	OK	 
REQUEST		Spin	1788492566478	1788492566485	OK	 
REQUEST		Spin	1788492566478	1788492566485	OK	 
REQUEST		Spin	1788492566598	1788492566613	OK	 
REQUEST		Spin	1788492566608	1788492566621	OK	 
REQUEST		Spin	1788492566654	1788492566666	OK	 
REQUEST		Spin	1788492566658	1788492566666	OK	 
REQUEST		Spin	1788492566769	1788492566783	OK	 
REQUEST		Spin	1788492566774	1788492566787	OK	 
REQUEST		Spin	1788492566781	1788492566793	OK	 
REQUEST		Spin	1788492566782	1788492566794	OK	 
REQUEST		Spin	1788492566787	1788492566796	OK	 
REQUEST		Spin	1788492566794	1788492566804	OK	 
REQUEST		Spin	1788492566796	1788492566805	OK	 
REQUEST		Spin	1788492566795	1788492566805	OK	 
REQUEST		Spin	1788492566852	1788492566861	OK	 
REQUEST		Spin	1788492566860	1788492566871	OK	 
REQUEST		Spin	1788492566865	1788492566874	OK	 
REQUEST		Spin	1788492566865	1788492566874	OK	 
REQUEST		Spin	1788492567115	1788492567140	OK	 
REQUEST		Spin	1788492567119	1788492567142	OK	 
REQUEST		Spin	1788492567115	1788492567142	OK	 
REQUEST		Spin	1788492567118	1788492567142	OK	 
REQUEST		Spin	1788492567123	1788492567142	OK	 
REQUEST		Spin	1788492567112	1788492567143	OK	 
REQUEST		Spin	1788492567132	1788492567147	OK	 
REQUEST		Spin	1788492567134	1788492567148	OK	 
REQUEST		Spin	1788492567132	1788492567149	OK	 
REQUEST		Spin	1788492567138	1788492567152	OK	 
REQUEST		Spin	1788492567136	1788492567152	OK	 
REQUEST		Spin	1788492567138	1788492567152	OK	 
REQUEST		Spin	1788492567367	1788492567390	OK	 
REQUEST		Spin	1788492567376	1788492567392	OK	 
REQUEST		Spin	1788492567380	1788492567395	OK	 
REQUEST		Spin	1788492567390	1788492567401	OK	 
REQUEST		Spin	1788492567431	1788492567443	OK	 
REQUEST		Spin	1788492567429	1788492567443	OK	 
REQUEST		Spin	1788492567430	1788492567444	OK	 
REQUEST		Spin	1788492567437	1788492567449	OK	 
REQUEST		Spin	1788492567442	1788492567452	OK	 
REQUEST		Spin	1788492567444	1788492567453	OK	 
REQUEST		Spin	1788492567453	1788492567461	OK	 
REQUEST		Spin	1788492567453	1788492567461	OK	 
REQUEST		Spin	1788492567600	1788492567622	OK	 
REQUEST		Spin	1788492567621	1788492567638	OK	 
REQUEST		Spin	1788492567630	1788492567645	OK	 
REQUEST		Spin	1788492567633	1788492567647	OK	 
REQUEST		Spin	1788492567774	1788492567787	OK	 
REQUEST		Spin	1788492567781	1788492567791	OK	 
REQUEST		Spin	1788492567782	1788492567792	OK	 
REQUEST		Spin	1788492567782	1788492567794	OK	 
REQUEST		Spin	1788492567789	1788492567798	OK	 
REQUEST		Spin	1788492567790	1788492567798	OK	 
REQUEST		Spin	1788492567802	1788492567810	OK	 
REQUEST		Spin	1788492567817	1788492567825	OK	 
REQUEST		Spin	1788492567846	1788492567856	OK	 
REQUEST		Spin	1788492567857	1788492567866	OK	 
REQUEST		Spin	1788492567875	1788492567885	OK	 
REQUEST		Spin	1788492567876	1788492567886	OK	 
REQUEST		Spin	1788492568121	1788492568157	OK	 
REQUEST		Spin	1788492568121	1788492568157	OK	 
REQUEST		Spin	1788492568121	1788492568157	OK	 
REQUEST		Spin	1788492568121	1788492568157	OK	 
REQUEST		Spin	1788492568132	1788492568158	OK	 
REQUEST		Spin	1788492568135	1788492568161	OK	 
REQUEST		Spin	1788492568132	1788492568161	OK	 
REQUEST		Spin	1788492568140	1788492568161	OK	 
REQUEST		Spin	1788492568134	1788492568161	OK	 
REQUEST		Spin	1788492568138	1788492568162	OK	 
REQUEST		Spin	1788492568138	1788492568162	OK	 
REQUEST		Spin	1788492568139	1788492568162	OK	 
REQUEST		Spin	1788492568370	1788492568393	OK	 
REQUEST		Spin	1788492568369	1788492568393	OK	 
REQUEST		Spin	1788492568369	1788492568393	OK	 
REQUEST		Spin	1788492568396	1788492568405	OK	 
REQUEST		Spin	1788492568431	1788492568442	OK	 
REQUEST		Spin	1788492568435	1788492568447	OK	 
REQUEST		Spin	1788492568434	1788492568447	OK	 
REQUEST		Spin	1788492568437	1788492568448	OK	 
REQUEST		Spin	1788492568440	1788492568451	OK	 
REQUEST		Spin	1788492568442	1788492568452	OK	 
REQUEST		Spin	1788492568461	1788492568472	OK	 
REQUEST		Spin	1788492568466	1788492568474	OK	 
REQUEST		Spin	1788492568621	1788492568650	OK	 
REQUEST		Spin	1788492568621	1788492568650	OK	 
REQUEST		Spin	1788492568634	1788492568650	OK	 
REQUEST		Spin	1788492568630	1788492568650	OK	 
REQUEST		Spin	1788492568769	1788492568790	OK	 
REQUEST		Spin	1788492568777	1788492568795	OK	 
REQUEST		Spin	1788492568777	1788492568795	OK	 
REQUEST		Spin	1788492568787	1788492568803	OK	 
REQUEST		Spin	1788492568786	1788492568803	OK	 
REQUEST		Spin	1788492568803	1788492568816	OK	 
REQUEST		Spin	1788492568825	1788492568832	OK	 
REQUEST		Spin	1788492568840	1788492568848	OK	 
REQUEST		Spin	1788492568851	1788492568858	OK	 
REQUEST		Spin	1788492568854	1788492568860	OK	 
REQUEST		Spin	1788492568860	1788492568868	OK	 
REQUEST		Spin	1788492568868	1788492568875	OK	 
REQUEST		Spin	1788492569115	1788492569128	OK	 
REQUEST		Spin	1788492569116	1788492569128	OK	 
REQUEST		Spin	1788492569117	1788492569130	OK	 
REQUEST		Spin	1788492569122	1788492569133	OK	 
REQUEST		Spin	1788492569123	1788492569133	OK	 
REQUEST		Spin	1788492569123	1788492569134	OK	 
REQUEST		Spin	1788492569125	1788492569135	OK	 
REQUEST		Spin	1788492569143	1788492569151	OK	 
REQUEST		Spin	1788492569143	1788492569152	OK	 
REQUEST		Spin	1788492569143	1788492569152	OK	 
REQUEST		Spin	1788492569146	1788492569155	OK	 
REQUEST		Spin	1788492569149	1788492569157	OK	 
REQUEST		Spin	1788492569370	1788492569406	OK	 
REQUEST		Spin	1788492569376	1788492569406	OK	 
REQUEST		Spin	1788492569384	1788492569406	OK	 
REQUEST		Spin	1788492569382	1788492569407	OK	 
REQUEST		Spin	1788492569430	1788492569442	OK	 
REQUEST		Spin	1788492569430	1788492569442	OK	 
REQUEST		Spin	1788492569434	1788492569446	OK	 
REQUEST		Spin	1788492569437	1788492569449	OK	 
REQUEST		Spin	1788492569446	1788492569455	OK	 
REQUEST		Spin	1788492569453	1788492569461	OK	 
REQUEST		Spin	1788492569452	1788492569462	OK	 
REQUEST		Spin	1788492569455	1788492569464	OK	 
REQUEST		Spin	1788492569598	1788492569620	OK	 
REQUEST		Spin	1788492569634	1788492569647	OK	 
REQUEST		Spin	1788492569641	1788492569652	OK	 
REQUEST		Spin	1788492569659	1788492569669	OK	 
REQUEST		Spin	1788492569771	1788492569797	OK	 
REQUEST		Spin	1788492569771	1788492569797	OK	 
REQUEST		Spin	1788492569771	1788492569797	OK	 
REQUEST		Spin	1788492569779	1788492569799	OK	 
REQUEST		Spin	1788492569786	1788492569801	OK	 
REQUEST		Spin	1788492569785	1788492569803	OK	 
REQUEST		Spin	1788492569792	1788492569805	OK	 
REQUEST		Spin	1788492569797	1788492569807	OK	 
REQUEST		Spin	1788492569849	1788492569860	OK	 
REQUEST		Spin	1788492569849	1788492569860	OK	 
REQUEST		Spin	1788492569875	1788492569885	OK	 
REQUEST		Spin	1788492569878	1788492569886	OK	 
REQUEST		Spin	1788492570109	1788492570116	OK	 
REQUEST		Spin	1788492570125	1788492570151	OK	 
REQUEST		Spin	1788492570125	1788492570152	OK	 
REQUEST		Spin	1788492570125	1788492570153	OK	 
REQUEST		Spin	1788492570151	1788492570155	OK	 
REQUEST		Spin	1788492570135	1788492570155	OK	 
REQUEST		Spin	1788492570126	1788492570155	OK	 
REQUEST		Spin	1788492570133	1788492570155	OK	 
REQUEST		Spin	1788492570125	1788492570155	OK	 
REQUEST		Spin	1788492570136	1788492570157	OK	 
REQUEST		Spin	1788492570136	1788492570159	OK	 
REQUEST		Spin	1788492570142	1788492570160	OK	 
REQUEST		Spin	1788492570362	1788492570383	OK	 
REQUEST		Spin	1788492570374	1788492570388	OK	 
REQUEST		Spin	1788492570375	1788492570388	OK	 
REQUEST		Spin	1788492570374	1788492570388	OK	 
REQUEST		Spin	1788492570434	1788492570447	OK	 
REQUEST		Spin	1788492570435	1788492570448	OK	 
REQUEST		Spin	1788492570438	1788492570449	OK	 
REQUEST		Spin	1788492570447	1788492570457	OK	 
REQUEST		Spin	1788492570452	1788492570461	OK	 
REQUEST		Spin	1788492570455	1788492570464	OK	 
REQUEST		Spin	1788492570455	1788492570464	OK	 
REQUEST		Spin	1788492570457	1788492570465	OK	 
REQUEST		Spin	1788492570611	1788492570644	OK	 
REQUEST		Spin	1788492570628	1788492570644	OK	 
REQUEST		Spin	1788492570628	1788492570644	OK	 
REQUEST		Spin	1788492570637	1788492570649	OK	 
REQUEST		Spin	1788492570776	1788492570798	OK	 
REQUEST		Spin	1788492570780	1788492570801	OK	 
REQUEST		Spin	1788492570776	1788492570801	OK	 
REQUEST		Spin	1788492570776	1788492570801	OK	 
REQUEST		Spin	1788492570789	1788492570807	OK	 
REQUEST		Spin	1788492570805	1788492570815	OK	 
REQUEST		Spin	1788492570810	1788492570821	OK	 
REQUEST		Spin	1788492570814	1788492570824	OK	 
REQUEST		Spin	1788492570843	1788492570853	OK	 
REQUEST		Spin	1788492570856	1788492570863	OK	 
REQUEST		Spin	1788492570864	1788492570873	OK	 
REQUEST		Spin	1788492570876	1788492570884	OK	 
REQUEST		Spin	1788492571115	1788492571132	OK	 
REQUEST		Spin	1788492571114	1788492571133	OK	 
REQUEST		Spin	1788492571128	1788492571143	OK	 
REQUEST		Spin	1788492571128	1788492571144	OK	 
REQUEST		Spin	1788492571130	1788492571144	OK	 
REQUEST		Spin	1788492571130	1788492571145	OK	 
REQUEST		Spin	1788492571138	1788492571153	OK	 
REQUEST		Spin	1788492571142	1788492571156	OK	 
REQUEST		Spin	1788492571142	1788492571156	OK	 
REQUEST		Spin	1788492571142	1788492571157	OK	 
REQUEST		Spin	1788492571142	1788492571157	OK	 
REQUEST		Spin	1788492571157	1788492571166	OK	 
REQUEST		Spin	1788492571359	1788492571381	OK	 
REQUEST		Spin	1788492571377	1788492571390	OK	 
REQUEST		Spin	1788492571382	1788492571393	OK	 
REQUEST		Spin	1788492571384	1788492571394	OK	 
REQUEST		Spin	1788492571435	1788492571448	OK	 
REQUEST		Spin	1788492571438	1788492571450	OK	 
REQUEST		Spin	1788492571441	1788492571453	OK	 
REQUEST		Spin	1788492571448	1788492571457	OK	 
REQUEST		Spin	1788492571460	1788492571471	OK	 
REQUEST		Spin	1788492571463	1788492571473	OK	 
REQUEST		Spin	1788492571479	1788492571488	OK	 
REQUEST		Spin	1788492571479	1788492571488	OK	 
REQUEST		Spin	1788492571600	1788492571614	OK	 
REQUEST		Spin	1788492571608	1788492571618	OK	 
REQUEST		Spin	1788492571656	1788492571669	OK	 
REQUEST		Spin	1788492571660	1788492571672	OK	 
REQUEST		Spin	1788492571770	1788492571786	OK	 
REQUEST		Spin	1788492571775	1788492571787	OK	 
REQUEST		Spin	1788492571782	1788492571793	OK	 
REQUEST		Spin	1788492571783	1788492571795	OK	 
REQUEST		Spin	1788492571788	1788492571797	OK	 
REQUEST		Spin	1788492571794	1788492571803	OK	 
REQUEST		Spin	1788492571796	1788492571806	OK	 
REQUEST		Spin	1788492571797	1788492571806	OK	 
REQUEST		Spin	1788492571852	1788492571864	OK	 
REQUEST		Spin	1788492571861	1788492571870	OK	 
REQUEST		Spin	1788492571865	1788492571874	OK	 
REQUEST		Spin	1788492571866	1788492571874	OK	 
USER	naga777-grpc-player-journey	END	1788492572137
REQUEST		Spin	1788492572113	1788492572137	OK	 
REQUEST		Spin	1788492572116	1788492572137	OK	 
REQUEST		Spin	1788492572121	1788492572139	OK	 
REQUEST		Spin	1788492572120	1788492572140	OK	 
REQUEST		Spin	1788492572117	1788492572141	OK	 
REQUEST		Spin	1788492572126	1788492572143	OK	 
REQUEST		Spin	1788492572132	1788492572149	OK	 
REQUEST		Spin	1788492572134	1788492572149	OK	 
REQUEST		Spin	1788492572139	1788492572154	OK	 
REQUEST		Spin	1788492572140	1788492572154	OK	 
REQUEST		Spin	1788492572139	1788492572154	OK	 
REQUEST		Spin	1788492572368	1788492572387	OK	 
REQUEST		Spin	1788492572378	1788492572391	OK	 
REQUEST		Spin	1788492572381	1788492572392	OK	 
REQUEST		Spin	1788492572392	1788492572399	OK	 
USER	naga777-grpc-player-journey	END	1788492572438
REQUEST		Spin	1788492572431	1788492572442	OK	 
REQUEST		Spin	1788492572430	1788492572442	OK	 
REQUEST		Spin	1788492572433	1788492572444	OK	 
REQUEST		Spin	1788492572443	1788492572452	OK	 
REQUEST		Spin	1788492572446	1788492572454	OK	 
REQUEST		Spin	1788492572455	1788492572463	OK	 
REQUEST		Spin	1788492572455	1788492572463	OK	 
REQUEST		Spin	1788492572602	1788492572623	OK	 
REQUEST		Spin	1788492572623	1788492572637	OK	 
REQUEST		Spin	1788492572632	1788492572642	OK	 
REQUEST		Spin	1788492572634	1788492572643	OK	 
USER	naga777-grpc-player-journey	END	1788492572791
REQUEST		Spin	1788492572775	1788492572795	OK	 
REQUEST		Spin	1788492572783	1788492572798	OK	 
REQUEST		Spin	1788492572783	1788492572798	OK	 
REQUEST		Spin	1788492572781	1788492572798	OK	 
REQUEST		Spin	1788492572790	1788492572803	OK	 
REQUEST		Spin	1788492572803	1788492572813	OK	 
REQUEST		Spin	1788492572818	1788492572827	OK	 
REQUEST		Spin	1788492572848	1788492572857	OK	 
REQUEST		Spin	1788492572858	1788492572866	OK	 
REQUEST		Spin	1788492572876	1788492572887	OK	 
REQUEST		Spin	1788492572877	1788492572887	OK	 
USER	naga777-grpc-player-journey	END	1788492573137
REQUEST		Spin	1788492573121	1788492573152	OK	 
REQUEST		Spin	1788492573122	1788492573153	OK	 
REQUEST		Spin	1788492573122	1788492573154	OK	 
REQUEST		Spin	1788492573122	1788492573155	OK	 
REQUEST		Spin	1788492573134	1788492573156	OK	 
REQUEST		Spin	1788492573134	1788492573156	OK	 
REQUEST		Spin	1788492573136	1788492573160	OK	 
REQUEST		Spin	1788492573139	1788492573160	OK	 
REQUEST		Spin	1788492573140	1788492573160	OK	 
REQUEST		Spin	1788492573142	1788492573160	OK	 
REQUEST		Spin	1788492573141	1788492573161	OK	 
REQUEST		Spin	1788492573371	1788492573395	OK	 
REQUEST		Spin	1788492573371	1788492573395	OK	 
REQUEST		Spin	1788492573371	1788492573396	OK	 
REQUEST		Spin	1788492573397	1788492573409	OK	 
REQUEST		Spin	1788492573432	1788492573451	OK	 
REQUEST		Spin	1788492573436	1788492573452	OK	 
REQUEST		Spin	1788492573436	1788492573454	OK	 
REQUEST		Spin	1788492573438	1788492573455	OK	 
REQUEST		Spin	1788492573442	1788492573458	OK	 
REQUEST		Spin	1788492573443	1788492573458	OK	 
USER	naga777-grpc-player-journey	END	1788492573463
REQUEST		Spin	1788492573467	1788492573475	OK	 
REQUEST		Spin	1788492573622	1788492573632	OK	 
REQUEST		Spin	1788492573622	1788492573632	OK	 
REQUEST		Spin	1788492573631	1788492573641	OK	 
REQUEST		Spin	1788492573635	1788492573644	OK	 
REQUEST		Spin	1788492573770	1788492573785	OK	 
REQUEST		Spin	1788492573778	1788492573789	OK	 
REQUEST		Spin	1788492573777	1788492573789	OK	 
REQUEST		Spin	1788492573787	1788492573796	OK	 
REQUEST		Spin	1788492573788	1788492573797	OK	 
REQUEST		Spin	1788492573803	1788492573813	OK	 
USER	naga777-grpc-player-journey	END	1788492573827
REQUEST		Spin	1788492573841	1788492573851	OK	 
REQUEST		Spin	1788492573854	1788492573863	OK	 
REQUEST		Spin	1788492573854	1788492573863	OK	 
REQUEST		Spin	1788492573861	1788492573868	OK	 
REQUEST		Spin	1788492573871	1788492573878	OK	 
REQUEST		Spin	1788492574118	1788492574125	OK	 
REQUEST		Spin	1788492574117	1788492574125	OK	 
REQUEST		Spin	1788492574118	1788492574125	OK	 
REQUEST		Spin	1788492574124	1788492574133	OK	 
REQUEST		Spin	1788492574124	1788492574133	OK	 
REQUEST		Spin	1788492574125	1788492574133	OK	 
REQUEST		Spin	1788492574127	1788492574134	OK	 
USER	naga777-grpc-player-journey	END	1788492574144
REQUEST		Spin	1788492574145	1788492574154	OK	 
REQUEST		Spin	1788492574145	1788492574155	OK	 
REQUEST		Spin	1788492574148	1788492574161	OK	 
REQUEST		Spin	1788492574151	1788492574161	OK	 
USER	naga777-grpc-player-journey	END	1788492574372
REQUEST		Spin	1788492574378	1788492574395	OK	 
REQUEST		Spin	1788492574383	1788492574395	OK	 
REQUEST		Spin	1788492574385	1788492574397	OK	 
REQUEST		Spin	1788492574432	1788492574448	OK	 
REQUEST		Spin	1788492574432	1788492574448	OK	 
REQUEST		Spin	1788492574438	1788492574451	OK	 
REQUEST		Spin	1788492574436	1788492574451	OK	 
REQUEST		Spin	1788492574448	1788492574457	OK	 
REQUEST		Spin	1788492574453	1788492574461	OK	 
REQUEST		Spin	1788492574455	1788492574464	OK	 
REQUEST		Spin	1788492574456	1788492574465	OK	 
REQUEST		Spin	1788492574600	1788492574619	OK	 
REQUEST		Spin	1788492574636	1788492574651	OK	 
REQUEST		Spin	1788492574643	1788492574655	OK	 
USER	naga777-grpc-player-journey	END	1788492574660
REQUEST		Spin	1788492574772	1788492574792	OK	 
REQUEST		Spin	1788492574772	1788492574792	OK	 
REQUEST		Spin	1788492574780	1788492574792	OK	 
REQUEST		Spin	1788492574773	1788492574793	OK	 
REQUEST		Spin	1788492574787	1788492574799	OK	 
REQUEST		Spin	1788492574788	1788492574799	OK	 
REQUEST		Spin	1788492574793	1788492574802	OK	 
REQUEST		Spin	1788492574798	1788492574807	OK	 
REQUEST		Spin	1788492574850	1788492574859	OK	 
REQUEST		Spin	1788492574850	1788492574859	OK	 
USER	naga777-grpc-player-journey	END	1788492574880
REQUEST		Spin	1788492574876	1788492574884	OK	 
REQUEST		Spin	1788492575111	1788492575122	OK	 
USER	naga777-grpc-player-journey	END	1788492575137
REQUEST		Spin	1788492575128	1788492575148	OK	 
REQUEST		Spin	1788492575126	1788492575153	OK	 
REQUEST		Spin	1788492575126	1788492575153	OK	 
REQUEST		Spin	1788492575126	1788492575154	OK	 
REQUEST		Spin	1788492575127	1788492575154	OK	 
REQUEST		Spin	1788492575153	1788492575154	OK	 
REQUEST		Spin	1788492575135	1788492575156	OK	 
REQUEST		Spin	1788492575137	1788492575157	OK	 
REQUEST		Spin	1788492575137	1788492575157	OK	 
REQUEST		Spin	1788492575143	1788492575160	OK	 
REQUEST		Spin	1788492575364	1788492575391	OK	 
REQUEST		Spin	1788492575377	1788492575391	OK	 
REQUEST		Spin	1788492575377	1788492575391	OK	 
REQUEST		Spin	1788492575377	1788492575391	OK	 
REQUEST		Spin	1788492575436	1788492575448	OK	 
REQUEST		Spin	1788492575436	1788492575449	OK	 
REQUEST		Spin	1788492575439	1788492575451	OK	 
USER	naga777-grpc-player-journey	END	1788492575456
REQUEST		Spin	1788492575448	1788492575458	OK	 
REQUEST		Spin	1788492575454	1788492575462	OK	 
REQUEST		Spin	1788492575456	1788492575464	OK	 
REQUEST		Spin	1788492575458	1788492575466	OK	 
REQUEST		Spin	1788492575613	1788492575644	OK	 
REQUEST		Spin	1788492575629	1788492575647	OK	 
REQUEST		Spin	1788492575630	1788492575648	OK	 
REQUEST		Spin	1788492575637	1788492575651	OK	 
REQUEST		Spin	1788492575778	1788492575806	OK	 
REQUEST		Spin	1788492575778	1788492575806	OK	 
REQUEST		Spin	1788492575778	1788492575808	OK	 
REQUEST		Spin	1788492575781	1788492575808	OK	 
REQUEST		Spin	1788492575791	1788492575808	OK	 
USER	naga777-grpc-player-journey	END	1788492575815
REQUEST		Spin	1788492575806	1788492575816	OK	 
REQUEST		Spin	1788492575811	1788492575821	OK	 
REQUEST		Spin	1788492575844	1788492575853	OK	 
REQUEST		Spin	1788492575857	1788492575865	OK	 
REQUEST		Spin	1788492575865	1788492575871	OK	 
REQUEST		Spin	1788492575878	1788492575885	OK	 
REQUEST		Spin	1788492576117	1788492576135	OK	 
REQUEST		Spin	1788492576115	1788492576137	OK	 
REQUEST		Spin	1788492576129	1788492576140	OK	 
REQUEST		Spin	1788492576131	1788492576141	OK	 
REQUEST		Spin	1788492576131	1788492576141	OK	 
REQUEST		Spin	1788492576129	1788492576141	OK	 
USER	naga777-grpc-player-journey	END	1788492576144
REQUEST		Spin	1788492576140	1788492576149	OK	 
REQUEST		Spin	1788492576143	1788492576151	OK	 
REQUEST		Spin	1788492576144	1788492576153	OK	 
REQUEST		Spin	1788492576145	1788492576153	OK	 
REQUEST		Spin	1788492576159	1788492576166	OK	 
REQUEST		Spin	1788492576361	1788492576382	OK	 
REQUEST		Spin	1788492576378	1788492576386	OK	 
REQUEST		Spin	1788492576383	1788492576391	OK	 
REQUEST		Spin	1788492576385	1788492576393	OK	 
REQUEST		Spin	1788492576437	1788492576447	OK	 
REQUEST		Spin	1788492576439	1788492576447	OK	 
REQUEST		Spin	1788492576441	1788492576449	OK	 
REQUEST		Spin	1788492576449	1788492576456	OK	 
USER	naga777-grpc-player-journey	END	1788492576462
REQUEST		Spin	1788492576464	1788492576472	OK	 
REQUEST		Spin	1788492576481	1788492576490	OK	 
REQUEST		Spin	1788492576481	1788492576490	OK	 
REQUEST		Spin	1788492576602	1788492576622	OK	 
REQUEST		Spin	1788492576609	1788492576622	OK	 
REQUEST		Spin	1788492576658	1788492576668	OK	 
REQUEST		Spin	1788492576661	1788492576670	OK	 
REQUEST		Spin	1788492576771	1788492576784	OK	 
REQUEST		Spin	1788492576777	1788492576792	OK	 
USER	naga777-grpc-player-journey	END	1788492576793
REQUEST		Spin	1788492576784	1788492576793	OK	 
REQUEST		Spin	1788492576784	1788492576793	OK	 
REQUEST		Spin	1788492576796	1788492576807	OK	 
REQUEST		Spin	1788492576798	1788492576808	OK	 
REQUEST		Spin	1788492576798	1788492576810	OK	 
REQUEST		Spin	1788492576853	1788492576862	OK	 
REQUEST		Spin	1788492576861	1788492576869	OK	 
REQUEST		Spin	1788492576869	1788492576876	OK	 
REQUEST		Spin	1788492576869	1788492576876	OK	 
USER	naga777-grpc-player-journey	END	1788492577133
REQUEST		Spin	1788492577115	1788492577135	OK	 
REQUEST		Spin	1788492577119	1788492577136	OK	 
REQUEST		Spin	1788492577121	1788492577137	OK	 
REQUEST		Spin	1788492577118	1788492577137	OK	 
REQUEST		Spin	1788492577122	1788492577137	OK	 
REQUEST		Spin	1788492577128	1788492577139	OK	 
REQUEST		Spin	1788492577135	1788492577142	OK	 
REQUEST		Spin	1788492577140	1788492577149	OK	 
REQUEST		Spin	1788492577140	1788492577149	OK	 
REQUEST		Spin	1788492577141	1788492577150	OK	 
USER	naga777-grpc-player-journey	END	1788492577383
REQUEST		Spin	1788492577369	1788492577393	OK	 
REQUEST		Spin	1788492577379	1788492577395	OK	 
REQUEST		Spin	1788492577394	1788492577403	OK	 
REQUEST		Spin	1788492577431	1788492577442	OK	 
REQUEST		Spin	1788492577431	1788492577442	OK	 
REQUEST		Spin	1788492577434	1788492577443	OK	 
REQUEST		Spin	1788492577444	1788492577452	OK	 
REQUEST		Spin	1788492577448	1788492577455	OK	 
REQUEST		Spin	1788492577456	1788492577463	OK	 
REQUEST		Spin	1788492577457	1788492577463	OK	 
REQUEST		Spin	1788492577603	1788492577623	OK	 
REQUEST		Spin	1788492577624	1788492577634	OK	 
USER	naga777-grpc-player-journey	END	1788492577634
REQUEST		Spin	1788492577635	1788492577645	OK	 
REQUEST		Spin	1788492577782	1788492577801	OK	 
REQUEST		Spin	1788492577776	1788492577801	OK	 
REQUEST		Spin	1788492577784	1788492577801	OK	 
REQUEST		Spin	1788492577784	1788492577802	OK	 
REQUEST		Spin	1788492577791	1788492577804	OK	 
REQUEST		Spin	1788492577805	1788492577814	OK	 
REQUEST		Spin	1788492577820	1788492577834	OK	 
REQUEST		Spin	1788492577848	1788492577859	OK	 
REQUEST		Spin	1788492577860	1788492577868	OK	 
USER	naga777-grpc-player-journey	END	1788492577878
REQUEST		Spin	1788492577877	1788492577886	OK	 
USER	naga777-grpc-player-journey	END	1788492578143
REQUEST		Spin	1788492578124	1788492578155	OK	 
REQUEST		Spin	1788492578123	1788492578158	OK	 
REQUEST		Spin	1788492578123	1788492578158	OK	 
REQUEST		Spin	1788492578123	1788492578159	OK	 
REQUEST		Spin	1788492578135	1788492578163	OK	 
REQUEST		Spin	1788492578135	1788492578163	OK	 
REQUEST		Spin	1788492578140	1788492578164	OK	 
REQUEST		Spin	1788492578137	1788492578164	OK	 
REQUEST		Spin	1788492578141	1788492578167	OK	 
REQUEST		Spin	1788492578144	1788492578167	OK	 
REQUEST		Spin	1788492578373	1788492578389	OK	 
REQUEST		Spin	1788492578373	1788492578389	OK	 
REQUEST		Spin	1788492578373	1788492578389	OK	 
REQUEST		Spin	1788492578398	1788492578407	OK	 
REQUEST		Spin	1788492578433	1788492578442	OK	 
REQUEST		Spin	1788492578437	1788492578444	OK	 
REQUEST		Spin	1788492578437	1788492578444	OK	 
REQUEST		Spin	1788492578439	1788492578448	OK	 
REQUEST		Spin	1788492578443	1788492578451	OK	 
REQUEST		Spin	1788492578445	1788492578452	OK	 
USER	naga777-grpc-player-journey	END	1788492578468
REQUEST		Spin	1788492578625	1788492578639	OK	 
REQUEST		Spin	1788492578625	1788492578639	OK	 
REQUEST		Spin	1788492578632	1788492578640	OK	 
REQUEST		Spin	1788492578637	1788492578645	OK	 
REQUEST		Spin	1788492578772	1788492578791	OK	 
REQUEST		Spin	1788492578779	1788492578791	OK	 
REQUEST		Spin	1788492578779	1788492578792	OK	 
REQUEST		Spin	1788492578789	1788492578800	OK	 
REQUEST		Spin	1788492578789	1788492578800	OK	 
REQUEST		Spin	1788492578804	1788492578815	OK	 
USER	naga777-grpc-player-journey	END	1788492578843
REQUEST		Spin	1788492578856	1788492578869	OK	 
REQUEST		Spin	1788492578855	1788492578869	OK	 
REQUEST		Spin	1788492578862	1788492578872	OK	 
REQUEST		Spin	1788492578872	1788492578880	OK	 
USER	naga777-grpc-player-journey	END	1788492579119
REQUEST		Spin	1788492579120	1788492579143	OK	 
REQUEST		Spin	1788492579118	1788492579143	OK	 
REQUEST		Spin	1788492579125	1788492579146	OK	 
REQUEST		Spin	1788492579126	1788492579146	OK	 
REQUEST		Spin	1788492579125	1788492579147	OK	 
REQUEST		Spin	1788492579129	1788492579147	OK	 
REQUEST		Spin	1788492579147	1788492579156	OK	 
REQUEST		Spin	1788492579147	1788492579158	OK	 
REQUEST		Spin	1788492579149	1788492579158	OK	 
REQUEST		Spin	1788492579152	1788492579160	OK	 
REQUEST		Spin	1788492579380	1788492579388	OK	 
REQUEST		Spin	1788492579385	1788492579392	OK	 
REQUEST		Spin	1788492579386	1788492579392	OK	 
REQUEST		Spin	1788492579435	1788492579444	OK	 
REQUEST		Spin	1788492579435	1788492579444	OK	 
REQUEST		Spin	1788492579438	1788492579447	OK	 
REQUEST		Spin	1788492579441	1788492579448	OK	 
USER	naga777-grpc-player-journey	END	1788492579457
REQUEST		Spin	1788492579450	1788492579459	OK	 
REQUEST		Spin	1788492579453	1788492579461	OK	 
REQUEST		Spin	1788492579456	1788492579463	OK	 
REQUEST		Spin	1788492579601	1788492579613	OK	 
REQUEST		Spin	1788492579638	1788492579655	OK	 
REQUEST		Spin	1788492579644	1788492579659	OK	 
USER	naga777-grpc-player-journey	END	1788492579789
REQUEST		Spin	1788492579776	1788492579805	OK	 
REQUEST		Spin	1788492579776	1788492579806	OK	 
REQUEST		Spin	1788492579775	1788492579807	OK	 
REQUEST		Spin	1788492579784	1788492579808	OK	 
REQUEST		Spin	1788492579790	1788492579808	OK	 
REQUEST		Spin	1788492579795	1788492579810	OK	 
REQUEST		Spin	1788492579799	1788492579813	OK	 
REQUEST		Spin	1788492579852	1788492579862	OK	 
REQUEST		Spin	1788492579851	1788492579862	OK	 
REQUEST		Spin	1788492579878	1788492579887	OK	 
REQUEST		Spin	1788492580113	1788492580139	OK	 
REQUEST		Spin	1788492580126	1788492580143	OK	 
REQUEST		Spin	1788492580127	1788492580145	OK	 
REQUEST		Spin	1788492580128	1788492580146	OK	 
REQUEST		Spin	1788492580128	1788492580150	OK	 
REQUEST		Spin	1788492580128	1788492580150	OK	 
REQUEST		Spin	1788492580138	1788492580153	OK	 
USER	naga777-grpc-player-journey	END	1788492580155
REQUEST		Spin	1788492580137	1788492580155	OK	 
REQUEST		Spin	1788492580138	1788492580156	OK	 
REQUEST		Spin	1788492580145	1788492580157	OK	 
USER	naga777-grpc-player-journey	END	1788492580378
REQUEST		Spin	1788492580365	1788492580384	OK	 
REQUEST		Spin	1788492580378	1788492580390	OK	 
REQUEST		Spin	1788492580379	1788492580390	OK	 
REQUEST		Spin	1788492580437	1788492580447	OK	 
REQUEST		Spin	1788492580437	1788492580447	OK	 
REQUEST		Spin	1788492580440	1788492580450	OK	 
REQUEST		Spin	1788492580450	1788492580459	OK	 
REQUEST		Spin	1788492580456	1788492580465	OK	 
REQUEST		Spin	1788492580458	1788492580466	OK	 
REQUEST		Spin	1788492580460	1788492580468	OK	 
USER	naga777-grpc-player-journey	END	1788492580630
REQUEST		Spin	1788492580615	1788492580640	OK	 
REQUEST		Spin	1788492580631	1788492580643	OK	 
REQUEST		Spin	1788492580638	1788492580648	OK	 
REQUEST		Spin	1788492580780	1788492580806	OK	 
REQUEST		Spin	1788492580778	1788492580806	OK	 
REQUEST		Spin	1788492580783	1788492580809	OK	 
REQUEST		Spin	1788492580778	1788492580809	OK	 
REQUEST		Spin	1788492580792	1788492580813	OK	 
REQUEST		Spin	1788492580808	1788492580821	OK	 
REQUEST		Spin	1788492580812	1788492580824	OK	 
REQUEST		Spin	1788492580846	1788492580858	OK	 
REQUEST		Spin	1788492580858	1788492580868	OK	 
REQUEST		Spin	1788492580865	1788492580875	OK	 
USER	naga777-grpc-player-journey	END	1788492580879
REQUEST		Spin	1788492581117	1788492581133	OK	 
REQUEST		Spin	1788492581118	1788492581134	OK	 
REQUEST		Spin	1788492581130	1788492581144	OK	 
USER	naga777-grpc-player-journey	END	1788492581146
REQUEST		Spin	1788492581132	1788492581146	OK	 
REQUEST		Spin	1788492581132	1788492581146	OK	 
REQUEST		Spin	1788492581130	1788492581147	OK	 
REQUEST		Spin	1788492581142	1788492581155	OK	 
REQUEST		Spin	1788492581144	1788492581157	OK	 
REQUEST		Spin	1788492581147	1788492581158	OK	 
REQUEST		Spin	1788492581160	1788492581167	OK	 
REQUEST		Spin	1788492581362	1788492581382	OK	 
REQUEST		Spin	1788492581380	1788492581394	OK	 
REQUEST		Spin	1788492581385	1788492581398	OK	 
REQUEST		Spin	1788492581386	1788492581398	OK	 
REQUEST		Spin	1788492581437	1788492581450	OK	 
REQUEST		Spin	1788492581441	1788492581453	OK	 
REQUEST		Spin	1788492581443	1788492581453	OK	 
REQUEST		Spin	1788492581451	1788492581460	OK	 
REQUEST		Spin	1788492581466	1788492581474	OK	 
USER	naga777-grpc-player-journey	END	1788492581483
REQUEST		Spin	1788492581483	1788492581490	OK	 
REQUEST		Spin	1788492581603	1788492581616	OK	 
REQUEST		Spin	1788492581611	1788492581622	OK	 
REQUEST		Spin	1788492581660	1788492581671	OK	 
REQUEST		Spin	1788492581663	1788492581672	OK	 
REQUEST		Spin	1788492581773	1788492581795	OK	 
REQUEST		Spin	1788492581777	1788492581796	OK	 
USER	naga777-grpc-player-journey	END	1788492581800
REQUEST		Spin	1788492581786	1788492581804	OK	 
REQUEST		Spin	1788492581786	1788492581804	OK	 
REQUEST		Spin	1788492581797	1788492581813	OK	 
REQUEST		Spin	1788492581800	1788492581814	OK	 
REQUEST		Spin	1788492581855	1788492581865	OK	 
REQUEST		Spin	1788492581862	1788492581872	OK	 
REQUEST		Spin	1788492581870	1788492581880	OK	 
REQUEST		Spin	1788492581871	1788492581881	OK	 
REQUEST		Spin	1788492582117	1788492582135	OK	 
REQUEST		Spin	1788492582119	1788492582135	OK	 
REQUEST		Spin	1788492582120	1788492582135	OK	 
USER	naga777-grpc-player-journey	END	1788492582136
REQUEST		Spin	1788492582121	1788492582137	OK	 
REQUEST		Spin	1788492582123	1788492582137	OK	 
REQUEST		Spin	1788492582130	1788492582140	OK	 
REQUEST		Spin	1788492582141	1788492582150	OK	 
REQUEST		Spin	1788492582142	1788492582150	OK	 
REQUEST		Spin	1788492582141	1788492582150	OK	 
REQUEST		Spin	1788492582370	1788492582388	OK	 
REQUEST		Spin	1788492582379	1788492582392	OK	 
REQUEST		Spin	1788492582396	1788492582405	OK	 
REQUEST		Spin	1788492582431	1788492582443	OK	 
REQUEST		Spin	1788492582433	1788492582444	OK	 
REQUEST		Spin	1788492582435	1788492582445	OK	 
REQUEST		Spin	1788492582445	1788492582455	OK	 
USER	naga777-grpc-player-journey	END	1788492582457
REQUEST		Spin	1788492582450	1788492582461	OK	 
REQUEST		Spin	1788492582458	1788492582467	OK	 
REQUEST		Spin	1788492582604	1788492582620	OK	 
REQUEST		Spin	1788492582625	1788492582639	OK	 
REQUEST		Spin	1788492582636	1788492582645	OK	 
REQUEST		Spin	1788492582785	1788492582802	OK	 
REQUEST		Spin	1788492582783	1788492582802	OK	 
REQUEST		Spin	1788492582778	1788492582803	OK	 
REQUEST		Spin	1788492582786	1788492582806	OK	 
USER	naga777-grpc-player-journey	END	1788492582806
REQUEST		Spin	1788492582793	1788492582811	OK	 
REQUEST		Spin	1788492582821	1788492582833	OK	 
REQUEST		Spin	1788492582850	1788492582861	OK	 
REQUEST		Spin	1788492582861	1788492582870	OK	 
REQUEST		Spin	1788492582878	1788492582888	OK	 
REQUEST		Spin	1788492583124	1788492583136	OK	 
REQUEST		Spin	1788492583124	1788492583136	OK	 
REQUEST		Spin	1788492583124	1788492583136	OK	 
REQUEST		Spin	1788492583125	1788492583138	OK	 
USER	naga777-grpc-player-journey	END	1788492583142
REQUEST		Spin	1788492583137	1788492583148	OK	 
REQUEST		Spin	1788492583137	1788492583150	OK	 
REQUEST		Spin	1788492583138	1788492583150	OK	 
REQUEST		Spin	1788492583145	1788492583155	OK	 
REQUEST		Spin	1788492583141	1788492583192	OK	 
REQUEST		Spin	1788492583374	1788492583396	OK	 
REQUEST		Spin	1788492583374	1788492583396	OK	 
REQUEST		Spin	1788492583374	1788492583397	OK	 
USER	naga777-grpc-player-journey	END	1788492583400
REQUEST		Spin	1788492583435	1788492583452	OK	 
REQUEST		Spin	1788492583439	1788492583454	OK	 
REQUEST		Spin	1788492583439	1788492583455	OK	 
REQUEST		Spin	1788492583441	1788492583458	OK	 
REQUEST		Spin	1788492583444	1788492583459	OK	 
REQUEST		Spin	1788492583445	1788492583460	OK	 
USER	naga777-grpc-player-journey	END	1788492583639
REQUEST		Spin	1788492583626	1788492583651	OK	 
REQUEST		Spin	1788492583626	1788492583651	OK	 
REQUEST		Spin	1788492583633	1788492583654	OK	 
REQUEST		Spin	1788492583773	1788492583795	OK	 
REQUEST		Spin	1788492583780	1788492583797	OK	 
REQUEST		Spin	1788492583780	1788492583797	OK	 
REQUEST		Spin	1788492583790	1788492583802	OK	 
REQUEST		Spin	1788492583791	1788492583802	OK	 
REQUEST		Spin	1788492583805	1788492583814	OK	 
USER	naga777-grpc-player-journey	END	1788492583863
REQUEST		Spin	1788492583856	1788492583868	OK	 
REQUEST		Spin	1788492583857	1788492583868	OK	 
REQUEST		Spin	1788492583874	1788492583883	OK	 
REQUEST		Spin	1788492584119	1788492584141	OK	 
REQUEST		Spin	1788492584122	1788492584142	OK	 
REQUEST		Spin	1788492584125	1788492584143	OK	 
REQUEST		Spin	1788492584126	1788492584144	OK	 
REQUEST		Spin	1788492584127	1788492584144	OK	 
REQUEST		Spin	1788492584131	1788492584146	OK	 
USER	naga777-grpc-player-journey	END	1788492584148
REQUEST		Spin	1788492584149	1788492584159	OK	 
REQUEST		Spin	1788492584150	1788492584159	OK	 
REQUEST		Spin	1788492584153	1788492584161	OK	 
REQUEST		Spin	1788492584388	1788492584402	OK	 
REQUEST		Spin	1788492584386	1788492584402	OK	 
REQUEST		Spin	1788492584382	1788492584402	OK	 
REQUEST		Spin	1788492584438	1788492584450	OK	 
REQUEST		Spin	1788492584438	1788492584454	OK	 
REQUEST		Spin	1788492584442	1788492584454	OK	 
USER	naga777-grpc-player-journey	END	1788492584458
REQUEST		Spin	1788492584452	1788492584462	OK	 
REQUEST		Spin	1788492584454	1788492584464	OK	 
REQUEST		Spin	1788492584439	1788492584465	OK	 
REQUEST		Spin	1788492584603	1788492584611	OK	 
REQUEST		Spin	1788492584640	1788492584647	OK	 
REQUEST		Spin	1788492584646	1788492584652	OK	 
USER	naga777-grpc-player-journey	END	1788492584786
REQUEST		Spin	1788492584775	1788492584786	OK	 
REQUEST		Spin	1788492584778	1788492584787	OK	 
REQUEST		Spin	1788492584776	1788492584787	OK	 
REQUEST		Spin	1788492584791	1788492584798	OK	 
REQUEST		Spin	1788492584795	1788492584803	OK	 
REQUEST		Spin	1788492584800	1788492584807	OK	 
REQUEST		Spin	1788492584853	1788492584859	OK	 
REQUEST		Spin	1788492584853	1788492584859	OK	 
REQUEST		Spin	1788492584880	1788492584887	OK	 
REQUEST		Spin	1788492585115	1788492585138	OK	 
REQUEST		Spin	1788492585129	1788492585146	OK	 
USER	naga777-grpc-player-journey	END	1788492585146
REQUEST		Spin	1788492585128	1788492585147	OK	 
REQUEST		Spin	1788492585130	1788492585148	OK	 
REQUEST		Spin	1788492585129	1788492585148	OK	 
REQUEST		Spin	1788492585128	1788492585148	OK	 
REQUEST		Spin	1788492585139	1788492585151	OK	 
REQUEST		Spin	1788492585138	1788492585151	OK	 
REQUEST		Spin	1788492585139	1788492585153	OK	 
REQUEST		Spin	1788492585367	1788492585388	OK	 
REQUEST		Spin	1788492585379	1788492585396	OK	 
REQUEST		Spin	1788492585380	1788492585396	OK	 
REQUEST		Spin	1788492585439	1788492585451	OK	 
REQUEST		Spin	1788492585439	1788492585451	OK	 
REQUEST		Spin	1788492585442	1788492585453	OK	 
USER	naga777-grpc-player-journey	END	1788492585458
REQUEST		Spin	1788492585450	1788492585459	OK	 
REQUEST		Spin	1788492585458	1788492585466	OK	 
REQUEST		Spin	1788492585461	1788492585469	OK	 
REQUEST		Spin	1788492585622	1788492585648	OK	 
REQUEST		Spin	1788492585633	1788492585649	OK	 
REQUEST		Spin	1788492585640	1788492585654	OK	 
REQUEST		Spin	1788492585779	1788492585805	OK	 
REQUEST		Spin	1788492585780	1788492585805	OK	 
REQUEST		Spin	1788492585782	1788492585805	OK	 
REQUEST		Spin	1788492585783	1788492585806	OK	 
REQUEST		Spin	1788492585792	1788492585806	OK	 
USER	naga777-grpc-player-journey	END	1788492585811
REQUEST		Spin	1788492585814	1788492585823	OK	 
REQUEST		Spin	1788492585847	1788492585856	OK	 
REQUEST		Spin	1788492585858	1788492585866	OK	 
REQUEST		Spin	1788492585866	1788492585873	OK	 
REQUEST		Spin	1788492586119	1788492586137	OK	 
REQUEST		Spin	1788492586119	1788492586137	OK	 
REQUEST		Spin	1788492586131	1788492586145	OK	 
REQUEST		Spin	1788492586131	1788492586145	OK	 
REQUEST		Spin	1788492586133	1788492586146	OK	 
REQUEST		Spin	1788492586134	1788492586148	OK	 
USER	naga777-grpc-player-journey	END	1788492586148
REQUEST		Spin	1788492586143	1788492586155	OK	 
REQUEST		Spin	1788492586146	1788492586156	OK	 
REQUEST		Spin	1788492586161	1788492586168	OK	 
REQUEST		Spin	1788492586363	1788492586383	OK	 
USER	naga777-grpc-player-journey	END	1788492586387
REQUEST		Spin	1788492586382	1788492586393	OK	 
REQUEST		Spin	1788492586388	1788492586399	OK	 
REQUEST		Spin	1788492586438	1788492586449	OK	 
REQUEST		Spin	1788492586443	1788492586452	OK	 
REQUEST		Spin	1788492586445	1788492586455	OK	 
REQUEST		Spin	1788492586451	1788492586460	OK	 
REQUEST		Spin	1788492586468	1788492586475	OK	 
REQUEST		Spin	1788492586485	1788492586492	OK	 
REQUEST		Spin	1788492586607	1788492586622	OK	 
REQUEST		Spin	1788492586613	1788492586626	OK	 
USER	naga777-grpc-player-journey	END	1788492586665
REQUEST		Spin	1788492586661	1788492586675	OK	 
REQUEST		Spin	1788492586774	1788492586792	OK	 
REQUEST		Spin	1788492586778	1788492586792	OK	 
REQUEST		Spin	1788492586787	1788492586798	OK	 
REQUEST		Spin	1788492586787	1788492586798	OK	 
REQUEST		Spin	1788492586799	1788492586807	OK	 
REQUEST		Spin	1788492586801	1788492586809	OK	 
REQUEST		Spin	1788492586855	1788492586864	OK	 
REQUEST		Spin	1788492586863	1788492586872	OK	 
USER	naga777-grpc-player-journey	END	1788492586872
REQUEST		Spin	1788492586872	1788492586881	OK	 
USER	naga777-grpc-player-journey	END	1788492587143
REQUEST		Spin	1788492587120	1788492587146	OK	 
REQUEST		Spin	1788492587118	1788492587146	OK	 
REQUEST		Spin	1788492587122	1788492587148	OK	 
REQUEST		Spin	1788492587124	1788492587149	OK	 
REQUEST		Spin	1788492587122	1788492587149	OK	 
REQUEST		Spin	1788492587131	1788492587155	OK	 
REQUEST		Spin	1788492587142	1788492587160	OK	 
REQUEST		Spin	1788492587142	1788492587160	OK	 
REQUEST		Spin	1788492587371	1788492587386	OK	 
REQUEST		Spin	1788492587381	1788492587390	OK	 
REQUEST		Spin	1788492587398	1788492587407	OK	 
REQUEST		Spin	1788492587432	1788492587442	OK	 
REQUEST		Spin	1788492587435	1788492587444	OK	 
REQUEST		Spin	1788492587436	1788492587445	OK	 
REQUEST		Spin	1788492587446	1788492587453	OK	 
USER	naga777-grpc-player-journey	END	1788492587459
REQUEST		Spin	1788492587452	1788492587459	OK	 
REQUEST		Spin	1788492587605	1788492587627	OK	 
REQUEST		Spin	1788492587626	1788492587640	OK	 
REQUEST		Spin	1788492587638	1788492587648	OK	 
REQUEST		Spin	1788492587779	1788492587800	OK	 
REQUEST		Spin	1788492587787	1788492587801	OK	 
REQUEST		Spin	1788492587787	1788492587802	OK	 
REQUEST		Spin	1788492587785	1788492587802	OK	 
REQUEST		Spin	1788492587794	1788492587806	OK	 
USER	naga777-grpc-player-journey	END	1788492587822
REQUEST		Spin	1788492587852	1788492587861	OK	 
REQUEST		Spin	1788492587862	1788492587871	OK	 
REQUEST		Spin	1788492587880	1788492587888	OK	 
USER	naga777-grpc-player-journey	END	1788492588139
REQUEST		Spin	1788492588141	1788492588146	OK	 
REQUEST		Spin	1788492588125	1788492588146	OK	 
REQUEST		Spin	1788492588125	1788492588147	OK	 
REQUEST		Spin	1788492588126	1788492588148	OK	 
REQUEST		Spin	1788492588125	1788492588149	OK	 
REQUEST		Spin	1788492588138	1788492588154	OK	 
REQUEST		Spin	1788492588139	1788492588154	OK	 
REQUEST		Spin	1788492588146	1788492588156	OK	 
REQUEST		Spin	1788492588375	1788492588394	OK	 
REQUEST		Spin	1788492588376	1788492588394	OK	 
REQUEST		Spin	1788492588375	1788492588394	OK	 
USER	naga777-grpc-player-journey	END	1788492588445
REQUEST		Spin	1788492588439	1788492588454	OK	 
REQUEST		Spin	1788492588436	1788492588454	OK	 
REQUEST		Spin	1788492588440	1788492588457	OK	 
REQUEST		Spin	1788492588443	1788492588457	OK	 
REQUEST		Spin	1788492588446	1788492588459	OK	 
REQUEST		Spin	1788492588628	1788492588649	OK	 
REQUEST		Spin	1788492588628	1788492588649	OK	 
REQUEST		Spin	1788492588634	1788492588651	OK	 
USER	naga777-grpc-player-journey	END	1788492588780
REQUEST		Spin	1788492588774	1788492588798	OK	 
REQUEST		Spin	1788492588780	1788492588800	OK	 
REQUEST		Spin	1788492588790	1788492588804	OK	 
REQUEST		Spin	1788492588793	1788492588805	OK	 
REQUEST		Spin	1788492588805	1788492588814	OK	 
REQUEST		Spin	1788492588861	1788492588877	OK	 
REQUEST		Spin	1788492588861	1788492588878	OK	 
REQUEST		Spin	1788492588878	1788492588887	OK	 
REQUEST		Spin	1788492589120	1788492589148	OK	 
REQUEST		Spin	1788492589126	1788492589148	OK	 
REQUEST		Spin	1788492589123	1788492589149	OK	 
REQUEST		Spin	1788492589128	1788492589149	OK	 
REQUEST		Spin	1788492589126	1788492589150	OK	 
REQUEST		Spin	1788492589132	1788492589152	OK	 
USER	naga777-grpc-player-journey	END	1788492589155
REQUEST		Spin	1788492589150	1788492589160	OK	 
REQUEST		Spin	1788492589150	1788492589160	OK	 
USER	naga777-grpc-player-journey	END	1788492589388
REQUEST		Spin	1788492589383	1788492589402	OK	 
REQUEST		Spin	1788492589389	1788492589402	OK	 
REQUEST		Spin	1788492589440	1788492589456	OK	 
REQUEST		Spin	1788492589440	1788492589456	OK	 
REQUEST		Spin	1788492589440	1788492589456	OK	 
REQUEST		Spin	1788492589443	1788492589457	OK	 
REQUEST		Spin	1788492589455	1788492589466	OK	 
REQUEST		Spin	1788492589456	1788492589466	OK	 
REQUEST		Spin	1788492589606	1788492589641	OK	 
USER	naga777-grpc-player-journey	END	1788492589648
REQUEST		Spin	1788492589641	1788492589654	OK	 
REQUEST		Spin	1788492589779	1788492589785	OK	 
REQUEST		Spin	1788492589778	1788492589786	OK	 
REQUEST		Spin	1788492589776	1788492589791	OK	 
REQUEST		Spin	1788492589793	1788492589797	OK	 
REQUEST		Spin	1788492589797	1788492589802	OK	 
REQUEST		Spin	1788492589800	1788492589806	OK	 
REQUEST		Spin	1788492589855	1788492589862	OK	 
REQUEST		Spin	1788492589855	1788492589862	OK	 
USER	naga777-grpc-player-journey	END	1788492589882
USER	naga777-grpc-player-journey	END	1788492590131
REQUEST		Spin	1788492590115	1788492590141	OK	 
REQUEST		Spin	1788492590130	1788492590147	OK	 
REQUEST		Spin	1788492590130	1788492590147	OK	 
REQUEST		Spin	1788492590130	1788492590147	OK	 
REQUEST		Spin	1788492590129	1788492590148	OK	 
REQUEST		Spin	1788492590139	1788492590151	OK	 
REQUEST		Spin	1788492590140	1788492590152	OK	 
REQUEST		Spin	1788492590139	1788492590153	OK	 
REQUEST		Spin	1788492590368	1788492590395	OK	 
REQUEST		Spin	1788492590380	1788492590398	OK	 
REQUEST		Spin	1788492590380	1788492590398	OK	 
REQUEST		Spin	1788492590441	1788492590455	OK	 
REQUEST		Spin	1788492590440	1788492590456	OK	 
REQUEST		Spin	1788492590444	1788492590457	OK	 
USER	naga777-grpc-player-journey	END	1788492590459
REQUEST		Spin	1788492590452	1788492590462	OK	 
REQUEST		Spin	1788492590463	1788492590472	OK	 
REQUEST		Spin	1788492590624	1788492590646	OK	 
REQUEST		Spin	1788492590635	1788492590652	OK	 
REQUEST		Spin	1788492590641	1788492590655	OK	 
USER	naga777-grpc-player-journey	END	1788492590794
REQUEST		Spin	1788492590781	1788492590804	OK	 
REQUEST		Spin	1788492590781	1788492590804	OK	 
REQUEST		Spin	1788492590785	1788492590804	OK	 
REQUEST		Spin	1788492590783	1788492590806	OK	 
REQUEST		Spin	1788492590815	1788492590825	OK	 
REQUEST		Spin	1788492590848	1788492590862	OK	 
REQUEST		Spin	1788492590860	1788492590870	OK	 
REQUEST		Spin	1788492590867	1788492590877	OK	 
USER	naga777-grpc-player-journey	END	1788492591134
REQUEST		Spin	1788492591121	1788492591141	OK	 
REQUEST		Spin	1788492591121	1788492591141	OK	 
REQUEST		Spin	1788492591133	1788492591146	OK	 
REQUEST		Spin	1788492591133	1788492591146	OK	 
REQUEST		Spin	1788492591136	1788492591149	OK	 
REQUEST		Spin	1788492591144	1788492591156	OK	 
REQUEST		Spin	1788492591147	1788492591157	OK	 
REQUEST		Spin	1788492591162	1788492591170	OK	 
REQUEST		Spin	1788492591364	1788492591387	OK	 
REQUEST		Spin	1788492591386	1788492591398	OK	 
REQUEST		Spin	1788492591388	1788492591398	OK	 
REQUEST		Spin	1788492591439	1788492591450	OK	 
REQUEST		Spin	1788492591445	1788492591455	OK	 
REQUEST		Spin	1788492591447	1788492591457	OK	 
REQUEST		Spin	1788492591452	1788492591462	OK	 
REQUEST		Spin	1788492591469	1788492591477	OK	 
USER	naga777-grpc-player-journey	END	1788492591486
REQUEST		Spin	1788492591614	1788492591631	OK	 
REQUEST		Spin	1788492591609	1788492591631	OK	 
REQUEST		Spin	1788492591663	1788492591678	OK	 
REQUEST		Spin	1788492591776	1788492591788	OK	 
REQUEST		Spin	1788492591779	1788492591791	OK	 
REQUEST		Spin	1788492591788	1788492591798	OK	 
REQUEST		Spin	1788492591788	1788492591798	OK	 
USER	naga777-grpc-player-journey	END	1788492591801
REQUEST		Spin	1788492591803	1788492591812	OK	 
REQUEST		Spin	1788492591857	1788492591868	OK	 
REQUEST		Spin	1788492591864	1788492591876	OK	 
REQUEST		Spin	1788492591872	1788492591883	OK	 
USER	naga777-grpc-player-journey	END	1788492592143
REQUEST		Spin	1788492592120	1788492592148	OK	 
REQUEST		Spin	1788492592125	1788492592149	OK	 
REQUEST		Spin	1788492592123	1788492592149	OK	 
REQUEST		Spin	1788492592124	1788492592150	OK	 
REQUEST		Spin	1788492592122	1788492592150	OK	 
REQUEST		Spin	1788492592133	1788492592152	OK	 
REQUEST		Spin	1788492592145	1788492592159	OK	 
REQUEST		Spin	1788492592371	1788492592389	OK	 
REQUEST		Spin	1788492592383	1788492592395	OK	 
USER	naga777-grpc-player-journey	END	1788492592399
REQUEST		Spin	1788492592434	1788492592443	OK	 
REQUEST		Spin	1788492592436	1788492592443	OK	 
REQUEST		Spin	1788492592438	1788492592446	OK	 
REQUEST		Spin	1788492592447	1788492592456	OK	 
REQUEST		Spin	1788492592456	1788492592466	OK	 
REQUEST		Spin	1788492592606	1788492592636	OK	 
REQUEST		Spin	1788492592628	1788492592636	OK	 
USER	naga777-grpc-player-journey	END	1788492592639
REQUEST		Spin	1788492592779	1788492592796	OK	 
REQUEST		Spin	1788492592786	1788492592799	OK	 
REQUEST		Spin	1788492592788	1788492592799	OK	 
REQUEST		Spin	1788492592788	1788492592800	OK	 
REQUEST		Spin	1788492592795	1788492592805	OK	 
REQUEST		Spin	1788492592853	1788492592861	OK	 
REQUEST		Spin	1788492592863	1788492592872	OK	 
USER	naga777-grpc-player-journey	END	1788492592882
REQUEST		Spin	1788492593142	1788492593145	OK	 
USER	naga777-grpc-player-journey	END	1788492593148
REQUEST		Spin	1788492593126	1788492593151	OK	 
REQUEST		Spin	1788492593125	1788492593152	OK	 
REQUEST		Spin	1788492593127	1788492593153	OK	 
REQUEST		Spin	1788492593125	1788492593153	OK	 
REQUEST		Spin	1788492593141	1788492593157	OK	 
REQUEST		Spin	1788492593139	1788492593157	OK	 
REQUEST		Spin	1788492593376	1788492593400	OK	 
REQUEST		Spin	1788492593376	1788492593400	OK	 
REQUEST		Spin	1788492593377	1788492593400	OK	 
USER	naga777-grpc-player-journey	END	1788492593441
REQUEST		Spin	1788492593437	1788492593450	OK	 
REQUEST		Spin	1788492593441	1788492593454	OK	 
REQUEST		Spin	1788492593444	1788492593455	OK	 
REQUEST		Spin	1788492593448	1788492593459	OK	 
REQUEST		Spin	1788492593629	1788492593657	OK	 
REQUEST		Spin	1788492593629	1788492593657	OK	 
REQUEST		Spin	1788492593635	1788492593657	OK	 
USER	naga777-grpc-player-journey	END	1788492593794
REQUEST		Spin	1788492593775	1788492593795	OK	 
REQUEST		Spin	1788492593781	1788492593797	OK	 
REQUEST		Spin	1788492593791	1788492593802	OK	 
REQUEST		Spin	1788492593806	1788492593815	OK	 
REQUEST		Spin	1788492593863	1788492593873	OK	 
REQUEST		Spin	1788492593863	1788492593873	OK	 
REQUEST		Spin	1788492593879	1788492593888	OK	 
REQUEST		Spin	1788492594120	1788492594149	OK	 
USER	naga777-grpc-player-journey	END	1788492594152
REQUEST		Spin	1788492594125	1788492594152	OK	 
REQUEST		Spin	1788492594129	1788492594153	OK	 
REQUEST		Spin	1788492594126	1788492594153	OK	 
REQUEST		Spin	1788492594127	1788492594154	OK	 
REQUEST		Spin	1788492594134	1788492594154	OK	 
REQUEST		Spin	1788492594152	1788492594162	OK	 
REQUEST		Spin	1788492594385	1788492594408	OK	 
REQUEST		Spin	1788492594391	1788492594408	OK	 
REQUEST		Spin	1788492594442	1788492594456	OK	 
REQUEST		Spin	1788492594442	1788492594456	OK	 
REQUEST		Spin	1788492594442	1788492594456	OK	 
REQUEST		Spin	1788492594444	1788492594457	OK	 
USER	naga777-grpc-player-journey	END	1788492594458
REQUEST		Spin	1788492594457	1788492594466	OK	 
REQUEST		Spin	1788492594608	1788492594632	OK	 
REQUEST		Spin	1788492594643	1788492594658	OK	 
REQUEST		Spin	1788492594778	1788492594792	OK	 
REQUEST		Spin	1788492594780	1788492594793	OK	 
REQUEST		Spin	1788492594778	1788492594793	OK	 
USER	naga777-grpc-player-journey	END	1788492594801
REQUEST		Spin	1788492594794	1788492594805	OK	 
REQUEST		Spin	1788492594797	1788492594808	OK	 
REQUEST		Spin	1788492594857	1788492594868	OK	 
REQUEST		Spin	1788492594857	1788492594868	OK	 
USER	naga777-grpc-player-journey	END	1788492595116
REQUEST		Spin	1788492595130	1788492595142	OK	 
REQUEST		Spin	1788492595133	1788492595143	OK	 
REQUEST		Spin	1788492595133	1788492595144	OK	 
REQUEST		Spin	1788492595133	1788492595144	OK	 
REQUEST		Spin	1788492595140	1788492595149	OK	 
REQUEST		Spin	1788492595141	1788492595149	OK	 
REQUEST		Spin	1788492595141	1788492595151	OK	 
USER	naga777-grpc-player-journey	END	1788492595371
REQUEST		Spin	1788492595383	1788492595401	OK	 
REQUEST		Spin	1788492595382	1788492595401	OK	 
REQUEST		Spin	1788492595441	1788492595451	OK	 
REQUEST		Spin	1788492595441	1788492595451	OK	 
REQUEST		Spin	1788492595446	1788492595453	OK	 
REQUEST		Spin	1788492595454	1788492595461	OK	 
REQUEST		Spin	1788492595462	1788492595469	OK	 
USER	naga777-grpc-player-journey	END	1788492595643
REQUEST		Spin	1788492595626	1788492595649	OK	 
REQUEST		Spin	1788492595635	1788492595651	OK	 
REQUEST		Spin	1788492595784	1788492595805	OK	 
REQUEST		Spin	1788492595782	1788492595805	OK	 
REQUEST		Spin	1788492595782	1788492595805	OK	 
REQUEST		Spin	1788492595785	1788492595806	OK	 
REQUEST		Spin	1788492595815	1788492595827	OK	 
REQUEST		Spin	1788492595849	1788492595859	OK	 
USER	naga777-grpc-player-journey	END	1788492595869
REQUEST		Spin	1788492595862	1788492595870	OK	 
REQUEST		Spin	1788492596122	1788492596133	OK	 
REQUEST		Spin	1788492596122	1788492596134	OK	 
REQUEST		Spin	1788492596134	1788492596144	OK	 
REQUEST		Spin	1788492596134	1788492596144	OK	 
REQUEST		Spin	1788492596137	1788492596148	OK	 
USER	naga777-grpc-player-journey	END	1788492596148
REQUEST		Spin	1788492596145	1788492596154	OK	 
REQUEST		Spin	1788492596164	1788492596173	OK	 
REQUEST		Spin	1788492596365	1788492596389	OK	 
REQUEST		Spin	1788492596386	1788492596402	OK	 
REQUEST		Spin	1788492596390	1788492596404	OK	 
REQUEST		Spin	1788492596440	1788492596451	OK	 
REQUEST		Spin	1788492596447	1788492596456	OK	 
REQUEST		Spin	1788492596449	1788492596459	OK	 
REQUEST		Spin	1788492596454	1788492596465	OK	 
USER	naga777-grpc-player-journey	END	1788492596470
REQUEST		Spin	1788492596611	1788492596634	OK	 
REQUEST		Spin	1788492596615	1788492596634	OK	 
REQUEST		Spin	1788492596664	1788492596676	OK	 
REQUEST		Spin	1788492596780	1788492596801	OK	 
REQUEST		Spin	1788492596777	1788492596801	OK	 
REQUEST		Spin	1788492596788	1788492596802	OK	 
REQUEST		Spin	1788492596789	1788492596804	OK	 
USER	naga777-grpc-player-journey	END	1788492596805
REQUEST		Spin	1788492596858	1788492596872	OK	 
REQUEST		Spin	1788492596865	1788492596875	OK	 
REQUEST		Spin	1788492596873	1788492596881	OK	 
REQUEST		Spin	1788492597122	1788492597143	OK	 
REQUEST		Spin	1788492597123	1788492597143	OK	 
REQUEST		Spin	1788492597124	1788492597144	OK	 
REQUEST		Spin	1788492597124	1788492597144	OK	 
REQUEST		Spin	1788492597125	1788492597144	OK	 
USER	naga777-grpc-player-journey	END	1788492597147
REQUEST		Spin	1788492597135	1788492597148	OK	 
REQUEST		Spin	1788492597373	1788492597398	OK	 
REQUEST		Spin	1788492597384	1788492597401	OK	 
REQUEST		Spin	1788492597436	1788492597448	OK	 
REQUEST		Spin	1788492597438	1788492597448	OK	 
REQUEST		Spin	1788492597440	1788492597450	OK	 
USER	naga777-grpc-player-journey	END	1788492597455
REQUEST		Spin	1788492597448	1788492597459	OK	 
REQUEST		Spin	1788492597608	1788492597632	OK	 
REQUEST		Spin	1788492597629	1788492597641	OK	 
USER	naga777-grpc-player-journey	END	1788492597789
REQUEST		Spin	1788492597780	1788492597803	OK	 
REQUEST		Spin	1788492597789	1788492597804	OK	 
REQUEST		Spin	1788492597787	1788492597804	OK	 
REQUEST		Spin	1788492597797	1788492597810	OK	 
REQUEST		Spin	1788492597854	1788492597866	OK	 
REQUEST		Spin	1788492597863	1788492597873	OK	 
USER	naga777-grpc-player-journey	END	1788492598144
REQUEST		Spin	1788492598126	1788492598149	OK	 
REQUEST		Spin	1788492598126	1788492598150	OK	 
REQUEST		Spin	1788492598127	1788492598150	OK	 
REQUEST		Spin	1788492598129	1788492598153	OK	 
REQUEST		Spin	1788492598141	1788492598156	OK	 
REQUEST		Spin	1788492598142	1788492598156	OK	 
USER	naga777-grpc-player-journey	END	1788492598378
REQUEST		Spin	1788492598378	1788492598397	OK	 
REQUEST		Spin	1788492598378	1788492598397	OK	 
REQUEST		Spin	1788492598439	1788492598455	OK	 
REQUEST		Spin	1788492598442	1788492598456	OK	 
REQUEST		Spin	1788492598446	1788492598459	OK	 
REQUEST		Spin	1788492598449	1788492598461	OK	 
USER	naga777-grpc-player-journey	END	1788492598630
REQUEST		Spin	1788492598631	1788492598645	OK	 
REQUEST		Spin	1788492598636	1788492598645	OK	 
REQUEST		Spin	1788492598776	1788492598798	OK	 
REQUEST		Spin	1788492598783	1788492598798	OK	 
REQUEST		Spin	1788492598792	1788492598805	OK	 
REQUEST		Spin	1788492598807	1788492598816	OK	 
REQUEST		Spin	1788492598864	1788492598875	OK	 
REQUEST		Spin	1788492598865	1788492598875	OK	 
USER	naga777-grpc-player-journey	END	1788492598881
USER	naga777-grpc-player-journey	END	1788492599131
REQUEST		Spin	1788492599121	1788492599145	OK	 
REQUEST		Spin	1788492599128	1788492599147	OK	 
REQUEST		Spin	1788492599128	1788492599147	OK	 
REQUEST		Spin	1788492599128	1788492599148	OK	 
REQUEST		Spin	1788492599135	1788492599151	OK	 
REQUEST		Spin	1788492599154	1788492599165	OK	 
REQUEST		Spin	1788492599387	1788492599409	OK	 
REQUEST		Spin	1788492599392	1788492599409	OK	 
REQUEST		Spin	1788492599443	1788492599458	OK	 
REQUEST		Spin	1788492599445	1788492599458	OK	 
REQUEST		Spin	1788492599443	1788492599458	OK	 
REQUEST		Spin	1788492599443	1788492599458	OK	 
USER	naga777-grpc-player-journey	END	1788492599459
REQUEST		Spin	1788492599610	1788492599642	OK	 
REQUEST		Spin	1788492599645	1788492599663	OK	 
REQUEST		Spin	1788492599779	1788492599799	OK	 
REQUEST		Spin	1788492599779	1788492599799	OK	 
REQUEST		Spin	1788492599780	1788492599799	OK	 
USER	naga777-grpc-player-journey	END	1788492599799
REQUEST		Spin	1788492599795	1788492599807	OK	 
REQUEST		Spin	1788492599859	1788492599872	OK	 
REQUEST		Spin	1788492599858	1788492599872	OK	 
USER	naga777-grpc-player-journey	END	1788492600142
REQUEST		Spin	1788492600132	1788492600147	OK	 
REQUEST		Spin	1788492600133	1788492600148	OK	 
REQUEST		Spin	1788492600131	1788492600149	OK	 
REQUEST		Spin	1788492600135	1788492600152	OK	 
REQUEST		Spin	1788492600141	1788492600153	OK	 
REQUEST		Spin	1788492600141	1788492600153	OK	 
REQUEST		Spin	1788492600385	1788492600396	OK	 
REQUEST		Spin	1788492600384	1788492600396	OK	 
REQUEST		Spin	1788492600443	1788492600454	OK	 
REQUEST		Spin	1788492600443	1788492600455	OK	 
USER	naga777-grpc-player-journey	END	1788492600455
REQUEST		Spin	1788492600448	1788492600458	OK	 
REQUEST		Spin	1788492600463	1788492600473	OK	 
REQUEST		Spin	1788492600628	1788492600646	OK	 
REQUEST		Spin	1788492600636	1788492600649	OK	 
USER	naga777-grpc-player-journey	END	1788492600788
REQUEST		Spin	1788492600788	1788492600815	OK	 
REQUEST		Spin	1788492600785	1788492600815	OK	 
REQUEST		Spin	1788492600788	1788492600815	OK	 
REQUEST		Spin	1788492600815	1788492600830	OK	 
REQUEST		Spin	1788492600851	1788492600861	OK	 
REQUEST		Spin	1788492600863	1788492600873	OK	 
REQUEST		Spin	1788492601123	1788492601136	OK	 
REQUEST		Spin	1788492601123	1788492601137	OK	 
REQUEST		Spin	1788492601136	1788492601145	OK	 
REQUEST		Spin	1788492601136	1788492601146	OK	 
USER	naga777-grpc-player-journey	END	1788492601146
REQUEST		Spin	1788492601138	1788492601148	OK	 
REQUEST		Spin	1788492601166	1788492601176	OK	 
REQUEST		Spin	1788492601366	1788492601388	OK	 
USER	naga777-grpc-player-journey	END	1788492601391
REQUEST		Spin	1788492601387	1788492601398	OK	 
REQUEST		Spin	1788492601441	1788492601451	OK	 
REQUEST		Spin	1788492601448	1788492601458	OK	 
REQUEST		Spin	1788492601454	1788492601472	OK	 
REQUEST		Spin	1788492601449	1788492601472	OK	 
REQUEST		Spin	1788492601613	1788492601630	OK	 
REQUEST		Spin	1788492601617	1788492601631	OK	 
USER	naga777-grpc-player-journey	END	1788492601666
REQUEST		Spin	1788492601790	1788492601804	OK	 
REQUEST		Spin	1788492601782	1788492601804	OK	 
REQUEST		Spin	1788492601779	1788492601804	OK	 
REQUEST		Spin	1788492601789	1788492601806	OK	 
REQUEST		Spin	1788492601859	1788492601873	OK	 
USER	naga777-grpc-player-journey	END	1788492601875
REQUEST		Spin	1788492601868	1788492601880	OK	 
USER	naga777-grpc-player-journey	END	1788492602126
REQUEST		Spin	1788492602125	1788492602149	OK	 
REQUEST		Spin	1788492602123	1788492602149	OK	 
REQUEST		Spin	1788492602125	1788492602149	OK	 
REQUEST		Spin	1788492602125	1788492602149	OK	 
REQUEST		Spin	1788492602136	1788492602153	OK	 
REQUEST		Spin	1788492602375	1788492602398	OK	 
REQUEST		Spin	1788492602385	1788492602399	OK	 
USER	naga777-grpc-player-journey	END	1788492602450
REQUEST		Spin	1788492602436	1788492602453	OK	 
REQUEST		Spin	1788492602440	1788492602454	OK	 
REQUEST		Spin	1788492602439	1788492602454	OK	 
REQUEST		Spin	1788492602609	1788492602637	OK	 
REQUEST		Spin	1788492602631	1788492602643	OK	 
USER	naga777-grpc-player-journey	END	1788492602791
REQUEST		Spin	1788492602782	1788492602803	OK	 
REQUEST		Spin	1788492602788	1788492602804	OK	 
REQUEST		Spin	1788492602799	1788492602814	OK	 
REQUEST		Spin	1788492602856	1788492602869	OK	 
REQUEST		Spin	1788492602864	1788492602874	OK	 
USER	naga777-grpc-player-journey	END	1788492603129
REQUEST		Spin	1788492603127	1788492603152	OK	 
REQUEST		Spin	1788492603127	1788492603152	OK	 
REQUEST		Spin	1788492603130	1788492603152	OK	 
REQUEST		Spin	1788492603143	1788492603156	OK	 
REQUEST		Spin	1788492603144	1788492603157	OK	 
REQUEST		Spin	1788492603379	1788492603395	OK	 
REQUEST		Spin	1788492603379	1788492603395	OK	 
USER	naga777-grpc-player-journey	END	1788492603447
REQUEST		Spin	1788492603441	1788492603457	OK	 
REQUEST		Spin	1788492603444	1788492603458	OK	 
REQUEST		Spin	1788492603450	1788492603461	OK	 
REQUEST		Spin	1788492603633	1788492603659	OK	 
REQUEST		Spin	1788492603638	1788492603661	OK	 
REQUEST		Spin	1788492603777	1788492603799	OK	 
REQUEST		Spin	1788492603785	1788492603801	OK	 
REQUEST		Spin	1788492603793	1788492603808	OK	 
USER	naga777-grpc-player-journey	END	1788492603809
REQUEST		Spin	1788492603866	1788492603880	OK	 
REQUEST		Spin	1788492603866	1788492603883	OK	 
USER	naga777-grpc-player-journey	END	1788492604123
REQUEST		Spin	1788492604129	1788492604144	OK	 
REQUEST		Spin	1788492604129	1788492604145	OK	 
REQUEST		Spin	1788492604128	1788492604145	OK	 
REQUEST		Spin	1788492604136	1788492604147	OK	 
REQUEST		Spin	1788492604155	1788492604167	OK	 
USER	naga777-grpc-player-journey	END	1788492604387
REQUEST		Spin	1788492604394	1788492604409	OK	 
REQUEST		Spin	1788492604446	1788492604459	OK	 
REQUEST		Spin	1788492604446	1788492604459	OK	 
REQUEST		Spin	1788492604445	1788492604460	OK	 
REQUEST		Spin	1788492604446	1788492604461	OK	 
REQUEST		Spin	1788492604611	1788492604628	OK	 
USER	naga777-grpc-player-journey	END	1788492604646
REQUEST		Spin	1788492604781	1788492604796	OK	 
REQUEST		Spin	1788492604780	1788492604796	OK	 
REQUEST		Spin	1788492604782	1788492604796	OK	 
REQUEST		Spin	1788492604796	1788492604806	OK	 
USER	naga777-grpc-player-journey	END	1788492604860
REQUEST		Spin	1788492604860	1788492604872	OK	 
USER	naga777-grpc-player-journey	END	1788492605142
REQUEST		Spin	1788492605136	1788492605150	OK	 
REQUEST		Spin	1788492605134	1788492605152	OK	 
REQUEST		Spin	1788492605132	1788492605152	OK	 
REQUEST		Spin	1788492605134	1788492605154	OK	 
REQUEST		Spin	1788492605141	1788492605154	OK	 
REQUEST		Spin	1788492605385	1788492605395	OK	 
REQUEST		Spin	1788492605387	1788492605396	OK	 
USER	naga777-grpc-player-journey	END	1788492605447
REQUEST		Spin	1788492605447	1788492605463	OK	 
REQUEST		Spin	1788492605450	1788492605463	OK	 
REQUEST		Spin	1788492605465	1788492605477	OK	 
REQUEST		Spin	1788492605631	1788492605641	OK	 
REQUEST		Spin	1788492605637	1788492605647	OK	 
REQUEST		Spin	1788492605787	1788492605807	OK	 
REQUEST		Spin	1788492605789	1788492605807	OK	 
REQUEST		Spin	1788492605790	1788492605807	OK	 
USER	naga777-grpc-player-journey	END	1788492605816
REQUEST		Spin	1788492605852	1788492605868	OK	 
REQUEST		Spin	1788492605864	1788492605879	OK	 
USER	naga777-grpc-player-journey	END	1788492606137
REQUEST		Spin	1788492606123	1788492606166	OK	 
REQUEST		Spin	1788492606124	1788492606166	OK	 
REQUEST		Spin	1788492606139	1788492606166	OK	 
REQUEST		Spin	1788492606138	1788492606169	OK	 
REQUEST		Spin	1788492606167	1788492606185	OK	 
REQUEST		Spin	1788492606389	1788492606441	OK	 
REQUEST		Spin	1788492606367	1788492606443	OK	 
USER	naga777-grpc-player-journey	END	1788492606455
REQUEST		Spin	1788492606450	1788492606457	OK	 
REQUEST		Spin	1788492606442	1788492606466	OK	 
REQUEST		Spin	1788492606450	1788492606474	OK	 
REQUEST		Spin	1788492606625	1788492606677	OK	 
REQUEST		Spin	1788492606625	1788492606677	OK	 
USER	naga777-grpc-player-journey	END	1788492606790
REQUEST		Spin	1788492606780	1788492606795	OK	 
REQUEST		Spin	1788492606783	1788492606798	OK	 
REQUEST		Spin	1788492606791	1788492606807	OK	 
REQUEST		Spin	1788492606861	1788492606870	OK	 
REQUEST		Spin	1788492606868	1788492606877	OK	 
USER	naga777-grpc-player-journey	END	1788492607127
REQUEST		Spin	1788492607124	1788492607152	OK	 
REQUEST		Spin	1788492607126	1788492607152	OK	 
REQUEST		Spin	1788492607126	1788492607153	OK	 
REQUEST		Spin	1788492607137	1788492607157	OK	 
USER	naga777-grpc-player-journey	END	1788492607386
REQUEST		Spin	1788492607377	1788492607400	OK	 
REQUEST		Spin	1788492607437	1788492607447	OK	 
REQUEST		Spin	1788492607441	1788492607449	OK	 
REQUEST		Spin	1788492607441	1788492607449	OK	 
USER	naga777-grpc-player-journey	END	1788492607631
REQUEST		Spin	1788492607610	1788492607641	OK	 
REQUEST		Spin	1788492607783	1788492607805	OK	 
REQUEST		Spin	1788492607790	1788492607808	OK	 
REQUEST		Spin	1788492607800	1788492607815	OK	 
USER	naga777-grpc-player-journey	END	1788492607858
REQUEST		Spin	1788492607866	1788492607880	OK	 
USER	naga777-grpc-player-journey	END	1788492608128
REQUEST		Spin	1788492608132	1788492608143	OK	 
REQUEST		Spin	1788492608128	1788492608143	OK	 
REQUEST		Spin	1788492608144	1788492608151	OK	 
REQUEST		Spin	1788492608145	1788492608153	OK	 
USER	naga777-grpc-player-journey	END	1788492608452
REQUEST		Spin	1788492608384	1788492608455	OK	 
REQUEST		Spin	1788492608392	1788492608455	OK	 
REQUEST		Spin	1788492608444	1788492608462	OK	 
REQUEST		Spin	1788492608446	1788492608462	OK	 
REQUEST		Spin	1788492608640	1788492608652	OK	 
REQUEST		Spin	1788492608634	1788492608652	OK	 
USER	naga777-grpc-player-journey	END	1788492608795
REQUEST		Spin	1788492608779	1788492608804	OK	 
REQUEST		Spin	1788492608786	1788492608807	OK	 
REQUEST		Spin	1788492608868	1788492608874	OK	 
REQUEST		Spin	1788492608867	1788492608874	OK	 
USER	naga777-grpc-player-journey	END	1788492609129
REQUEST		Spin	1788492609130	1788492609150	OK	 
REQUEST		Spin	1788492609130	1788492609150	OK	 
REQUEST		Spin	1788492609138	1788492609153	OK	 
REQUEST		Spin	1788492609156	1788492609168	OK	 
REQUEST		Spin	1788492609396	1788492609418	OK	 
USER	naga777-grpc-player-journey	END	1788492609448
REQUEST		Spin	1788492609446	1788492609463	OK	 
REQUEST		Spin	1788492609447	1788492609463	OK	 
REQUEST		Spin	1788492609448	1788492609463	OK	 
REQUEST		Spin	1788492609613	1788492609642	OK	 
USER	naga777-grpc-player-journey	END	1788492609797
REQUEST		Spin	1788492609784	1788492609804	OK	 
REQUEST		Spin	1788492609781	1788492609804	OK	 
REQUEST		Spin	1788492609782	1788492609804	OK	 
REQUEST		Spin	1788492609861	1788492609880	OK	 
USER	naga777-grpc-player-journey	END	1788492610139
REQUEST		Spin	1788492610135	1788492610154	OK	 
REQUEST		Spin	1788492610134	1788492610154	OK	 
REQUEST		Spin	1788492610138	1788492610155	OK	 
REQUEST		Spin	1788492610143	1788492610156	OK	 
USER	naga777-grpc-player-journey	END	1788492610386
REQUEST		Spin	1788492610388	1788492610410	OK	 
REQUEST		Spin	1788492610449	1788492610466	OK	 
REQUEST		Spin	1788492610452	1788492610471	OK	 
REQUEST		Spin	1788492610466	1788492610481	OK	 
USER	naga777-grpc-player-journey	END	1788492610639
REQUEST		Spin	1788492610633	1788492610662	OK	 
REQUEST		Spin	1788492610788	1788492610806	OK	 
REQUEST		Spin	1788492610792	1788492610806	OK	 
REQUEST		Spin	1788492610791	1788492610806	OK	 
REQUEST		Spin	1788492610854	1788492610862	OK	 
USER	naga777-grpc-player-journey	END	1788492610869
USER	naga777-grpc-player-journey	END	1788492611141
REQUEST		Spin	1788492611124	1788492611147	OK	 
REQUEST		Spin	1788492611125	1788492611147	OK	 
REQUEST		Spin	1788492611139	1788492611154	OK	 
REQUEST		Spin	1788492611168	1788492611179	OK	 
REQUEST		Spin	1788492611369	1788492611395	OK	 
REQUEST		Spin	1788492611390	1788492611405	OK	 
USER	naga777-grpc-player-journey	END	1788492611451
REQUEST		Spin	1788492611443	1788492611457	OK	 
REQUEST		Spin	1788492611451	1788492611463	OK	 
REQUEST		Spin	1788492611625	1788492611658	OK	 
REQUEST		Spin	1788492611627	1788492611658	OK	 
USER	naga777-grpc-player-journey	END	1788492611784
REQUEST		Spin	1788492611782	1788492611804	OK	 
REQUEST		Spin	1788492611792	1788492611810	OK	 
REQUEST		Spin	1788492611862	1788492611880	OK	 
REQUEST		Spin	1788492611868	1788492611883	OK	 
USER	naga777-grpc-player-journey	END	1788492612128
REQUEST		Spin	1788492612127	1788492612147	OK	 
REQUEST		Spin	1788492612125	1788492612147	OK	 
REQUEST		Spin	1788492612139	1788492612153	OK	 
REQUEST		Spin	1788492612378	1788492612403	OK	 
USER	naga777-grpc-player-journey	END	1788492612443
REQUEST		Spin	1788492612439	1788492612458	OK	 
REQUEST		Spin	1788492612443	1788492612462	OK	 
REQUEST		Spin	1788492612611	1788492612628	OK	 
USER	naga777-grpc-player-journey	END	1788492612791
REQUEST		Spin	1788492612784	1788492612810	OK	 
REQUEST		Spin	1788492612802	1788492612820	OK	 
REQUEST		Spin	1788492612866	1788492612879	OK	 
USER	naga777-grpc-player-journey	END	1788492613146
REQUEST		Spin	1788492613129	1788492613151	OK	 
REQUEST		Spin	1788492613133	1788492613151	OK	 
REQUEST		Spin	1788492613147	1788492613158	OK	 
USER	naga777-grpc-player-journey	END	1788492613386
REQUEST		Spin	1788492613394	1788492613411	OK	 
REQUEST		Spin	1788492613445	1788492613463	OK	 
REQUEST		Spin	1788492613448	1788492613463	OK	 
USER	naga777-grpc-player-journey	END	1788492613635
REQUEST		Spin	1788492613641	1788492613670	OK	 
REQUEST		Spin	1788492613781	1788492613802	OK	 
REQUEST		Spin	1788492613788	1788492613803	OK	 
USER	naga777-grpc-player-journey	END	1788492613871
REQUEST		Spin	1788492613868	1788492613887	OK	 
USER	naga777-grpc-player-journey	END	1788492614139
REQUEST		Spin	1788492614132	1788492614151	OK	 
REQUEST		Spin	1788492614132	1788492614151	OK	 
REQUEST		Spin	1788492614158	1788492614169	OK	 
REQUEST		Spin	1788492614397	1788492614413	OK	 
USER	naga777-grpc-player-journey	END	1788492614449
REQUEST		Spin	1788492614448	1788492614460	OK	 
REQUEST		Spin	1788492614449	1788492614460	OK	 
REQUEST		Spin	1788492614614	1788492614660	OK	 
USER	naga777-grpc-player-journey	END	1788492614784
REQUEST		Spin	1788492614785	1788492614802	OK	 
REQUEST		Spin	1788492614782	1788492614802	OK	 
REQUEST		Spin	1788492614863	1788492614872	OK	 
USER	naga777-grpc-player-journey	END	1788492615144
REQUEST		Spin	1788492615136	1788492615152	OK	 
REQUEST		Spin	1788492615138	1788492615152	OK	 
REQUEST		Spin	1788492615135	1788492615152	OK	 
REQUEST		Spin	1788492615389	1788492615409	OK	 
USER	naga777-grpc-player-journey	END	1788492615453
REQUEST		Spin	1788492615450	1788492615460	OK	 
REQUEST		Spin	1788492615467	1788492615477	OK	 
REQUEST		Spin	1788492615633	1788492615654	OK	 
USER	naga777-grpc-player-journey	END	1788492615790
REQUEST		Spin	1788492615793	1788492615806	OK	 
REQUEST		Spin	1788492615793	1788492615809	OK	 
REQUEST		Spin	1788492615856	1788492615863	OK	 
USER	naga777-grpc-player-journey	END	1788492616126
REQUEST		Spin	1788492616127	1788492616140	OK	 
REQUEST		Spin	1788492616140	1788492616148	OK	 
REQUEST		Spin	1788492616176	1788492616187	OK	 
USER	naga777-grpc-player-journey	END	1788492616392
REQUEST		Spin	1788492616370	1788492616393	OK	 
REQUEST		Spin	1788492616444	1788492616460	OK	 
REQUEST		Spin	1788492616453	1788492616465	OK	 
USER	naga777-grpc-player-journey	END	1788492616629
REQUEST		Spin	1788492616625	1788492616651	OK	 
REQUEST		Spin	1788492616783	1788492616802	OK	 
REQUEST		Spin	1788492616793	1788492616805	OK	 
USER	naga777-grpc-player-journey	END	1788492616869
REQUEST		Spin	1788492616863	1788492616880	OK	 
USER	naga777-grpc-player-journey	END	1788492617140
REQUEST		Spin	1788492617127	1788492617152	OK	 
REQUEST		Spin	1788492617127	1788492617152	OK	 
REQUEST		Spin	1788492617381	1788492617403	OK	 
USER	naga777-grpc-player-journey	END	1788492617441
REQUEST		Spin	1788492617445	1788492617460	OK	 
REQUEST		Spin	1788492617613	1788492617621	OK	 
USER	naga777-grpc-player-journey	END	1788492617787
REQUEST		Spin	1788492617804	1788492617818	OK	 
REQUEST		Spin	1788492617867	1788492617879	OK	 
USER	naga777-grpc-player-journey	END	1788492618149
REQUEST		Spin	1788492618130	1788492618149	OK	 
REQUEST		Spin	1788492618135	1788492618149	OK	 
REQUEST		Spin	1788492618395	1788492618416	OK	 
USER	naga777-grpc-player-journey	END	1788492618449
REQUEST		Spin	1788492618446	1788492618461	OK	 
REQUEST		Spin	1788492618643	1788492618663	OK	 
USER	naga777-grpc-player-journey	END	1788492618788
REQUEST		Spin	1788492618782	1788492618803	OK	 
REQUEST		Spin	1788492618868	1788492618887	OK	 
REQUEST		Spin	1788492619133	1788492619151	OK	 
REQUEST		Spin	1788492619133	1788492619151	OK	 
USER	naga777-grpc-player-journey	END	1788492619159
USER	naga777-grpc-player-journey	END	1788492619399
REQUEST		Spin	1788492619454	1788492619470	OK	 
REQUEST		Spin	1788492619450	1788492619470	OK	 
USER	naga777-grpc-player-journey	END	1788492619616
REQUEST		Spin	1788492619786	1788492619805	OK	 
REQUEST		Spin	1788492619783	1788492619805	OK	 
USER	naga777-grpc-player-journey	END	1788492619865
USER	naga777-grpc-player-journey	END	1788492620138
REQUEST		Spin	1788492620136	1788492620156	OK	 
REQUEST		Spin	1788492620140	1788492620156	OK	 
REQUEST		Spin	1788492620390	1788492620410	OK	 
USER	naga777-grpc-player-journey	END	1788492620452
REQUEST		Spin	1788492620468	1788492620485	OK	 
REQUEST		Spin	1788492620634	1788492620653	OK	 
USER	naga777-grpc-player-journey	END	1788492620794
REQUEST		Spin	1788492620794	1788492620810	OK	 
REQUEST		Spin	1788492620857	1788492620877	OK	 
USER	naga777-grpc-player-journey	END	1788492621128
REQUEST		Spin	1788492621142	1788492621162	OK	 
REQUEST		Spin	1788492621177	1788492621207	OK	 
REQUEST		Spin	1788492621371	1788492621379	OK	 
USER	naga777-grpc-player-journey	END	1788492621454
REQUEST		Spin	1788492621445	1788492621455	OK	 
REQUEST		Spin	1788492621627	1788492621646	OK	 
USER	naga777-grpc-player-journey	END	1788492621784
REQUEST		Spin	1788492621794	1788492621815	OK	 
REQUEST		Spin	1788492621865	1788492621879	OK	 
USER	naga777-grpc-player-journey	END	1788492622128
REQUEST		Spin	1788492622128	1788492622145	OK	 
USER	naga777-grpc-player-journey	END	1788492622382
REQUEST		Spin	1788492622445	1788492622462	OK	 
USER	naga777-grpc-player-journey	END	1788492622614
REQUEST		Spin	1788492622805	1788492622824	OK	 
USER	naga777-grpc-player-journey	END	1788492622868
USER	naga777-grpc-player-journey	END	1788492623136
REQUEST		Spin	1788492623131	1788492623148	OK	 
REQUEST		Spin	1788492623396	1788492623412	OK	 
USER	naga777-grpc-player-journey	END	1788492623447
REQUEST		Spin	1788492623645	1788492623660	OK	 
USER	naga777-grpc-player-journey	END	1788492623784
REQUEST		Spin	1788492623870	1788492623883	OK	 
USER	naga777-grpc-player-journey	END	1788492624135
REQUEST		Spin	1788492624134	1788492624153	OK	 
USER	naga777-grpc-player-journey	END	1788492624451
REQUEST		Spin	1788492624455	1788492624476	OK	 
USER	naga777-grpc-player-journey	END	1788492624784
REQUEST		Spin	1788492624788	1788492624806	OK	 
USER	naga777-grpc-player-journey	END	1788492625141
REQUEST		Spin	1788492625136	1788492625159	OK	 
USER	naga777-grpc-player-journey	END	1788492625392
REQUEST		Spin	1788492625469	1788492625490	OK	 
USER	naga777-grpc-player-journey	END	1788492625635
REQUEST		Spin	1788492625796	1788492625820	OK	 
USER	naga777-grpc-player-journey	END	1788492625858
USER	naga777-grpc-player-journey	END	1788492626144
REQUEST		Spin	1788492626178	1788492626205	OK	 
REQUEST		Spin	1788492626371	1788492626380	OK	 
USER	naga777-grpc-player-journey	END	1788492626446
REQUEST		Spin	1788492626629	1788492626643	OK	 
USER	naga777-grpc-player-journey	END	1788492626795
REQUEST		Spin	1788492626865	1788492626887	OK	 
USER	naga777-grpc-player-journey	END	1788492627130
USER	naga777-grpc-player-journey	END	1788492627446
USER	naga777-grpc-player-journey	END	1788492627806
USER	naga777-grpc-player-journey	END	1788492628132
USER	naga777-grpc-player-journey	END	1788492628396
USER	naga777-grpc-player-journey	END	1788492628647
USER	naga777-grpc-player-journey	END	1788492628873
USER	naga777-grpc-player-journey	END	1788492629136
USER	naga777-grpc-player-journey	END	1788492629456
USER	naga777-grpc-player-journey	END	1788492629790
USER	naga777-grpc-player-journey	END	1788492630136
USER	naga777-grpc-player-journey	END	1788492630470
USER	naga777-grpc-player-journey	END	1788492630796
USER	naga777-grpc-player-journey	END	1788492631179
USER	naga777-grpc-player-journey	END	1788492631372
USER	naga777-grpc-player-journey	END	1788492631630
USER	naga777-grpc-player-journey	END	1788492631866
